거나,0,0,0,Ending,語尾,接続形,*,1接続,거나03,거나,*,*,*,EC
거늘,0,0,0,Ending,語尾,接続形,*,1接続,거늘,거늘,*,*,*,EC
거니,0,0,0,Ending,語尾,終止形,*,1接続,거니02,거니,*,*,*,EF
거니,0,0,0,Ending,語尾,接続形,*,1接続,거니02,거니,*,*,*,EC
거니와,0,0,0,Ending,語尾,接続形,*,1接続,거니와,거니와,*,*,*,EC
거든,0,0,0,Ending,語尾,接続形,*,1接続,거든02,거든,*,*,*,EC
거든,0,0,0,Ending,語尾,終止形,*,1接続,거든02,거든,*,*,*,EF
거든요,0,0,0,Ending,語尾,終止形,*,1接続,거든요,거든요,*,"-거든02",*,EF
거라,0,0,0,Ending,語尾,終止形,*,1接続,거라,거라,*,*,*,EF
건,0,0,0,Ending,語尾,接続形,*,1接続,건08,건,*,"-거나",*,EC
건,0,0,0,Ending,語尾,接続形,*,1接続,건09,건,*,"-거든",*,EC
건대,0,0,0,Ending,語尾,接続形,*,1接続,건대03,건대,*,*,*,EC
컨대,0,0,0,Ending,語尾,接続形,*,1接続,건대03,컨대,*,하다融合,*,EC
건마는,0,0,0,Ending,語尾,接続形,*,1接続,건마는,건마는,*,*,*,EC
건만,0,0,0,Ending,語尾,接続形,*,1接続,건만,건만,*,*,*,EC
걸랑,0,0,0,Ending,語尾,終止形,*,1接続,걸랑02,걸랑,*,거들랑,*,EF
걸랑요,0,0,0,Ending,語尾,終止形,*,1接続,걸랑요,걸랑요,*,"-걸랑02",*,EF
걸랑,0,0,0,Ending,語尾,接続形,*,1接続,걸랑02,걸랑,*,거들랑,*,EC
게,0,0,0,Ending,語尾,接続形,*,1接続,게08,게,*,*,*,EC
케,0,0,0,Ending,語尾,接続形,*,名詞接続,게08,케,*,하다融合,*,EC
게,0,0,0,Ending,語尾,終止形,*,1接続,게09,게,*,*,*,EF
게끔,0,0,0,Ending,語尾,接続形,*,1接続,게끔,게끔,*,*,*,EC
게요,0,0,0,Ending,語尾,終止形,*,1接続,게요,게요,*,"-게09",*,EF
고,0,0,0,Ending,語尾,接続形,*,1接続,고25,고,*,*,*,EC
고,0,0,0,Ending,語尾,終止形,*,1接続,고25,고,*,*,*,EF
고는,0,0,0,Ending,語尾,接続形,*,1接続,고는01,고는,*,"-고는 하다",*,EC
고는,0,0,0,Ending,語尾,接続形,*,1接続,고는02,고는,*,"그는 남에게 빚지고는 못 배기는 성미였다.",*,EC
고도,0,0,0,Ending,語尾,接続形,*,1接続,고도12,고도,*,*,*,EC
고라도,0,0,0,Ending,語尾,接続形,*,1接続,고라도,고라도,*,*,*,EC
고서,0,0,0,Ending,語尾,接続形,*,1接続,고서03,고서,*,*,*,EC
고자,0,0,0,Ending,語尾,接続形,*,1接続,고자11,고자,*,*,*,EC
고픈,0,0,0,Ending,語尾,連体形,*,1接続,고픈,고픈,*,*,*,ETM
곤,0,0,0,Ending,語尾,接続形,*,1接続,곤09,곤,*,"-고는01",*,EC
곤,0,0,0,Ending,語尾,接続形,*,1接続,곤10,곤,*,"-고는02",*,EC
곤,0,0,0,Ending,語尾,接続形,*,1接続,곤11,곤,*,"-고+-는",*,EC
구,0,0,0,Ending,語尾,接続形,*,1接続,구,구,*,"-고25",*,EC
구,0,0,0,Ending,語尾,終止形,*,1接続,구,구,*,"-고25",*,EF
구나,0,0,0,Ending,語尾,終止形,*,1接続,구나03,구나,*,*,*,EF
구도,0,0,0,Ending,語尾,接続形,*,1接続,구도80,구도,*,"-고도12",*,EC
구만,0,0,0,Ending,語尾,終止形,*,1接続,구만02,구만,*,"→ -구먼",*,EF
구만요,0,0,0,Ending,語尾,終止形,*,1接続,구만요,구만요,*,"-구만02",*,EF
구먼,0,0,0,Ending,語尾,終止形,*,1接続,구먼,구먼,*,"‘-군’의 본말.",*,EF
구먼요,0,0,0,Ending,語尾,終止形,*,1接続,구먼요,구먼요,*,"-구먼",*,EF
군,0,0,0,Ending,語尾,終止形,*,1接続,군09,군,*,*,*,EF
군요,0,0,0,Ending,語尾,終止形,*,1接続,군요,군요,*,"-군09",*,EF
기,0,0,0,Ending,語尾,名詞形成,*,1接続,기34,기,*,*,*,ETN
키,0,0,0,Ending,語尾,名詞形成,*,1接続,기34,키,*,하다融合,*,ETN
기에,0,0,0,Ending,語尾,接続形,*,1接続,기에,기에,*,*,*,EC
길래,0,0,0,Ending,語尾,接続形,*,1接続,길래02,길래,*,*,*,EC
나,0,0,0,Ending,語尾,接続形,*,2接続,나10,나,*,*,*,EC
나,0,0,0,Ending,語尾,終止形,*,1接続,나11,나,*,*,*,EF
나,0,0,0,Ending,語尾,接続形,*,1接続,나11,나,*,*,*,EC
나요,0,0,0,Ending,語尾,終止形,*,1接続,나요,나요,*,"-나11",*,EF
나마,0,0,0,Ending,語尾,接続形,*,2接続,나마08,나마,*,*,*,EC
나이다,0,0,0,Ending,語尾,終止形,*,1接続,나이다,나이다,*,*,*,EF
냐,0,0,0,Ending,語尾,終止形,*,1接続,냐,냐,*,*,*,EF
냐,0,0,0,Ending,語尾,接続形,*,1接続,냐,냐,*,*,*,EC
냐,0,0,0,Ending,語尾,終止形,*,2接続,냐,냐,*,*,*,EF
냐고,0,0,0,Ending,語尾,接続形,*,1接続,냐고02,냐고,*,疑問引用,*,EC
냐고,0,0,0,Ending,語尾,接続形,*,2接続,냐고02,냐고,*,疑問引用,*,EC
냐고,0,0,0,Ending,語尾,終止形,*,2接続,냐고01,냐고,*,"혼자 여행 가도 괜찮겠지? 괜찮겠냐고?; 나더러 슬프냐고?",*,EF
냐구,0,0,0,Ending,語尾,終止形,*,2接続,냐구80,냐구,*,"-냐고01",*,EF
냐는,0,0,0,Ending,語尾,連体形,*,1接続,냐는,냐는,*,"-냐고 하는",*,ETM
냐는데,0,0,0,Ending,語尾,接続形,*,1接続,냐는데,냐는데,*,*,*,EC
냐니까,0,0,0,Ending,語尾,終止形,*,1接続,냐니까,냐니까,*,"-냐고 하니까",*,EF
냔,0,0,0,Ending,語尾,連体形,*,1接続,냔,냔,*,"-냐고 하는/-냐고 한",*,ETM
냬,0,0,0,Ending,語尾,終止形,*,1接続,냬,냬,*,"-냐고 해",*,EF
냬요,0,0,0,Ending,語尾,終止形,*,1接続,냬요,냬요,*,"-냐고 해요",*,EF
너라,0,0,0,Ending,語尾,終止形,*,1接続,너라,너라,*,*,*,EF
네,0,0,0,Ending,語尾,終止形,*,1接続,네05,네,*,*,*,EF
네요,0,0,0,Ending,語尾,終止形,*,1接続,네요,네요,*,"-네05",*,EF
노라는,0,0,0,Ending,語尾,連体形,*,1接続,노라는,노라는,*,*,*,ETM
노라니,0,0,0,Ending,語尾,接続形,*,1接続,노라니,노라니,*,*,*,EC
노라면,0,0,0,Ending,語尾,接続形,*,1接続,노라면,노라면,*,*,*,EC
누나,0,0,0,Ending,語尾,終止形,*,1接続,누나02,누나,*,*,*,EF
누만,0,0,0,Ending,語尾,終止形,*,1接続,누만02,누만,*,"-누먼",*,EF
누먼,0,0,0,Ending,語尾,終止形,*,1接続,누먼,누먼,*,*,*,EF
느냐,0,0,0,Ending,語尾,終止形,*,1接続,느냐,느냐,*,*,*,EF
느냐,0,0,0,Ending,語尾,接続形,*,1接続,느냐,느냐,*,*,*,EC
느냐고,0,0,0,Ending,語尾,終止形,*,1接続,느냐고01,느냐고,*,*,*,EF
느냐고,0,0,0,Ending,語尾,接続形,*,1接続,느냐고02,느냐고,*,"-느냐(어미)+고(인용)",*,EC
느냐는,0,0,0,Ending,語尾,連体形,*,1接続,느냐는,느냐는,*,"-느냐고 하는",*,ETM
느냐는데,0,0,0,Ending,語尾,接続形,*,1接続,느냐는데,느냐는데,*,*,*,EC
느냐니까,0,0,0,Ending,語尾,終止形,*,1接続,느냐니까,느냐니까,*,"-느냐고 하니까",*,EF
느냐며,0,0,0,Ending,語尾,接続形,*,1接続,느냐며,느냐며,*,"-느냐면서",*,EC
느냔,0,0,0,Ending,語尾,連体形,*,1接続,느냔,느냔,*,"-느냐는/-느냐고 한",*,ETM
느냬,0,0,0,Ending,語尾,終止形,*,1接続,느냬,느냬,*,"-느냐고 해",*,EF
느냬요,0,0,0,Ending,語尾,終止形,*,1接続,느냬요,느냬요,*,"-느냐고 해요",*,EF
느니,0,0,0,Ending,語尾,接続形,*,1接続,느니01,느니,*,"타향에서 고생하느니 고향으로 돌아가자.",*,EC
느니,0,0,0,Ending,語尾,接続形,*,1接続,느니02,느니,*,"돈이 있느니 없느니 하면서 시끄럽다.",*,EC
느니,0,0,0,Ending,語尾,終止形,*,1接続,느니03,느니,*,"술은 많이 마시면 실수를 하느니.",*,EC
느니라,0,0,0,Ending,語尾,終止形,*,1接続,느니라,느니라,*,"말이 많으면 실수가 있느니라.",*,EF
느니만큼,0,0,0,Ending,語尾,接続形,*,1接続,느니만큼,느니만큼,*,*,*,EC
느니만치,0,0,0,Ending,語尾,接続形,*,1接続,느니만치,느니만치,*,"-느니만큼",*,EC
느라,0,0,0,Ending,語尾,接続形,*,1接続,느라,느라,*,느라고,*,EC
느라고,0,0,0,Ending,語尾,接続形,*,1接続,느라고,느라고,*,*,*,EC
느라니,0,0,0,Ending,語尾,接続形,*,1接続,느라니,느라니,*,"-노라니",*,EC
느라면,0,0,0,Ending,語尾,接続形,*,1接続,느라면,느라면,*,"-노라면",*,EC
는,0,0,0,Ending,語尾,連体形,*,1接続,는03,는,*,*,*,ETM
는가,0,0,0,Ending,語尾,終止形,*,1接続,는가,는가,*,*,*,EF
는가,0,0,0,Ending,語尾,接続形,*,1接続,는가,는가,*,*,*,EC
는가요,0,0,0,Ending,語尾,終止形,*,1接続,는가요,는가요,*,"-는가",*,EF
는걸,0,0,0,Ending,語尾,終止形,*,1接続,는걸,는걸,*,*,*,EF
는걸요,0,0,0,Ending,語尾,終止形,*,1接続,는걸요,는걸요,*,"-는걸",*,EF
는구나,0,0,0,Ending,語尾,終止形,*,1接続,는구나,는구나,*,*,*,EF
는구려,0,0,0,Ending,語尾,終止形,*,1接続,는구려,는구려,*,*,*,EF
는구만,0,0,0,Ending,語尾,終止形,*,1接続,는구만,는구만,*,"-는구먼",*,EF
는구만요,0,0,0,Ending,語尾,終止形,*,1接続,는구만요,는구만요,*,"-는구만",*,EF
는구먼,0,0,0,Ending,語尾,終止形,*,1接続,는구먼,는구먼,*,*,*,EF
는구먼요,0,0,0,Ending,語尾,終止形,*,1接続,는구먼요,는구먼요,*,"-는구먼",*,EF
는군,0,0,0,Ending,語尾,終止形,*,1接続,는군,는군,*,*,*,EF
는군요,0,0,0,Ending,語尾,終止形,*,1接続,는군요,는군요,*,"-는군",*,EF
는다,0,0,0,Ending,語尾,終止形,*,1接続,는다01,는다,*,*,*,EF
는다고,0,0,0,Ending,語尾,接続形,*,1接続,는다고03,는다고,*,"-는다(어미)+고(인용)",*,EC
는다고,0,0,0,Ending,語尾,接続形,*,1接続,는다고01,는다고,*,"동생은 책 읽는다고 텔레비전을 꺼 버렸다.",*,EC
는다고,0,0,0,Ending,語尾,接続形,*,1接続,는다고02,는다고,*,"전화 끊는다. 전화 끊는다고!",*,EC
는다나,0,0,0,Ending,語尾,終止形,*,1接続,는다나,는다나,*,*,*,EF
는다는,0,0,0,Ending,語尾,連体形,*,1接続,는다는,는다는,*,"-는다고 하는",*,ETM
는다는데,0,0,0,Ending,語尾,接続形,*,1接続,는다는데,는다는데,*,*,*,EC
는다니까,0,0,0,Ending,語尾,接続形,*,1接続,는다니까,는다니까,*,"-는다고 하니까",*,EF
는다니까,0,0,0,Ending,語尾,終止形,*,1接続,는다니까,는다니까,*,"저 사람은 내 말은 믿지를 않는다니까.",*,EF
는다며,0,0,0,Ending,語尾,接続形,*,1接続,는다며,는다며,*,"-는다고 하면서",*,EC
는다며,0,0,0,Ending,語尾,終止形,*,1接続,는다며,는다며,*,"-는다면서",*,EF
는다면,0,0,0,Ending,語尾,接続形,*,1接続,는다면,는다면,*,"나도 너처럼 시를 잘 짓는다면 좋겠다.;-는다고 하면",*,EC
는다면서,0,0,0,Ending,語尾,接続形,*,1接続,는다면서,는다면서,*,"-는다고 했으면서;-는다고 하면서",*,EC
는다면서,0,0,0,Ending,語尾,終止形,*,1接続,는다면서,는다면서,*,"네가 그렇게 시를 잘 짓는다면서?",*,EF
는단,0,0,0,Ending,語尾,連体形,*,1接続,는단,는단,*,*,*,ETM
는단다,0,0,0,Ending,語尾,終止形,*,1接続,는단다,는단다,*,"누에는 뽕잎을 먹는단다.;-는다고 한다",*,EF
는담,0,0,0,Ending,語尾,終止形,*,1接続,는담,는담,*,"-는단 말인가",*,EF
는답니까,0,0,0,Ending,語尾,終止形,*,1接続,는답니까,는답니까,*,"이 많은 책을 언제 읽는답니까?;-는다고 합니까",*,EF
는답니다,0,0,0,Ending,語尾,終止形,*,1接続,는답니다,는답니다,*,"몸이 좀 나아져서 오늘부터 밥을 먹는답니다.;-는다고 합니다",*,EF
는답시고,0,0,0,Ending,語尾,接続形,*,1接続,는답시고,는답시고,*,*,*,EC
는대,0,0,0,Ending,語尾,終止形,*,1接続,는대,는대,*,"이 많은 책을 언제 읽는대?;-는다고 해",*,EF
는대요,0,0,0,Ending,語尾,終止形,*,1接続,는대요,는대요,*,"-는대",*,EF
는데,0,0,0,Ending,語尾,接続形,*,1接続,는데,는데,*,*,*,EC
는데,0,0,0,Ending,語尾,終止形,*,1接続,는데,는데,*,*,*,EF
는데요,0,0,0,Ending,語尾,終止形,*,1接続,는데요,는데요,*,*,*,EF
는지,0,0,0,Ending,語尾,接続形,*,1接続,는지,는지,*,*,*,EC
는지,0,0,0,Ending,語尾,終止形,*,1接続,는지,는지,*,*,*,EF
는지요,0,0,0,Ending,語尾,終止形,*,1接続,는지요,는지요,*,"-는지",*,EF
는지라,0,0,0,Ending,語尾,接続形,*,1接続,는지라,는지라,*,*,*,EC
니,0,0,0,Ending,語尾,接続形,*,2接続,니02,니,*,"-니까",*,EC
니,0,0,0,Ending,語尾,終止形,*,2接続,니02,니,*,"-니까",*,EF
니,0,0,0,Ending,語尾,接続形,*,2接続,니03,니,*,"아프니 슬프니 하면서 능청을 떤다.: -느니/-(으)니",*,EC
니,0,0,0,Ending,語尾,終止形,*,1接続,니05,니,*,"너는 밥을 먹었니?",*,EF
니,0,0,0,Ending,語尾,終止形,*,2接続,니05,니,*,"형용사:아빠보다 엄마가 더 좋으니?",*,EF
니까,0,0,0,Ending,語尾,接続形,*,2接続,니까,니까,*,*,*,EC
니까,0,0,0,Ending,語尾,終止形,*,2接続,니까,니까,*,*,*,EF
니까요,0,0,0,Ending,語尾,終止形,*,2接続,니까요,니까요,*,"-니까",*,EF
니만큼,0,0,0,Ending,語尾,接続形,*,2接続,니만큼,니만큼,*,*,*,EC
니만치,0,0,0,Ending,語尾,接続形,*,2接続,니만치,니만치,*,"-니만큼",*,EC
다,0,0,0,Ending,語尾,接続形,*,1接続,다07,다,*,"-다가03",*,EC
다,0,0,0,Ending,語尾,接続形,*,3接続,다80,다,*,"-아다가/어다가",*,EC
다,0,0,0,Ending,語尾,終止形,*,1接続,다06,다,*,*,*,EF
다,0,0,0,Ending,語尾,接続形,*,1接続,다06,다,*,*,*,EC
다가,0,0,0,Ending,語尾,接続形,*,1接続,다가03,다가,*,*,*,EC
다가,0,0,0,Ending,語尾,接続形,*,3接続,다가80,다가,*,"-아다가/어다가",*,EC
다가는,0,0,0,Ending,語尾,接続形,*,1接続,다가는,다가는,*,*,*,EC
다간,0,0,0,Ending,語尾,接続形,*,1接続,다간02,다간,*,"-다가는",*,EC
다고,0,0,0,Ending,語尾,接続形,*,1接続,다고04,다고,*,"-다(어미)+고(인용)",*,EC
다고,0,0,0,Ending,語尾,終止形,*,1接続,다고04,다고,*,"-다고04",*,EF
다고,0,0,0,Ending,語尾,接続形,*,1接続,다고02,다고,*,"그 녀석 선생님한테 야단을 맞았다고 학교엘 안 가겠답니다.",*,EC
다고,0,0,0,Ending,語尾,終止形,*,1接続,다고03,다고,*,"내가 너를 얼마나 기다렸다고.",*,EF
다고요,0,0,0,Ending,語尾,終止形,*,1接続,다고요80,다고요,*,"-다고03:내가 너를 얼마나 기다렸다고.",*,EF
다구,0,0,0,Ending,語尾,接続形,*,1接続,다구81,다구,*,"-다고04:-다(어미)+고(인용)",*,EC
다구,0,0,0,Ending,語尾,終止形,*,1接続,다구81,다구,*,"-다구81",*,EF
다구,0,0,0,Ending,語尾,終止形,*,1接続,다구80,다구,*,"-다고03:내가 너를 얼마나 기다렸다고.",*,EF
다구요,0,0,0,Ending,語尾,終止形,*,1接続,다구요80,다구요,*,"-다구80",*,EF
다기,0,0,0,Ending,語尾,名詞形成,*,1接続,다기80,다기,*,*,*,ETN
다나,0,0,0,Ending,語尾,終止形,*,1接続,다나,다나,*,*,*,EF
다는,0,0,0,Ending,語尾,連体形,*,1接続,다는,다는,*,*,*,ETM
다는데,0,0,0,Ending,語尾,接続形,*,1接続,다는데,다는데,*,*,*,EC
다는데,0,0,0,Ending,語尾,終止形,*,1接続,다는데,다는데,*,*,*,EF
다니,0,0,0,Ending,語尾,終止形,*,1接続,다니01,다니,*,"서울이 이렇게 번화하다니. 참 대단하구나.",*,EF
다니,0,0,0,Ending,語尾,終止形,*,1接続,다니02,다니,*,"입춘이 지났는데 왜 이렇게 춥다니?",*,EF
다니,0,0,0,Ending,語尾,接続形,*,1接続,다니01,다니,*,"-다고 하다니;-다고 하니",*,EC
다니까,0,0,0,Ending,語尾,終止形,*,1接続,다니까,다니까,*,"저 사람은 술만 마시면 저렇다니까.",*,EF
다니까,0,0,0,Ending,語尾,接続形,*,1接続,다니까,다니까,*,"-다고 하니까",*,EC
다더니,0,0,0,Ending,語尾,接続形,*,1接続,다더니80,다더니,*,"-다고 하더니",*,EC
다던,0,0,0,Ending,語尾,連体形,*,1接続,다던80,다던,*,*,*,ETM
다던데,0,0,0,Ending,語尾,接続形,*,1接続,다던데80,다던데,*,"-다고 하던데",*,EC
다든가,0,0,0,Ending,語尾,接続形,*,1接続,다든가80,다든가,*,*,*,EC
다며,0,0,0,Ending,語尾,接続形,*,1接続,다며,다며,*,"-다고 했으면서;-다고 하면서",*,EC
다며,0,0,0,Ending,語尾,終止形,*,1接続,다며,다며,*,"-다면서",*,EF
다면,0,0,0,Ending,語尾,接続形,*,1接続,다면02,다면,*,*,*,EC
다면,0,0,0,Ending,語尾,終止形,*,1接続,다면02,다면,*,*,*,EF
다면서,0,0,0,Ending,語尾,接続形,*,1接続,다면서,다면서,*,"-다고 했으면서;-다고 하면서",*,EC
다면서,0,0,0,Ending,語尾,終止形,*,1接続,다면서,다면서,*,"그 집 요새 형편이 퍽 좋다면서?",*,EF
다면서요,0,0,0,Ending,語尾,終止形,*,1接続,다면서요,다면서요,*,"-다면서:그 집 요새 형편이 퍽 좋다면서?",*,EF
다시피,0,0,0,Ending,語尾,接続形,*,1接続,다시피,다시피,*,*,*,EC
다지,0,0,0,Ending,語尾,終止形,*,1接続,다지02,다지,*,"내일은 날씨가 춥다지.;-다고 하지(그랬어)",*,EF
다지만,0,0,0,Ending,語尾,接続形,*,1接続,다지만80,다지만,*,*,*,EC
다지요,0,0,0,Ending,語尾,終止形,*,1接続,다지요,다지요,*,"-다지02",*,EF
단,0,0,0,Ending,語尾,連体形,*,1接続,단22,단,*,"-다는;-다고 한",*,ETM
단,0,0,0,Ending,語尾,接続形,*,1接続,단19,단,*,"-다가는",*,EC
단다,0,0,0,Ending,語尾,終止形,*,1接続,단다,단다,*,*,*,EF
달,0,0,0,Ending,語尾,連体形,*,1接続,달08,달,*,"-다고 할",*,ETM
담,0,0,0,Ending,語尾,終止形,*,1接続,담12,담,*,"-단 말인가",*,EF
답니까,0,0,0,Ending,語尾,終止形,*,1接続,답니까,답니까,*,"입춘이 지났는데 왜 이렇게 춥답니까?;-다고 합니까",*,EF
답니다,0,0,0,Ending,語尾,終止形,*,1接続,답니다,답니다,*,"저는 아주 건강하답니다.;-다고 합니다",*,EF
대,0,0,0,Ending,語尾,終止形,*,1接続,대17,대,*,"왜 이렇게 일이 많대?;-다고 해",*,EF
대요,0,0,0,Ending,語尾,終止形,*,1接続,대요,대요,*,"-대17",*,EF
더구나,0,0,0,Ending,語尾,終止形,*,1接続,더구나02,더구나,*,*,*,EF
더구만,0,0,0,Ending,語尾,終止形,*,1接続,더구만,더구만,*,"-더구먼",*,EF
더구만요,0,0,0,Ending,語尾,終止形,*,1接続,더구만요,더구만요,*,"-더구만",*,EF
더구먼,0,0,0,Ending,語尾,終止形,*,1接続,더구먼,더구먼,*,*,*,EF
더구먼요,0,0,0,Ending,語尾,終止形,*,1接続,더구먼요,더구먼요,*,"-더구먼",*,EF
더군,0,0,0,Ending,語尾,終止形,*,1接続,더군,더군,*,*,*,EF
더군요,0,0,0,Ending,語尾,終止形,*,1接続,더군요,더군요,*,"-더군",*,EF
더니,0,0,0,Ending,語尾,接続形,*,1接続,더니01,더니,*,*,*,EC
더니마는,0,0,0,Ending,語尾,接続形,*,1接続,더니마는,더니마는,*,*,*,EC
더니만,0,0,0,Ending,語尾,接続形,*,1接続,더니만,더니만,*,"-더니마는",*,EC
더라,0,0,0,Ending,語尾,終止形,*,1接続,더라,더라,*,*,*,EF
더라고,0,0,0,Ending,語尾,接続形,*,1接続,더라고,더라고,*,"-더라(어미)+고(인용)",*,EF
더라는,0,0,0,Ending,語尾,連体形,*,1接続,더라는,더라는,*,*,*,ETM
더라도,0,0,0,Ending,語尾,接続形,*,1接続,더라도,더라도,*,*,*,EC
더라며,0,0,0,Ending,語尾,接続形,*,1接続,더라며,더라며,*,"-더라고 했으면서;-더라고 하면서",*,EC
더라며,0,0,0,Ending,語尾,終止形,*,1接続,더라며,더라며,*,"-더라면서",*,EF
더라면,0,0,0,Ending,語尾,接続形,*,1接続,더라면,더라면,*,*,*,EC
더라면서,0,0,0,Ending,語尾,接続形,*,1接続,더라면서,더라면서,*,"-더라고 했으면서;-더라고 하면서",*,EC
더라면서,0,0,0,Ending,語尾,終止形,*,1接続,더라면서,더라면서,*,"그 사람이 마음에 들더라면서?",*,EF
던,0,0,0,Ending,語尾,連体形,*,1接続,던02,던,*,*,*,ETM
던,0,0,0,Ending,語尾,終止形,*,1接続,던03,던,*,"‘-더냐’보다 더 친근하게 쓰는 말이다.",*,EF
던가,0,0,0,Ending,語尾,終止形,*,1接続,던가,던가,*,*,*,EF
던가요,0,0,0,Ending,語尾,終止形,*,1接続,던가요,던가요,*,"-던가",*,EF
던데,0,0,0,Ending,語尾,接続形,*,1接続,던데,던데,*,*,*,EC
던데,0,0,0,Ending,語尾,終止形,*,1接続,던데,던데,*,*,*,EF
던데요,0,0,0,Ending,語尾,終止形,*,1接続,던데요,던데요,*,"-던데",*,EF
던들,0,0,0,Ending,語尾,接続形,*,1接続,던들,던들,*,*,*,EC
던지,0,0,0,Ending,語尾,接続形,*,1接続,던지,던지,*,*,*,EC
던지,0,0,0,Ending,語尾,終止形,*,1接続,던지,던지,*,*,*,EF
던지라,0,0,0,Ending,語尾,接続形,*,1接続,던지라,던지라,*,*,*,EC
도,0,0,0,Ending,語尾,接続形,*,3接続,도82,도,*,"-아도/어도",*,EC
도다,0,0,0,Ending,語尾,終止形,*,1接続,도다,도다,*,*,*,EF
도록,0,0,0,Ending,語尾,接続形,*,1接続,도록05,도록,*,*,*,EC
토록,0,0,0,Ending,語尾,接続形,*,名詞接続,도록05,토록,*,하다融合,*,EC
도록,0,0,0,Ending,語尾,終止形,*,1接続,도록05,도록,*,*,*,EF
되,0,0,0,Ending,語尾,接続形,*,1接続,되,되,*,*,*,EC
되,0,0,0,Ending,語尾,接続形,*,2接続,되,되,*,*,*,EC
두,0,0,0,Ending,語尾,接続形,*,3接続,두80,두,*,"-도82:-아도/어도",*,EC
드라,0,0,0,Ending,語尾,終止形,*,1接続,드라,드라,*,"←-더라",*,EF
든,0,0,0,Ending,語尾,接続形,*,1接続,든02,든,*,"-든지02",*,EC
든가,0,0,0,Ending,語尾,接続形,*,1接続,든가02,든가,*,"-든지02",*,EC
든가,0,0,0,Ending,語尾,終止形,*,1接続,든가03,든가,*,"-던가",*,EF
든지,0,0,0,Ending,語尾,接続形,*,1接続,든지02,든지,*,"집에 가든지 학교에 가든지 해라.",*,EC
듯,0,0,0,Ending,語尾,接続形,*,1接続,듯02,듯,*,"-듯이",*,EC
듯이,0,0,0,Ending,語尾,接続形,*,1接続,듯이02,듯이,*,*,*,EC
라,0,0,0,Ending,語尾,接続形,*,命令2接続,라08,라,*,*,*,EC
라,0,0,0,Ending,語尾,接続形,*,命令3接続,라81,라,*,"-아라/어라",*,EC
라,0,0,0,Ending,語尾,接続形,*,指定詞1接続,라06,라,*,*,*,EC
라,0,0,0,Ending,語尾,終止形,*,命令2接続,라08,라,*,*,*,EF
라,0,0,0,Ending,語尾,終止形,*,命令3接続,라81,라,*,"-아라/어라",*,EF
라,0,0,0,Ending,語尾,終止形,*,指定詞1接続,라07,라,*,*,*,EF
라고,0,0,0,Ending,語尾,接続形,*,指定詞1接続,라고06,라고,*,"-라(어미)+고(인용)",*,EC
라고,0,0,0,Ending,語尾,終止形,*,指定詞1接続,라고06,라고,*,"-라(어미)+고(인용)",*,EF
라고,0,0,0,Ending,語尾,接続形,*,命令2接続,라고06,라고,*,"-라(어미:명령)+고(인용)",*,EC
라고,0,0,0,Ending,語尾,接続形,*,指定詞1接続,라고03,라고,*,"서로 잘 아는 친구 사이라고 무례하게 대해서는 안 된다.",*,EC
라고,0,0,0,Ending,語尾,接続形,*,命令2接続,라고05,라고,*,"잠을 잘 자라고 아이 방의 조명을 어둡게 했다.",*,EC
라고,0,0,0,Ending,語尾,終止形,*,命令2接続,라고04,라고,*,"바쁘면 어서 가 보라고.",*,EF
라고,0,0,0,Ending,語尾,終止形,*,指定詞1接続,라고04,라고,*,"그 선생님이 얼마나 무서운 분이라고.",*,EF
라고요,0,0,0,Ending,語尾,終止形,*,命令2接続,라고요,라고요,*,"-라고04",*,EF
라고요,0,0,0,Ending,語尾,終止形,*,指定詞1接続,라고요,라고요,*,"-라고04",*,EF
라구,0,0,0,Ending,語尾,接続形,*,指定詞1接続,라구03,라구,*,"-라고06:-라(어미)+고(인용)",*,EC
라구,0,0,0,Ending,語尾,接続形,*,命令2接続,라구03,라구,*,"-라고06:-라(어미:명령)+고(인용)",*,EC
라구,0,0,0,Ending,語尾,終止形,*,命令2接続,라구02,라구,*,"-라고04:바쁘면 어서 가 보라고.",*,EF
라구,0,0,0,Ending,語尾,終止形,*,指定詞1接続,라구02,라구,*,"-라고04:그 선생님이 얼마나 무서운 분이라고.",*,EF
라구요,0,0,0,Ending,語尾,終止形,*,命令2接続,라구요,라구요,*,"-라구02",*,EF
라구요,0,0,0,Ending,語尾,終止形,*,指定詞1接続,라구요,라구요,*,"-라구02",*,EF
라기,0,0,0,Ending,語尾,名詞形成,*,指定詞1接続,라기80,라기,*,*,*,ETN
라나,0,0,0,Ending,語尾,終止形,*,指定詞1接続,라나,라나,*,*,*,EF
라나,0,0,0,Ending,語尾,終止形,*,命令2接続,라나,라나,*,*,*,EF
라네,0,0,0,Ending,語尾,終止形,*,指定詞1接続,라네,라네,*,"이것은 내 탓이라네.;-라고 하네",*,EF
라네,0,0,0,Ending,語尾,終止形,*,命令2接続,라네,라네,*,"-(으)라고 하네",*,EF
라는,0,0,0,Ending,語尾,連体形,*,命令2接続,라는,라는,*,命令,*,ETM
라는,0,0,0,Ending,語尾,連体形,*,指定詞1接続,라는,라는,*,"-(이)라고 하는",*,ETM
라는데,0,0,0,Ending,語尾,接続形,*,命令2接続,라는데80,라는데,*,命令引用,*,EC
라니,0,0,0,Ending,語尾,接続形,*,指定詞1接続,라니01,라니,*,"-라고 하다니;-라고 하니",*,EC
라니,0,0,0,Ending,語尾,接続形,*,命令2接続,라니01,라니,*,"-라(명령)고(인용) 하다니;-라고 하니",*,EC
라니,0,0,0,Ending,語尾,終止形,*,指定詞1接続,라니01,라니,*,"저런 인물이 우리 대표자라니.",*,EF
라니요,0,0,0,Ending,語尾,終止形,*,指定詞1接続,라니요80,라니요,*,"-라니01",*,EF
라니,0,0,0,Ending,語尾,終止形,*,指定詞1接続,라니02,라니,*,"결혼한다는 사람이 왜 하필 그런 애라니?;-라고 하니?:철수는 어떤 애라니?",*,EF
라니,0,0,0,Ending,語尾,終止形,*,命令2接続,라니02,라니,*,"-라(명령)고 하니?:주인이 너보고 이런 일을 하라니?",*,EF
라니요,0,0,0,Ending,語尾,終止形,*,指定詞1接続,라니요81,라니요,*,"-라니02",*,EF
라니요,0,0,0,Ending,語尾,終止形,*,命令2接続,라니요81,라니요,*,"-라니02",*,EF
라더니,0,0,0,Ending,語尾,接続形,*,指定詞1接続,라더니80,라더니,*,"~(이)라고 하더니",*,EC
라더니,0,0,0,Ending,語尾,終止形,*,指定詞1接続,라더니80,라더니,*,"~(이)라고 하더니",*,EF
라던,0,0,0,Ending,語尾,連体形,*,命令2接続,라던,라던,*,"-라(명령)고(인용) 하던",*,ETM
라던,0,0,0,Ending,語尾,連体形,*,指定詞1接続,라던,라던,*,"-라고(인용) 하던",*,ETM
라던데,0,0,0,Ending,語尾,接続形,*,指定詞1接続,라던데80,라던데,*,"-라고 하던데",*,EC
라도,0,0,0,Ending,語尾,接続形,*,指定詞1接続,라도02,라도,*,*,*,EC
라든가,0,0,0,Ending,語尾,接続形,*,指定詞1接続,라든가,라든가,*,*,*,EC
라며,0,0,0,Ending,語尾,接続形,*,命令2接続,라며,라며,*,"-라면서:-라(명령)고 했으면서;-라(명령)고 하면서",*,EC
라며,0,0,0,Ending,語尾,接続形,*,指定詞1接続,라며,라며,*,"-라면서:-라고 했으면서;-라고 하면서",*,EC
라며,0,0,0,Ending,語尾,終止形,*,命令2接続,라며,라며,*,"-라면서",*,EF
라며,0,0,0,Ending,語尾,終止形,*,指定詞1接続,라며,라며,*,"-라면서",*,EF
라면,0,0,0,Ending,語尾,接続形,*,指定詞1接続,라면02,라면,*,"내가 너라면 그런 일은 하지 않겠다.;-라고 하면",*,EC
라면,0,0,0,Ending,語尾,接続形,*,命令2接続,라면02,라면,*,"-라(명령)고 하면:그렇게 하라면 하지. 무슨 말이 많아?",*,EC
라면서,0,0,0,Ending,語尾,接続形,*,指定詞1接続,라면서,라면서,*,"-라고 했으면서;-라고 하면서",*,EC
라면서,0,0,0,Ending,語尾,接続形,*,命令2接続,라면서,라면서,*,"-라(명령)고 했으면서;-라(명령)고 하면서",*,EC
라면서,0,0,0,Ending,語尾,終止形,*,命令2接続,라면서,라면서,*,"언제는 가라면서?",*,EF
라면서,0,0,0,Ending,語尾,終止形,*,指定詞1接続,라면서,라면서,*,"또 언제는 자기 잘못이 아니라면서?",*,EF
라면서요,0,0,0,Ending,語尾,終止形,*,命令2接続,라면서요,라면서요,*,"-라면서",*,EF
라면서요,0,0,0,Ending,語尾,終止形,*,指定詞1接続,라면서요,라면서요,*,"-라면서",*,EF
라야,0,0,0,Ending,語尾,接続形,*,指定詞1接続,라야02,라야,*,*,*,EC
라오,0,0,0,Ending,語尾,終止形,*,指定詞1接続,라오,라오,*,"나도 나쁜 사람이 아니라오.;-라고 하오",*,EF
라오,0,0,0,Ending,語尾,終止形,*,命令2接続,라오,라오,*,"-(으)라고 하오",*,EF
라지,0,0,0,Ending,語尾,終止形,*,指定詞1接続,라지,라지,*,"저분이 학교 선생님이시라지?;-라고 하지:그건 네가 한 게 아니라지 그랬니?",*,EF
라지,0,0,0,Ending,語尾,終止形,*,命令2接続,라지,라지,*,"-라(명령)고 하지:동생이 거기에 가겠다고 그렇게 바라는데 가라지 그랬니?",*,EF
라지요,0,0,0,Ending,語尾,終止形,*,指定詞1接続,라지요,라지요,*,"-라지",*,EF
라지만,0,0,0,Ending,語尾,接続形,*,指定詞1接続,라지만80,라지만,*,*,*,EC
란,0,0,0,Ending,語尾,連体形,*,指定詞1接続,란05,란,*,"-라고 하는;-라고 한",*,ETM
란,0,0,0,Ending,語尾,連体形,*,命令2接続,란05,란,*,"-라(명령)고 하는;-라(명령)고 한",*,ETM
란다,0,0,0,Ending,語尾,終止形,*,指定詞1接続,란다,란다,*,"그렇게 하는 게 아니란다.;-라고 한다",*,EF
랄,0,0,0,Ending,語尾,連体形,*,命令2接続,랄,랄,*,"-라(명령)고 할",*,ETM
랄,0,0,0,Ending,語尾,連体形,*,指定詞1接続,랄,랄,*,"-라고 할",*,ETM
람,0,0,0,Ending,語尾,終止形,*,指定詞1接続,람,람,*,"-(이)란 말인가",*,EF
람,0,0,0,Ending,語尾,終止形,*,命令2接続,람,람,*,"-란 말인가/라고 했나",*,EF
랍니까,0,0,0,Ending,語尾,終止形,*,命令2接続,랍니까,랍니까,*,*,*,EF
랍니까,0,0,0,Ending,語尾,終止形,*,指定詞1接続,랍니까,랍니까,*,*,*,EF
랍니다,0,0,0,Ending,語尾,終止形,*,命令2接続,랍니다,랍니다,*,*,*,EF
랍니다,0,0,0,Ending,語尾,終止形,*,指定詞1接続,랍니다,랍니다,*,*,*,EF
래,0,0,0,Ending,語尾,終止形,*,指定詞1接続,래,래,*,"아니, 사람이 왜 저 모양이래?;-라고 해",*,EF
래,0,0,0,Ending,語尾,終止形,*,命令2接続,래,래,*,"-라(명령)고 해",*,EF
래,0,0,0,Ending,語尾,接続形,*,命令2接続,래,래,*,"-라(명령)고 해",*,EC
래요,0,0,0,Ending,語尾,終止形,*,命令2接続,래요,래요,*,"-래",*,EF
래요,0,0,0,Ending,語尾,終止形,*,指定詞1接続,래요,래요,*,"-래",*,EF
래도,0,0,0,Ending,語尾,接続形,*,命令2接続,래도,래도,*,"'-라고 해도'가 줄어든 말",*,EC
래도,0,0,0,Ending,語尾,接続形,*,指定詞1接続,래도,래도,*,"'-라고 해도'가 줄어든 말",*,EC
래야,0,0,0,Ending,語尾,接続形,*,指定詞1接続,래야,래야,*,"-라고 해야",*,EC
래야,0,0,0,Ending,語尾,接続形,*,命令2接続,래야,래야,*,"-라(명령)고 해야",*,EC
랴,0,0,0,Ending,語尾,終止形,*,2接続,랴02,랴,*,*,*,EF
랴,0,0,0,Ending,語尾,接続形,*,2接続,랴01,랴,*,"우리 어머니는 회사 일 하랴 집안일 하랴 정신없이 바쁘시다.",*,EC
랴는,0,0,0,Ending,語尾,連体形,*,2接続,랴는,랴는,*,*,*,ETM
러,0,0,0,Ending,語尾,接続形,*,2接続,러,러,*,*,*,EC
려,0,0,0,Ending,語尾,接続形,*,2接続,려,려,*,*,*,EC
려거든,0,0,0,Ending,語尾,接続形,*,2接続,려거든,려거든,*,"I. 어미; II. '-려고 하거든'이 줄어든 말",*,EC
려고,0,0,0,Ending,語尾,接続形,*,2接続,려고,려고,*,*,*,EC
려나,0,0,0,Ending,語尾,終止形,*,2接続,려나,려나,*,*,*,EF
려는,0,0,0,Ending,語尾,連体形,*,2接続,려는,려는,*,*,*,ETM
려는가,0,0,0,Ending,語尾,終止形,*,2接続,려는가,려는가,*,"'-려고 하는가'가 줄어든 말",*,EF
려는가요,0,0,0,Ending,語尾,終止形,*,2接続,려는가요,려는가요,*,"-려는가",*,EF
려는데,0,0,0,Ending,語尾,接続形,*,2接続,려는데,려는데,*,*,*,EC
려니,0,0,0,Ending,語尾,終止形,*,2接続,려니,려니,*,*,*,EF
려니,0,0,0,Ending,語尾,接続形,*,2接続,려니,려니,*,*,*,EC
려다,0,0,0,Ending,語尾,接続形,*,2接続,려다,려다,*,"-려고 하다(가)",*,EC
려다가,0,0,0,Ending,語尾,接続形,*,2接続,려다가,려다가,*,"-려고 하다가",*,EC
려던,0,0,0,Ending,語尾,連体形,*,2接続,려던,려던,*,*,*,ETM
려면,0,0,0,Ending,語尾,接続形,*,2接続,려면,려면,*,*,*,EC
련다,0,0,0,Ending,語尾,終止形,*,2接続,련다,련다,*,"-려고 한다",*,EF
렴,0,0,0,Ending,語尾,終止形,*,2接続,렴,렴,*,*,*,EF
렵니까,0,0,0,Ending,語尾,終止形,*,2接続,렵니까,렵니까,*,"몇 시에 오시렵니까?;-려고 합니까",*,EF
렵니다,0,0,0,Ending,語尾,終止形,*,2接続,렵니다,렵니다,*,"저는 고향에 돌아가렵니다.;-려고 합니다",*,EF
로구나,0,0,0,Ending,語尾,終止形,*,指定詞1接続,로구나,로구나,*,*,*,EF
로구나,0,0,0,Ending,語尾,接続形,*,指定詞1接続,로구나,로구나,*,*,*,EC
로군,0,0,0,Ending,語尾,終止形,*,指定詞1接続,로군,로군,*,*,*,EF
로군요,0,0,0,Ending,語尾,終止形,*,指定詞1接続,로군요,로군요,*,"-로군",*,EF
로구먼,0,0,0,Ending,語尾,終止形,*,指定詞1接続,로구먼,로구먼,*,*,*,EF
로다,0,0,0,Ending,語尾,終止形,*,指定詞1接続,로다,로다,*,*,*,EF
리,0,0,0,Ending,語尾,終止形,*,2接続,리14,리,*,*,*,EF
리라,0,0,0,Ending,語尾,接続形,*,2接続,리라,리라,*,*,*,EC
리라,0,0,0,Ending,語尾,終止形,*,2接続,리라,리라,*,*,*,EF
리라고,0,0,0,Ending,語尾,接続形,*,2接続,리라고80,리라고,*,*,*,EC
리라고,0,0,0,Ending,語尾,終止形,*,2接続,리라고80,리라고,*,*,*,EF
리라는,0,0,0,Ending,語尾,連体形,*,2接続,리라는80,리라는,*,*,*,ETM
리라던,0,0,0,Ending,語尾,連体形,*,2接続,리라던80,리라던,*,*,*,ETM
리란,0,0,0,Ending,語尾,連体形,*,2接続,리란80,리란,*,*,*,ETM
리만치,0,0,0,Ending,語尾,接続形,*,2接続,리만치,리만치,*,"-리만큼",*,EC
리만큼,0,0,0,Ending,語尾,接続形,*,2接続,리만큼,리만큼,*,*,*,EC
마,0,0,0,Ending,語尾,終止形,*,2接続,마10,마,*,*,*,EF
며,0,0,0,Ending,語尾,接続形,*,2接続,며02,며,*,*,*,EC
면,0,0,0,Ending,語尾,接続形,*,2接続,면10,면,*,*,*,EC
면서,0,0,0,Ending,語尾,接続形,*,2接続,면서,면서,*,*,*,EC
모,0,0,0,Ending,語尾,接続形,*,2接続,모80,모,*,면,*,EC
므로,0,0,0,Ending,語尾,接続形,*,2接続,므로,므로,*,*,*,EC
사오이다,0,0,0,Ending,語尾,終止形,*,1接続,사오이다,사오이다,*,*,*,EF
사외다,0,0,0,Ending,語尾,終止形,*,1接続,사외다,사외다,*,"‘-사오이다’의 준말.",*,EF
서,0,0,0,Ending,語尾,接続形,*,3接続,서83,서,*,"-아서/어서",*,EC
서,0,0,0,Ending,語尾,終止形,*,3接続,서83,서,*,"-아서/어서",*,EF
소,0,0,0,Ending,語尾,終止形,*,1接続,소17,소,*,*,*,EF
습니까,0,0,0,Ending,語尾,終止形,*,1接続,습니까,습니까,*,*,*,EF
습니다,0,0,0,Ending,語尾,終止形,*,1接続,습니다,습니다,*,*,*,EF
습디다,0,0,0,Ending,語尾,終止形,*,1接続,습디다,습디다,*,*,*,EF
십시다,0,0,0,Ending,語尾,終止形,*,2接続,십시다,십시다,*,*,*,EF
십시오,0,0,0,Ending,語尾,終止形,*,2接続,십시오,십시오,*,*,*,EF
야,0,0,0,Ending,語尾,接続形,*,3接続,야80,야,*,"-아야/어야",*,EC
야,0,0,0,Ending,語尾,終止形,*,指定詞1接続,야11,야,*,*,*,EF
야만,0,0,0,Ending,語尾,接続形,*,3接続,야만80,야만,*,"-아야만/어야만",*,EC
야지,0,0,0,Ending,語尾,接続形,*,3接続,야지80,야지,*,"-아야지01/어야지01",*,EC
야지,0,0,0,Ending,語尾,終止形,*,3接続,야지81,야지,*,"-아야지02/어야지02",*,EF
야지요,0,0,0,Ending,語尾,終止形,*,3接続,야지요80,야지요,*,"-야지81",*,EF
오,0,0,0,Ending,語尾,終止形,*,1接続,오19,오,*,*,*,EF
오이다,0,0,0,Ending,語尾,終止形,*,2接続,오이다,오이다,*,*,*,EF
외다,0,0,0,Ending,語尾,終止形,*,2接続,외다04,외다,*,"‘-오이다’의 준말.",*,EF
요,0,0,0,Ending,語尾,接続形,*,指定詞1接続,요15,요,*,*,*,EC
요,0,0,0,Ending,語尾,終止形,*,3接続,요81,요,*,"-아요/어요",*,EF
읍니다,0,0,0,Ending,語尾,終止形,*,1接続,읍니다,읍니다,*,*,*,EF
자,0,0,0,Ending,語尾,接続形,*,1接続,자22,자,*,"까마귀 날자 배 떨어진다.",*,EC
자,0,0,0,Ending,語尾,接続形,*,1接続,자23,자,*,"겨우 밥을 먹자 하니 곧 손님들이 들이닥쳤다.",*,EC
자,0,0,0,Ending,語尾,終止形,*,1接続,자24,자,*,*,*,EF
자요,0,0,0,Ending,語尾,終止形,*,1接続,자요,자요,*,"-자24",*,EF
자고,0,0,0,Ending,語尾,接続形,*,1接続,자고80,자고,*,"-자(어미)+-고(인용)",*,EC
자구,0,0,0,Ending,語尾,接続形,*,1接続,자구81,자구,*,"-자고80",*,EC
자고,0,0,0,Ending,語尾,終止形,*,1接続,자고09,자고,*,"같이 가자. 함께 가자고.",*,EF
자고요,0,0,0,Ending,語尾,終止形,*,1接続,자고요,자고요,*,"-자고09",*,EF
자구,0,0,0,Ending,語尾,終止形,*,1接続,자구10,자구,*,"-자고09",*,EF
자꾸나,0,0,0,Ending,語尾,終止形,*,1接続,자꾸나,자꾸나,*,*,*,EF
자는,0,0,0,Ending,語尾,連体形,*,1接続,자는,자는,*,*,*,ETM
자니,0,0,0,Ending,語尾,接続形,*,1接続,자니02,자니,*,"-자고 하다니;-자고 하니",*,EC
자니,0,0,0,Ending,語尾,終止形,*,1接続,자니03,자니,*,"-자고 하니:너에게도 함께 가자니?",*,EF
자던,0,0,0,Ending,語尾,連体形,*,1接続,자던80,자던,*,*,*,ETM
자마자,0,0,0,Ending,語尾,接続形,*,1接続,자마자,자마자,*,*,*,EC
자며,0,0,0,Ending,語尾,接続形,*,1接続,자며,자며,*,"-자면서",*,EC
자며,0,0,0,Ending,語尾,終止形,*,1接続,자며,자며,*,"-자면서:함께 가자며?",*,EF
자면,0,0,0,Ending,語尾,接続形,*,1接続,자면03,자면,*,"이 일을 오늘 끝내자면 바삐 서둘러야겠다.;-자고 하면",*,EC
자면서,0,0,0,Ending,語尾,終止形,*,1接続,자면서,자면서,*,"함께 가자면서?",*,EF
자면서,0,0,0,Ending,語尾,接続形,*,1接続,자면서,자면서,*,"-자고 했으면서;-자고 하면서",*,EC
잔,0,0,0,Ending,語尾,連体形,*,1接続,잔04,잔,*,"-자는;-자고 한",*,ETM
잘,0,0,0,Ending,語尾,連体形,*,1接続,잘03,잘,*,"-자고 할",*,ETM
잡니까,0,0,0,Ending,語尾,終止形,*,2接続,잡니까,잡니까,*,"-자고 합니까?",*,EF
잡니다,0,0,0,Ending,語尾,終止形,*,2接続,잡니다,잡니다,*,"-자고 합니다",*,EF
재,0,0,0,Ending,語尾,終止形,*,1接続,재18,재,*,"-자고 해",*,EF
재요,0,0,0,Ending,語尾,終止形,*,1接続,재요,재요,*,"-재18",*,EF
지,0,0,0,Ending,語尾,名詞形成,*,1接続,지23,지,*,*,*,ETN
치,0,0,0,Ending,語尾,名詞形成,*,名詞接続,지23,치,*,하다融合,*,ETN
지,0,0,0,Ending,語尾,接続形,*,1接続,지23,지,*,"고래는 짐승이지 물고기가 아니다.",*,EC
지,0,0,0,Ending,語尾,終止形,*,1接続,지24,지,*,*,*,EF
지,0,0,0,Ending,語尾,接続形,*,1接続,지24,지,*,"그런 기능과는 다르지 뭐.",*,EC
지요,0,0,0,Ending,語尾,終止形,*,1接続,지요,지요,*,"-지24",*,EF
죠,0,0,0,Ending,語尾,終止形,*,1接続,죠,죠,*,"-지24",*,EF
지만,0,0,0,Ending,語尾,接続形,*,1接続,지만05,지만,*,"-지마는",*,EC
지만,0,0,0,Ending,語尾,終止形,*,1接続,지만05,지만,*,"-지마는",*,EF
지마는,0,0,0,Ending,語尾,接続形,*,1接続,지마는,지마는,*,*,*,EC
ᆫ,0,0,0,Ending,語尾,連体形,*,2接続,ㄴ05,ㄴ,*,*,*,ETM
ᆫ가,0,0,0,Ending,語尾,終止形,*,2接続,ㄴ가,ㄴ가,*,*,*,EF
ᆫ가,0,0,0,Ending,語尾,接続形,*,2接続,ㄴ가,ㄴ가,*,*,*,EC
ᆫ가요,0,0,0,Ending,語尾,終止形,*,2接続,ㄴ가요,ㄴ가요,*,"-ㄴ가",*,EF
ᆫ걸,0,0,0,Ending,語尾,終止形,*,2接続,ㄴ걸,ㄴ걸,*,*,*,EF
ᆫ걸요,0,0,0,Ending,語尾,終止形,*,2接続,ㄴ걸요,ㄴ걸요,*,"-ㄴ걸",*,EF
ᆫ다,0,0,0,Ending,語尾,終止形,*,2接続,ㄴ다01,ㄴ다,*,*,*,EF
ᆫ다,0,0,0,Ending,語尾,接続形,*,2接続,ㄴ다01,ㄴ다,*,*,*,EC
ᆫ다고,0,0,0,Ending,語尾,接続形,*,2接続,ㄴ다고03,ㄴ다고,*,"-ㄴ다(어미)+-고(인용)",*,EC
ᆫ다고,0,0,0,Ending,語尾,接続形,*,2接続,ㄴ다고01,ㄴ다고,*,"큰애는 내일 소풍을 간다고 마음이 들떠 있어요.",*,EC
ᆫ다고,0,0,0,Ending,語尾,終止形,*,2接続,ㄴ다고02,ㄴ다고,*,"아무렴, 내가 자네를 얼마나 좋아한다고.",*,EF
ᆫ다고요,0,0,0,Ending,語尾,終止形,*,2接続,ㄴ다고요,ㄴ다고요,*,"-ㄴ다고02",*,EF
ᆫ다구,0,0,0,Ending,語尾,接続形,*,2接続,ㄴ다구82,ㄴ다구,*,"-ㄴ다고03",*,EC
ᆫ다구,0,0,0,Ending,語尾,接続形,*,2接続,ㄴ다구80,ㄴ다구,*,"-ㄴ다고01",*,EC
ᆫ다구,0,0,0,Ending,語尾,終止形,*,2接続,ㄴ다구81,ㄴ다구,*,"-ㄴ다고02",*,EF
ᆫ다구요,0,0,0,Ending,語尾,終止形,*,2接続,ㄴ다구요,ㄴ다구요,*,"-ㄴ다구81",*,EF
ᆫ다나,0,0,0,Ending,語尾,終止形,*,2接続,ㄴ다나,ㄴ다나,*,*,*,EF
ᆫ다는,0,0,0,Ending,語尾,連体形,*,2接続,ㄴ다는,ㄴ다는,*,*,*,ETM
ᆫ다는데,0,0,0,Ending,語尾,接続形,*,2接続,ㄴ다는데80,ㄴ다는데,*,*,*,EC
ᆫ다니,0,0,0,Ending,語尾,終止形,*,2接続,ㄴ다니01,ㄴ다니,*,"내가 내일이면 대학생이 된다니! 정말 꿈같은 일이야.",*,EF
ᆫ다니,0,0,0,Ending,語尾,接続形,*,2接続,ㄴ다니01,ㄴ다니,*,"-ㄴ다고 하다니;-ㄴ다고 하니",*,EC
ᆫ다니,0,0,0,Ending,語尾,終止形,*,2接続,ㄴ다니02,ㄴ다니,*,"이 긴 시를 어떻게 외운다니?;-ㄴ다고 하니:철수가 자기도 간다니?",*,EF
ᆫ다니까,0,0,0,Ending,語尾,終止形,*,2接続,ㄴ다니까,ㄴ다니까,*,"저 녀석은 과자만 보면 참지를 못한다니까.",*,EF
ᆫ다니까,0,0,0,Ending,語尾,接続形,*,2接続,ㄴ다니까,ㄴ다니까,*,"-ㄴ다고 하니까",*,EC
ᆫ다더군,0,0,0,Ending,語尾,終止形,*,2接続,ㄴ다더군80,ㄴ다더군,*,*,*,EF
ᆫ다더군요,0,0,0,Ending,語尾,終止形,*,2接続,ㄴ다더군요80,ㄴ다더군요,*,"-ㄴ다더군80",*,EF
ᆫ다더니,0,0,0,Ending,語尾,接続形,*,2接続,ㄴ다더니80,ㄴ다더니,*,"-ㄴ다고 하더니",*,EC
ᆫ다더니,0,0,0,Ending,語尾,終止形,*,2接続,ㄴ다더니80,ㄴ다더니,*,"-ㄴ다고 하더니",*,EF
ᆫ다던,0,0,0,Ending,語尾,連体形,*,2接続,ㄴ다던80,ㄴ다던,*,*,*,ETM
ᆫ다든가,0,0,0,Ending,語尾,接続形,*,2接続,ㄴ다든가80,ㄴ다든가,*,*,*,EC
ᆫ다며,0,0,0,Ending,語尾,接続形,*,2接続,ㄴ다며,ㄴ다며,*,"-ㄴ다고 했으면서;-ㄴ다고 하면서",*,EC
ᆫ다며,0,0,0,Ending,語尾,終止形,*,2接続,ㄴ다며,ㄴ다며,*,"-ㄴ다면서",*,EF
ᆫ다면,0,0,0,Ending,語尾,接続形,*,2接続,ㄴ다면,ㄴ다면,*,"올해도 풍년이 든다면 좋겠다.;-ㄴ다고 하면",*,EC
ᆫ다면서,0,0,0,Ending,語尾,接続形,*,2接続,ㄴ다면서,ㄴ다면서,*,"-ㄴ다고 했으면서;-ㄴ다고 하면서",*,EC
ᆫ다면서,0,0,0,Ending,語尾,終止形,*,2接続,ㄴ다면서,ㄴ다면서,*,"너 혼자 다 해결한다면서?",*,EF
ᆫ다면서요,0,0,0,Ending,語尾,終止形,*,2接続,ㄴ다면서요80,ㄴ다면서요,*,"-ㄴ다면서",*,EF
ᆫ다오,0,0,0,Ending,語尾,終止形,*,2接続,ㄴ다오,ㄴ다오,*,"아기도 잘 자란다오.;-ㄴ다고 하오",*,EF
ᆫ다지만,0,0,0,Ending,語尾,接続形,*,2接続,ㄴ다지만80,ㄴ다지만,*,*,*,EC
ᆫ단,0,0,0,Ending,語尾,連体形,*,2接続,ㄴ단,ㄴ단,*,*,*,ETM
ᆫ단다,0,0,0,Ending,語尾,終止形,*,2接続,ㄴ단다,ㄴ단다,*,*,*,EF
ᆫ담,0,0,0,Ending,語尾,終止形,*,2接続,ㄴ담,ㄴ담,*,"-ㄴ단 말인가",*,EF
ᆫ답니까,0,0,0,Ending,語尾,終止形,*,2接続,ㄴ답니까,ㄴ답니까,*,"이 긴 시를 어떻게 외운답니까?;-ㄴ다고 합니까",*,EF
ᆫ답니다,0,0,0,Ending,語尾,終止形,*,2接続,ㄴ답니다,ㄴ답니다,*,"이 마을에서는 집집마다 소를 기른답니다.;-ㄴ다고 합니다",*,EF
ᆫ답시고,0,0,0,Ending,語尾,接続形,*,2接続,ㄴ답시고,ㄴ답시고,*,*,*,EC
ᆫ대,0,0,0,Ending,語尾,終止形,*,2接続,ㄴ대,ㄴ대,*,"오늘따라 왜 저러신대?;-ㄴ다고 해",*,EF
ᆫ대요,0,0,0,Ending,語尾,終止形,*,2接続,ㄴ대요,ㄴ대요,*,"-ㄴ대",*,EF
ᆫ대도,0,0,0,Ending,語尾,接続形,*,2接続,ㄴ대도,ㄴ대도,*,"-ㄴ다고 하여도",*,EC
ᆫ데,0,0,0,Ending,語尾,接続形,*,2接続,ㄴ데,ㄴ데,*,*,*,EC
ᆫ데,0,0,0,Ending,語尾,終止形,*,2接続,ㄴ데,ㄴ데,*,*,*,EF
ᆫ데요,0,0,0,Ending,語尾,終止形,*,2接続,ㄴ데요,ㄴ데요,*,*,*,EF
ᆫ들,0,0,0,Ending,語尾,接続形,*,2接続,ㄴ들02,ㄴ들,*,*,*,EC
ᆫ즉,0,0,0,Ending,語尾,接続形,*,2接続,ㄴ즉02,ㄴ즉,*,*,*,EC
ᆫ지,0,0,0,Ending,語尾,終止形,*,2接続,ㄴ지,ㄴ지,*,*,*,EF
ᆫ지요,0,0,0,Ending,語尾,終止形,*,2接続,ㄴ지요,ㄴ지요,*,*,*,EF
ᆫ지,0,0,0,Ending,語尾,接続形,*,2接続,ㄴ지,ㄴ지,*,*,*,EC
ᆫ지라,0,0,0,Ending,語尾,接続形,*,2接続,ㄴ지라,ㄴ지라,*,*,*,EC
ᆯ,0,0,0,Ending,語尾,連体形,*,2接続,ㄹ03,ㄹ,*,*,*,ETM
ᆯ걸,0,0,0,Ending,語尾,終止形,*,2接続,ㄹ걸,ㄹ걸,*,*,*,EF
ᆯ걸요,0,0,0,Ending,語尾,終止形,*,2接続,ㄹ걸요,ㄹ걸요,*,*,*,EF
ᆯ게,0,0,0,Ending,語尾,終止形,*,2接続,ㄹ게,ㄹ게,*,*,*,EF
ᆯ게요,0,0,0,Ending,語尾,終止形,*,2接続,ㄹ게요,ㄹ게요,*,*,*,EF
ᆯ까,0,0,0,Ending,語尾,接続形,*,2接続,ㄹ까,ㄹ까,*,*,*,EC
ᆯ까,0,0,0,Ending,語尾,終止形,*,2接続,ㄹ까,ㄹ까,*,*,*,EF
ᆯ까요,0,0,0,Ending,語尾,終止形,*,2接続,ㄹ까요,ㄹ까요,*,*,*,EF
ᆯ는지,0,0,0,Ending,語尾,終止形,*,2接続,ㄹ는지,ㄹ는지,*,*,*,EF
ᆯ는지,0,0,0,Ending,語尾,接続形,*,2接続,ㄹ는지,ㄹ는지,*,*,*,EC
ᆯ는지요,0,0,0,Ending,語尾,終止形,*,2接続,ㄹ는지요,ㄹ는지요,*,*,*,EF
ㄹ라고,0,0,0,Ending,語尾,終止形,*,2接続,ㄹ라고,ㄹ라고,*,*,*,EF
ᆯ란다,0,0,0,Ending,語尾,終止形,*,2接続,ㄹ란다,ㄹ란다,*,"-(으)려고 한다/-(으)ㄹ래",*,EF
ᆯ래,0,0,0,Ending,語尾,終止形,*,2接続,ㄹ래,ㄹ래,*,*,*,EF
ᆯ래요,0,0,0,Ending,語尾,終止形,*,2接続,ㄹ래요,ㄹ래요,*,*,*,EF
ᆯ망정,0,0,0,Ending,語尾,接続形,*,2接続,ㄹ망정,ㄹ망정,*,*,*,EC
ᆯ뿐더러,0,0,0,Ending,語尾,接続形,*,2接続,ㄹ뿐더러,ㄹ뿐더러,*,*,*,EC
ᆯ세라,0,0,0,Ending,語尾,接続形,*,2接続,ㄹ세라,ㄹ세라,*,*,*,EC
ᆯ세라,0,0,0,Ending,語尾,終止形,*,2接続,ㄹ세라,ㄹ세라,*,*,*,EF
ᆯ세,0,0,0,Ending,語尾,終止形,*,指定詞1接続,ㄹ세02,ㄹ세,*,"아이고, 그럼 이게 마지막일세그려.;어머, 그게 바로 오늘일세.",*,EF
ᆯ세,0,0,0,Ending,語尾,終止形,*,2接続,ㄹ세02,ㄹ세,*,"우리 이번만 참을세.;참 약속이 있을세.",*,EF
ᆯ세,0,0,0,Ending,語尾,終止形,*,2接続,ㄹ세01,ㄹ세,*,"그럼 이따가 기별할세. 잘 가게.",*,EF
ᆯ수록,0,0,0,Ending,語尾,接続形,*,2接続,ㄹ수록,ㄹ수록,*,*,*,EC
ᆯ쏘냐,0,0,0,Ending,語尾,終止形,*,2接続,ㄹ쏘냐,ㄹ쏘냐,*,*,*,EF
ᆯ지,0,0,0,Ending,語尾,接続形,*,2接続,ㄹ지,ㄹ지,*,*,*,EC
ᆯ지,0,0,0,Ending,語尾,終止形,*,2接続,ㄹ지,ㄹ지,*,*,*,EF
ᆯ지라도,0,0,0,Ending,語尾,接続形,*,2接続,ㄹ지라도,ㄹ지라도,*,*,*,EC
ᆯ진대,0,0,0,Ending,語尾,接続形,*,2接続,ㄹ진대,ㄹ진대,*,*,*,EC
ᆯ테니,0,0,0,Ending,語尾,接続形,*,2接続,ㄹ테니,ㄹ테니,*,*,*,EC
ᆯ테니까,0,0,0,Ending,語尾,接続形,*,2接続,ㄹ테니까,ㄹ테니까,*,*,*,EC
ᆯ테니까,0,0,0,Ending,語尾,終止形,*,2接続,ㄹ테니까,ㄹ테니까,*,*,*,EF
ᆯ텐데,0,0,0,Ending,語尾,接続形,*,2接続,ㄹ텐데,ㄹ텐데,*,*,*,EC
ᆯ텐데,0,0,0,Ending,語尾,終止形,*,2接続,ㄹ텐데,ㄹ텐데,*,*,*,EF
ᆷ,0,0,0,Ending,語尾,名詞形成,*,2接続,ㅁ02,ㅁ,*,*,*,ETN
ᆸ니까,0,0,0,Ending,語尾,終止形,*,2接続,ㅂ니까,ㅂ니까,*,*,*,EF
ᆸ니다,0,0,0,Ending,語尾,終止形,*,2接続,ㅂ니다,ㅂ니다,*,*,*,EF
ᆸ디다,0,0,0,Ending,語尾,終止形,*,2接続,ㅂ디다,ㅂ디다,*,*,*,EF
ᆸ시다,0,0,0,Ending,語尾,終止形,*,2接続,ㅂ시다,ㅂ시다,*,*,*,EF
ᆸ시오,0,0,0,Ending,語尾,終止形,*,2接続,ㅂ시오,ㅂ시오,*,*,*,EF
