가격,0,0,0,Noun,普通,*,*,*,가격03,가격,價格,*,B,NNG
가구,0,0,0,Noun,普通,*,*,*,가구04,가구,家具,*,B,NNG
가까이,0,0,0,Noun,普通,*,*,*,가까이,가까이,*,*,B,NNG
가로,0,0,0,Noun,普通,*,*,*,가로01,가로,*,~와 세로,B,NNG
가루,0,0,0,Noun,普通,*,*,*,가루01,가루,*,분필 ~,B,NNG
가스,0,0,0,Noun,普通,*,*,*,가스,가스,*,gas,B,NNG
가슴속,0,0,0,Noun,普通,*,*,*,가슴속,가슴속,*,*,B,NNG
가요,0,0,0,Noun,普通,*,*,*,가요02,가요,歌謠,*,B,NNG
가위,0,0,0,Noun,普通,*,*,*,가위01,가위,*,기구,B,NNG
가이드,0,0,0,Noun,普通,動作,*,*,가이드,가이드,*,guide,B,NNG
가정,0,0,0,Noun,普通,*,*,*,가정06,가정,家庭,*,B,NNG
가죽,0,0,0,Noun,普通,*,*,*,가죽01,가죽,*,*,B,NNG
가지,0,0,0,Noun,普通,*,*,*,가지01,가지,*,~를 치다,B,NNG
가짜,0,0,0,Noun,普通,*,*,*,가짜,가짜,假짜,*,B,NNG
각각,0,0,0,Noun,普通,*,*,*,각각01,각각,各各,*,B,NNG
각국,0,0,0,Noun,普通,*,*,*,각국,각국,各國,*,B,NNG
각자,0,0,0,Noun,普通,*,*,*,각자02,각자,各自,*,B,NNG
각종,0,0,0,Noun,普通,*,*,*,각종,각종,各種,*,B,NNG
간식,0,0,0,Noun,普通,*,*,*,간식02,간식,間食,*,B,NNG
간장,0,0,0,Noun,普通,*,*,*,간장01,간장,간醬,*,B,NNG
갈비탕,0,0,0,Noun,普通,*,*,*,갈비탕,갈비탕,갈비湯,*,B,NNG
갈색,0,0,0,Noun,普通,*,*,*,갈색,갈색,褐色,*,B,NNG
감,0,0,0,Noun,普通,*,*,*,감01,감,*,과일,B,NNG
감동,0,0,0,Noun,普通,動作,*,*,감동02,감동,感動,*,B,NNG
감상,0,0,0,Noun,普通,動作,*,*,감상05,감상,鑑賞,*,B,NNG
감자,0,0,0,Noun,普通,*,*,*,감자01,감자,*,*,B,NNG
감정,0,0,0,Noun,普通,*,*,*,감정06,감정,感情,*,B,NNG
강당,0,0,0,Noun,普通,*,*,*,강당,강당,講堂,*,B,NNG
강도,0,0,0,Noun,普通,*,*,*,강도06,강도,强盜,*,B,NNG
강물,0,0,0,Noun,普通,*,*,*,강물,강물,江물,*,B,NNG
강아지,0,0,0,Noun,普通,*,*,*,강아지,강아지,*,*,B,NNG
강제,0,0,0,Noun,普通,動作,*,*,강제01,강제,强制,*,B,NNG
개구리,0,0,0,Noun,普通,*,*,*,개구리,개구리,*,*,B,NNG
개나리,0,0,0,Noun,普通,*,*,*,개나리01,개나리,*,*,B,NNG
개인,0,0,0,Noun,普通,*,*,*,개인02,개인,個人,*,B,NNG
거실,0,0,0,Noun,普通,*,*,*,거실02,거실,居室,*,B,NNG
거짓,0,0,0,Noun,普通,*,*,*,거짓,거짓,*,*,B,NNG
거짓말,0,0,0,Noun,普通,動作,*,*,거짓말,거짓말,*,*,B,NNG
건너편,0,0,0,Noun,普通,*,*,*,건너편,건너편,건너便,*,B,NNG
건축,0,0,0,Noun,普通,動作,*,*,건축01,건축,建築,*,B,NNG
걸음,0,0,0,Noun,普通,*,*,*,걸음,걸음,*,*,B,NNG
검사,0,0,0,Noun,普通,動作,*,*,검사03,검사,檢査,*,B,NNG
검정색,0,0,0,Noun,普通,*,*,*,검정색,검정색,검정色,*,B,NNG
겁,0,0,0,Noun,普通,*,*,*,겁05,겁,怯,*,B,NNG
겉,0,0,0,Noun,普通,*,*,*,겉01,겉,*,*,B,NNG
겨울철,0,0,0,Noun,普通,*,*,*,겨울철,겨울철,*,*,B,NNG
결과,0,0,0,Noun,普通,*,*,*,결과02,결과,結果,*,B,NNG
결국,0,0,0,Noun,普通,*,*,*,결국,결국,結局,*,B,NNG
결정,0,0,0,Noun,普通,動作,*,*,결정01,결정,決定,*,B,NNG
경기,0,0,0,Noun,普通,動作,*,*,경기11,경기,競技,*,B,NNG
경기장,0,0,0,Noun,普通,*,*,*,경기장,경기장,競技場,*,B,NNG
경영,0,0,0,Noun,普通,動作,*,*,경영02,경영,經營,*,B,NNG
경우,0,0,0,Noun,普通,*,*,*,경우03,경우,境遇,*,B,NNG
경제,0,0,0,Noun,普通,動作,*,*,경제04,경제,經濟,*,B,NNG
경험,0,0,0,Noun,普通,動作,*,*,경험,경험,經驗,*,B,NNG
곁,0,0,0,Noun,普通,*,*,*,곁01,곁,*,*,B,NNG
계단,0,0,0,Noun,普通,*,*,*,계단04,계단,階段,*,B,NNG
계산,0,0,0,Noun,普通,動作,*,*,계산01,계산,計算,*,B,NNG
계산기,0,0,0,Noun,普通,*,*,*,계산기,계산기,計算器,*,B,NNG
계약,0,0,0,Noun,普通,動作,*,*,계약,계약,契約,*,B,NNG
고개,0,0,0,Noun,普通,*,*,*,고개01,고개,*,~를 돌리다,B,NNG
고객,0,0,0,Noun,普通,*,*,*,고객04,고객,顧客,*,B,NNG
고교,0,0,0,Noun,普通,*,*,*,고교04,고교,高校,*,B,NNG
고구마,0,0,0,Noun,普通,*,*,*,고구마,고구마,*,*,B,NNG
고급,0,0,0,Noun,普通,状態,*,*,고급02,고급,高級,*,B,NNG
고모,0,0,0,Noun,普通,*,*,*,고모01,고모,姑母,*,B,NNG
고모부,0,0,0,Noun,普通,*,*,*,고모부,고모부,姑母夫,*,B,NNG
고민,0,0,0,Noun,普通,動作,*,*,고민,고민,苦悶,*,B,NNG
고생,0,0,0,Noun,普通,動作,*,*,고생,고생,苦生,*,B,NNG
고속,0,0,0,Noun,普通,*,*,*,고속02,고속,高速,*,B,NNG
고속도로,0,0,0,Noun,普通,*,*,*,고속도로,고속도로,高速道路,*,B,NNG
고속버스,0,0,0,Noun,普通,*,*,*,고속버스,고속버스,高速버스,高速bus,B,NNG
고장,0,0,0,Noun,普通,*,*,*,고장11,고장,故障,*,B,NNG
고장,0,0,0,Noun,普通,*,*,*,고장01,고장,*,지역,B,NNG
고추,0,0,0,Noun,普通,*,*,*,고추01,고추,*,*,B,NNG
고추장,0,0,0,Noun,普通,*,*,*,고추장,고추장,고추醬,*,B,NNG
고춧가루,0,0,0,Noun,普通,*,*,*,고춧가루,고춧가루,*,*,B,NNG
고통,0,0,0,Noun,普通,動作,*,*,고통,고통,苦痛,*,B,NNG
골목,0,0,0,Noun,普通,*,*,*,골목01,골목,*,*,B,NNG
골목길,0,0,0,Noun,普通,*,*,*,골목길,골목길,*,*,B,NNG
골프,0,0,0,Noun,普通,*,*,*,골프,골프,*,golf,B,NNG
골프장,0,0,0,Noun,普通,*,*,*,골프장,골프장,골프場,golf場,B,NNG
곰,0,0,0,Noun,普通,*,*,*,곰03,곰,*,동물,B,NNG
곳곳,0,0,0,Noun,普通,*,*,*,곳곳,곳곳,*,*,B,NNG
공간,0,0,0,Noun,普通,*,*,*,공간05,공간,空間,*,B,NNG
공기,0,0,0,Noun,普通,*,*,*,공기06,공기,空氣,*,B,NNG
공동,0,0,0,Noun,普通,*,*,*,공동02,공동,共同,*,B,NNG
공무원,0,0,0,Noun,普通,*,*,*,공무원,공무원,公務員,*,B,NNG
공사,0,0,0,Noun,普通,動作,*,*,공사02,공사,工事,*,B,NNG
공연,0,0,0,Noun,普通,動作,*,*,공연02,공연,公演,*,B,NNG
공장,0,0,0,Noun,普通,*,*,*,공장02,공장,工場,*,B,NNG
공짜,0,0,0,Noun,普通,*,*,*,공짜,공짜,空짜,*,B,NNG
공항버스,0,0,0,Noun,普通,*,*,*,공항버스,공항버스,空港버스,空港bus,B,NNG
과거,0,0,0,Noun,普通,*,*,*,과거03,과거,過去,*,B,NNG
과목,0,0,0,Noun,普通,*,*,*,과목02,과목,科目,*,B,NNG
과장,0,0,0,Noun,普通,*,*,*,과장07,과장,課長,*,B,NNG
과제,0,0,0,Noun,普通,*,*,*,과제04,과제,課題,*,B,NNG
과학,0,0,0,Noun,普通,*,*,*,과학,과학,科學,*,B,NNG
과학자,0,0,0,Noun,普通,*,*,*,과학자,과학자,科學者,*,B,NNG
관객,0,0,0,Noun,普通,*,*,*,관객,관객,觀客,*,B,NNG
관계,0,0,0,Noun,普通,動作,*,*,관계05,관계,關係,*,B,NNG
관광,0,0,0,Noun,普通,動作,*,*,관광02,관광,觀光,*,B,NNG
관광객,0,0,0,Noun,普通,*,*,*,관광객,관광객,觀光客,*,B,NNG
관광지,0,0,0,Noun,普通,*,*,*,관광지,관광지,觀光地,*,B,NNG
관련,0,0,0,Noun,普通,動作,*,*,관련,관련,關聯,*,B,NNG
관리,0,0,0,Noun,普通,動作,*,*,관리04,관리,管理,*,B,NNG
관심,0,0,0,Noun,普通,*,*,*,관심01,관심,關心,*,B,NNG
광고,0,0,0,Noun,普通,動作,*,*,광고02,광고,廣告,*,B,NNG
교류,0,0,0,Noun,普通,動作,*,*,교류01,교류,交流,*,B,NNG
교문,0,0,0,Noun,普通,*,*,*,교문01,교문,校門,*,B,NNG
교육,0,0,0,Noun,普通,動作,*,*,교육,교육,敎育,*,B,NNG
교통사고,0,0,0,Noun,普通,*,*,*,교통사고,교통사고,交通事故,*,B,NNG
교포,0,0,0,Noun,普通,*,*,*,교포02,교포,僑胞,*,B,NNG
교환,0,0,0,Noun,普通,動作,*,*,교환01,교환,交換,*,B,NNG
구멍,0,0,0,Noun,普通,*,*,*,구멍,구멍,*,*,B,NNG
국,0,0,0,Noun,普通,*,*,*,국01,국,*,음식,B,NNG
국가,0,0,0,Noun,普通,*,*,*,국가01,국가,國家,*,B,NNG
국기,0,0,0,Noun,普通,*,*,*,국기07,국기,國旗,*,B,NNG
국내,0,0,0,Noun,普通,*,*,*,국내02,국내,國內,*,B,NNG
국립,0,0,0,Noun,普通,*,*,*,국립,국립,國立,*,B,NNG
국물,0,0,0,Noun,普通,*,*,*,국물,국물,*,*,B,NNG
국민,0,0,0,Noun,普通,*,*,*,국민,국민,國民,*,B,NNG
국수,0,0,0,Noun,普通,*,*,*,국수01,국수,*,*,B,NNG
국어,0,0,0,Noun,普通,*,*,*,국어01,국어,國語,*,B,NNG
국제,0,0,0,Noun,普通,*,*,*,국제02,국제,國際,*,B,NNG
국회의원,0,0,0,Noun,普通,*,*,*,국회의원,국회의원,國會議員,*,B,NNG
군,0,0,0,Noun,普通,*,*,*,군05,군,軍,*,B,NNG
군대,0,0,0,Noun,普通,*,*,*,군대03,군대,軍隊,*,B,NNG
권투,0,0,0,Noun,普通,*,*,*,권투01,권투,拳鬪,*,B,NNG
귀국,0,0,0,Noun,普通,動作,*,*,귀국02,귀국,歸國,*,B,NNG
규칙,0,0,0,Noun,普通,*,*,*,규칙02,규칙,規則,*,B,NNG
그늘,0,0,0,Noun,普通,*,*,*,그늘,그늘,*,*,B,NNG
그다음,0,0,0,Noun,普通,*,*,*,그다음,그다음,*,*,B,NNG
그룹,0,0,0,Noun,普通,*,*,*,그룹01,그룹,*,group,B,NNG
그림자,0,0,0,Noun,普通,*,*,*,그림자,그림자,*,*,B,NNG
그중,0,0,0,Noun,普通,*,*,*,그중,그중,그中,*,B,NNG
그해,0,0,0,Noun,普通,*,*,*,그해,그해,*,*,B,NNG
근로자,0,0,0,Noun,普通,*,*,*,근로자,근로자,勤勞者,*,B,NNG
근무,0,0,0,Noun,普通,動作,*,*,근무,근무,勤務,*,B,NNG
글,0,0,0,Noun,普通,*,*,*,글,글,*,*,B,NNG
글쓰기,0,0,0,Noun,普通,*,*,*,글쓰기,글쓰기,*,*,B,NNG
글씨,0,0,0,Noun,普通,*,*,*,글씨,글씨,*,*,B,NNG
글자,0,0,0,Noun,普通,*,*,*,글자,글자,글字,*,B,NNG
금,0,0,0,Noun,普通,*,*,*,금06,금,金,*,B,NNG
금년,0,0,0,Noun,普通,*,*,*,금년,금년,今年,*,B,NNG
금연,0,0,0,Noun,普通,動作,*,*,금연01,금연,禁煙,*,B,NNG
금지,0,0,0,Noun,普通,動作,*,*,금지04,금지,禁止,*,B,NNG
기간,0,0,0,Noun,普通,*,*,*,기간07,기간,期間,*,B,NNG
기계,0,0,0,Noun,普通,*,*,*,기계07,기계,機械,*,B,NNG
기대,0,0,0,Noun,普通,動作,*,*,기대03,기대,期待,*,B,NNG
기도,0,0,0,Noun,普通,動作,*,*,기도03,기도,祈禱,*,B,NNG
기름,0,0,0,Noun,普通,*,*,*,기름01,기름,*,*,B,NNG
기본,0,0,0,Noun,普通,*,*,*,기본,기본,基本,*,B,NNG
기쁨,0,0,0,Noun,普通,*,*,*,기쁨,기쁨,*,*,B,NNG
기사,0,0,0,Noun,普通,*,*,*,기사02,기사,技士,*,B,NNG
기사,0,0,0,Noun,普通,*,*,*,기사10,기사,記事,*,B,NNG
기술,0,0,0,Noun,普通,*,*,*,기술01,기술,技術,*,B,NNG
기억,0,0,0,Noun,普通,動作,*,*,기억02,기억,記憶,*,B,NNG
기온,0,0,0,Noun,普通,*,*,*,기온,기온,氣溫,*,B,NNG
기운,0,0,0,Noun,普通,*,*,*,기운01,기운,*,*,B,NNG
기자,0,0,0,Noun,普通,*,*,*,기자05,기자,記者,*,B,NNG
기준,0,0,0,Noun,普通,*,*,*,기준03,기준,基準,*,B,NNG
기초,0,0,0,Noun,普通,動作,*,*,기초06,기초,基礎,*,B,NNG
기침,0,0,0,Noun,普通,動作,*,*,기침01,기침,*,*,B,NNG
기타,0,0,0,Noun,普通,*,*,*,기타02,기타,*,guitar,B,NNG
기회,0,0,0,Noun,普通,*,*,*,기회03,기회,機會,*,B,NNG
긴장,0,0,0,Noun,普通,動作,*,*,긴장,긴장,緊張,*,B,NNG
길가,0,0,0,Noun,普通,*,*,*,길가,길가,*,*,B,NNG
길거리,0,0,0,Noun,普通,*,*,*,길거리,길거리,*,*,B,NNG
길이,0,0,0,Noun,普通,*,*,*,길이01,길이,*,*,B,NNG
김,0,0,0,Noun,普通,*,*,*,김03,김,*,해초,B,NNG
김치찌개,0,0,0,Noun,普通,*,*,*,김치찌개,김치찌개,*,*,B,NNG
깊이,0,0,0,Noun,普通,*,*,*,깊이01,깊이,*,*,B,NNG
까닭,0,0,0,Noun,普通,*,*,*,까닭,까닭,*,*,B,NNG
까만색,0,0,0,Noun,普通,*,*,*,까만색,까만색,까만色,*,B,NNG
껌,0,0,0,Noun,普通,*,*,*,껌,껌,*,gum,B,NNG
껍질,0,0,0,Noun,普通,*,*,*,껍질,껍질,*,*,B,NNG
꼭대기,0,0,0,Noun,普通,*,*,*,꼭대기,꼭대기,*,*,B,NNG
꽃잎,0,0,0,Noun,普通,*,*,*,꽃잎,꽃잎,*,*,B,NNG
꿀,0,0,0,Noun,普通,*,*,*,꿀,꿀,*,*,B,NNG
꿈속,0,0,0,Noun,普通,*,*,*,꿈속,꿈속,*,*,B,NNG
나머지,0,0,0,Noun,普通,*,*,*,나머지,나머지,*,*,B,NNG
나물,0,0,0,Noun,普通,*,*,*,나물01,나물,*,*,B,NNG
나뭇가지,0,0,0,Noun,普通,*,*,*,나뭇가지,나뭇가지,*,*,B,NNG
나뭇잎,0,0,0,Noun,普通,*,*,*,나뭇잎,나뭇잎,*,*,B,NNG
나비,0,0,0,Noun,普通,*,*,*,나비03,나비,*,*,B,NNG
나흘,0,0,0,Noun,普通,*,*,*,나흘,나흘,*,*,B,NNG
낙엽,0,0,0,Noun,普通,*,*,*,낙엽,낙엽,落葉,*,B,NNG
낚시,0,0,0,Noun,普通,動作,*,*,낚시,낚시,*,*,B,NNG
날개,0,0,0,Noun,普通,*,*,*,날개01,날개,*,*,B,NNG
남,0,0,0,Noun,普通,*,*,*,남02,남,男,*,B,NNG
남,0,0,0,Noun,普通,*,*,*,남04,남,南,*,B,NNG
남매,0,0,0,Noun,普通,*,*,*,남매,남매,男妹,*,B,NNG
남성,0,0,0,Noun,普通,*,*,*,남성01,남성,男性,*,B,NNG
내용,0,0,0,Noun,普通,*,*,*,내용02,내용,內容,*,B,NNG
냄비,0,0,0,Noun,普通,*,*,*,냄비,냄비,*,*,B,NNG
냄새,0,0,0,Noun,普通,*,*,*,냄새,냄새,*,*,B,NNG
너머,0,0,0,Noun,普通,*,*,*,너머,너머,*,*,B,NNG
네거리,0,0,0,Noun,普通,*,*,*,네거리,네거리,*,*,B,NNG
녀석,0,0,0,Noun,普通,*,*,*,녀석,녀석,*,*,B,NNG
노동자,0,0,0,Noun,普通,*,*,*,노동자,노동자,勞動者,*,B,NNG
노래방,0,0,0,Noun,普通,*,*,*,노래방,노래방,노래房,*,B,NNG
노랫소리,0,0,0,Noun,普通,*,*,*,노랫소리,노랫소리,*,*,B,NNG
노력,0,0,0,Noun,普通,動作,*,*,노력01,노력,努力,*,B,NNG
노인,0,0,0,Noun,普通,*,*,*,노인01,노인,老人,*,B,NNG
녹색,0,0,0,Noun,普通,*,*,*,녹색,녹색,綠色,*,B,NNG
녹음,0,0,0,Noun,普通,動作,*,*,녹음03,녹음,錄音,*,B,NNG
녹차,0,0,0,Noun,普通,*,*,*,녹차01,녹차,綠茶,*,B,NNG
논문,0,0,0,Noun,普通,*,*,*,논문,논문,論文,*,B,NNG
놀이,0,0,0,Noun,普通,動作,*,*,놀이01,놀이,*,*,B,NNG
놀이터,0,0,0,Noun,普通,*,*,*,놀이터,놀이터,*,*,B,NNG
농구,0,0,0,Noun,普通,*,*,*,농구07,농구,籠球,*,B,NNG
농담,0,0,0,Noun,普通,動作,*,*,농담01,농담,弄談,*,B,NNG
농사,0,0,0,Noun,普通,動作,*,*,농사01,농사,農事,*,B,NNG
농업,0,0,0,Noun,普通,*,*,*,농업,농업,農業,*,B,NNG
농촌,0,0,0,Noun,普通,*,*,*,농촌,농촌,農村,*,B,NNG
높이,0,0,0,Noun,普通,*,*,*,높이01,높이,*,*,B,NNG
눈빛,0,0,0,Noun,普通,*,*,*,눈빛01,눈빛,*,~이 매섭다,B,NNG
눈썹,0,0,0,Noun,普通,*,*,*,눈썹,눈썹,*,*,B,NNG
눈앞,0,0,0,Noun,普通,*,*,*,눈앞,눈앞,*,*,B,NNG
느낌,0,0,0,Noun,普通,*,*,*,느낌,느낌,*,*,B,NNG
능력,0,0,0,Noun,普通,*,*,*,능력02,능력,能力,*,B,NNG
다수,0,0,0,Noun,普通,状態,*,*,다수,다수,多數,*,B,NNG
다이어트,0,0,0,Noun,普通,*,*,*,다이어트,다이어트,*,diet,B,NNG
단맛,0,0,0,Noun,普通,*,*,*,단맛,단맛,*,*,B,NNG
단점,0,0,0,Noun,普通,*,*,*,단점01,단점,短點,*,B,NNG
단지,0,0,0,Noun,普通,*,*,*,단지08,단지,團地,*,B,NNG
단체,0,0,0,Noun,普通,*,*,*,단체02,단체,團體,*,B,NNG
달걀,0,0,0,Noun,普通,*,*,*,달걀,달걀,*,*,B,NNG
달빛,0,0,0,Noun,普通,*,*,*,달빛,달빛,*,*,B,NNG
담요,0,0,0,Noun,普通,*,*,*,담요,담요,*,*,B,NNG
담임,0,0,0,Noun,普通,動作,*,*,담임,담임,擔任,*,B,NNG
답장,0,0,0,Noun,普通,動作,*,*,답장,답장,答狀,*,B,NNG
닷새,0,0,0,Noun,普通,*,*,*,닷새,닷새,*,*,B,NNG
당근,0,0,0,Noun,普通,*,*,*,당근,당근,*,*,B,NNG
당장,0,0,0,Noun,普通,*,*,*,당장02,당장,當場,*,B,NNG
대,0,0,0,Noun,普通,*,*,*,대15,대,臺,*,B,NNG
대문,0,0,0,Noun,普通,*,*,*,대문03,대문,大門,*,B,NNG
대부분,0,0,0,Noun,普通,*,*,*,대부분,대부분,大部分,*,B,NNG
대신,0,0,0,Noun,普通,動作,*,*,대신03,대신,代身,*,B,NNG
대중,0,0,0,Noun,普通,*,*,*,대중02,대중,大衆,*,B,NNG
대중교통,0,0,0,Noun,普通,*,*,*,대중교통,대중교통,大衆交通,*,B,NNG
대중문화,0,0,0,Noun,普通,*,*,*,대중문화,대중문화,大衆文化,*,B,NNG
대통령,0,0,0,Noun,普通,*,*,*,대통령,대통령,大統領,*,B,NNG
대표,0,0,0,Noun,普通,動作,*,*,대표,대표,代表,*,B,NNG
대학교수,0,0,0,Noun,普通,*,*,*,대학교수,대학교수,大學敎授,*,B,NNG
대학원,0,0,0,Noun,普通,*,*,*,대학원,대학원,大學院,*,B,NNG
대회,0,0,0,Noun,普通,*,*,*,대회02,대회,大會,*,B,NNG
더위,0,0,0,Noun,普通,*,*,*,더위,더위,*,*,B,NNG
덕분,0,0,0,Noun,普通,*,*,*,덕분,덕분,德分,*,B,NNG
도구,0,0,0,Noun,普通,*,*,*,도구10,도구,道具,*,B,NNG
도둑,0,0,0,Noun,普通,*,*,*,도둑01,도둑,*,*,B,NNG
도로,0,0,0,Noun,普通,*,*,*,도로07,도로,道路,*,B,NNG
도시락,0,0,0,Noun,普通,*,*,*,도시락,도시락,*,*,B,NNG
도움,0,0,0,Noun,普通,動作,*,*,도움,도움,*,*,B,NNG
도자기,0,0,0,Noun,普通,*,*,*,도자기,도자기,陶瓷器,*,B,NNG
도중,0,0,0,Noun,普通,*,*,*,도중04,도중,途中,*,B,NNG
독서,0,0,0,Noun,普通,動作,*,*,독서03,독서,讀書,*,B,NNG
돌,0,0,0,Noun,普通,*,*,*,돌02,돌,*,~멩이,B,NNG
동기,0,0,0,Noun,普通,*,*,*,동기07,동기,動機,*,B,NNG
동네,0,0,0,Noun,普通,*,*,*,동네,동네,洞네,*,B,NNG
동물원,0,0,0,Noun,普通,*,*,*,동물원,동물원,動物園,*,B,NNG
동시,0,0,0,Noun,普通,*,*,*,동시02,동시,同時,*,B,NNG
동아리,0,0,0,Noun,普通,*,*,*,동아리02,동아리,*,*,B,NNG
동양,0,0,0,Noun,普通,*,*,*,동양03,동양,東洋,*,B,NNG
동전,0,0,0,Noun,普通,*,*,*,동전05,동전,銅錢,*,B,NNG
동창,0,0,0,Noun,普通,*,*,*,동창01,동창,同窓,*,B,NNG
동화,0,0,0,Noun,普通,*,*,*,동화07,동화,童話,*,B,NNG
된장,0,0,0,Noun,普通,*,*,*,된장,된장,된醬,*,B,NNG
된장찌개,0,0,0,Noun,普通,*,*,*,된장찌개,된장찌개,된醬찌개,*,B,NNG
두부,0,0,0,Noun,普通,*,*,*,두부01,두부,豆腐,*,B,NNG
두통,0,0,0,Noun,普通,*,*,*,두통,두통,頭痛,*,B,NNG
뒤쪽,0,0,0,Noun,普通,*,*,*,뒤쪽01,뒤쪽,*,*,B,NNG
뒷산,0,0,0,Noun,普通,*,*,*,뒷산,뒷산,뒷山,*,B,NNG
드라마,0,0,0,Noun,普通,*,*,*,드라마,드라마,*,drama,B,NNG
들,0,0,0,Noun,普通,*,*,*,들01,들,*,*,B,NNG
등,0,0,0,Noun,普通,*,*,*,등01,등,*,신체의 일부,B,NNG
등록,0,0,0,Noun,普通,動作,*,*,등록01,등록,登錄,*,B,NNG
등록금,0,0,0,Noun,普通,*,*,*,등록금,등록금,登錄金,*,B,NNG
등산로,0,0,0,Noun,普通,*,*,*,등산로,등산로,登山路,*,B,NNG
디자이너,0,0,0,Noun,普通,*,*,*,디자이너,디자이너,*,designer,B,NNG
디자인,0,0,0,Noun,普通,動作,*,*,디자인,디자인,*,design,B,NNG
따님,0,0,0,Noun,普通,*,*,*,따님,따님,*,*,B,NNG
땀,0,0,0,Noun,普通,*,*,*,땀01,땀,*,*,B,NNG
땅,0,0,0,Noun,普通,*,*,*,땅01,땅,*,*,B,NNG
땅콩,0,0,0,Noun,普通,*,*,*,땅콩,땅콩,*,*,B,NNG
떡볶이,0,0,0,Noun,普通,*,*,*,떡볶이,떡볶이,*,*,B,NNG
뚜껑,0,0,0,Noun,普通,*,*,*,뚜껑,뚜껑,*,*,B,NNG
뜻,0,0,0,Noun,普通,*,*,*,뜻,뜻,*,*,B,NNG
라이터,0,0,0,Noun,普通,*,*,*,라이터,라이터,*,lighter,B,NNG
레몬,0,0,0,Noun,普通,*,*,*,레몬,레몬,*,lemon,B,NNG
레스토랑,0,0,0,Noun,普通,*,*,*,레스토랑,레스토랑,*,&프restaurant,B,NNG
렌즈,0,0,0,Noun,普通,*,*,*,렌즈,렌즈,*,lens,B,NNG
리듬,0,0,0,Noun,普通,*,*,*,리듬,리듬,*,rhythm,B,NNG
마늘,0,0,0,Noun,普通,*,*,*,마늘,마늘,*,*,B,NNG
마루,0,0,0,Noun,普通,*,*,*,마루03,마루,*,~를 닦다,B,NNG
마사지,0,0,0,Noun,普通,動作,*,*,마사지,마사지,*,massage,B,NNG
마을,0,0,0,Noun,普通,*,*,*,마을01,마을,*,*,B,NNG
마음속,0,0,0,Noun,普通,*,*,*,마음속,마음속,*,*,B,NNG
마중,0,0,0,Noun,普通,動作,*,*,마중01,마중,*,*,B,NNG
마찬가지,0,0,0,Noun,普通,*,*,*,마찬가지,마찬가지,*,*,B,NNG
막내,0,0,0,Noun,普通,*,*,*,막내,막내,*,*,B,NNG
만남,0,0,0,Noun,普通,*,*,*,만남,만남,*,*,B,NNG
만두,0,0,0,Noun,普通,*,*,*,만두01,만두,饅頭,*,B,NNG
만약,0,0,0,Noun,普通,*,*,*,만약,만약,萬若,*,B,NNG
만일,0,0,0,Noun,普通,*,*,*,만일01,만일,萬一,*,B,NNG
만화,0,0,0,Noun,普通,*,*,*,만화10,만화,漫畵,*,B,NNG
말,0,0,0,Noun,普通,*,*,*,말04,말,*,동물,B,NNG
맞은편,0,0,0,Noun,普通,*,*,*,맞은편,맞은편,맞은便,*,B,NNG
매력,0,0,0,Noun,普通,*,*,*,매력,매력,魅力,*,B,NNG
머리카락,0,0,0,Noun,普通,*,*,*,머리카락,머리카락,*,*,B,NNG
머릿속,0,0,0,Noun,普通,*,*,*,머릿속,머릿속,*,*,B,NNG
먼지,0,0,0,Noun,普通,*,*,*,먼지01,먼지,*,*,B,NNG
멀리,0,0,0,Noun,普通,*,*,*,멀리,멀리,*,*,B,NNG
멋,0,0,0,Noun,普通,*,*,*,멋01,멋,*,*,B,NNG
메모,0,0,0,Noun,普通,動作,*,*,메모,메모,*,memo,B,NNG
메시지,0,0,0,Noun,普通,*,*,*,메시지,메시지,*,message,B,NNG
메일,0,0,0,Noun,普通,*,*,*,메일,메일,*,mail,B,NNG
며느리,0,0,0,Noun,普通,*,*,*,며느리,며느리,*,*,B,NNG
명령,0,0,0,Noun,普通,動作,*,*,명령01,명령,命令,*,B,NNG
명절,0,0,0,Noun,普通,*,*,*,명절01,명절,名節,*,B,NNG
명함,0,0,0,Noun,普通,*,*,*,명함,명함,名銜,*,B,NNG
모기,0,0,0,Noun,普通,*,*,*,모기01,모기,*,*,B,NNG
모니터,0,0,0,Noun,普通,動作,*,*,모니터,모니터,*,monitor,B,NNG
모델,0,0,0,Noun,普通,*,*,*,모델,모델,*,model,B,NNG
모래,0,0,0,Noun,普通,*,*,*,모래01,모래,*,*,B,NNG
모레,0,0,0,Noun,普通,*,*,*,모레,모레,*,*,B,NNG
모습,0,0,0,Noun,普通,*,*,*,모습01,모습,*,*,B,NNG
모양,0,0,0,Noun,普通,*,*,*,모양02,모양,模樣,*,B,NNG
모임,0,0,0,Noun,普通,*,*,*,모임01,모임,*,*,B,NNG
목걸이,0,0,0,Noun,普通,*,*,*,목걸이01,목걸이,*,*,B,NNG
목사,0,0,0,Noun,普通,*,*,*,목사05,목사,牧師,*,B,NNG
목소리,0,0,0,Noun,普通,*,*,*,목소리,목소리,*,*,B,NNG
목욕탕,0,0,0,Noun,普通,*,*,*,목욕탕,목욕탕,沐浴湯,*,B,NNG
목적,0,0,0,Noun,普通,動作,*,*,목적03,목적,目的,*,B,NNG
목표,0,0,0,Noun,普通,動作,*,*,목표,목표,目標,*,B,NNG
몸무게,0,0,0,Noun,普通,*,*,*,몸무게,몸무게,*,*,B,NNG
몸살,0,0,0,Noun,普通,*,*,*,몸살01,몸살,*,~이 걸리다,B,NNG
무,0,0,0,Noun,普通,*,*,*,무02,무,*,식물,B,NNG
무게,0,0,0,Noun,普通,*,*,*,무게,무게,*,*,B,NNG
무늬,0,0,0,Noun,普通,*,*,*,무늬,무늬,*,*,B,NNG
무더위,0,0,0,Noun,普通,*,*,*,무더위,무더위,*,*,B,NNG
무릎,0,0,0,Noun,普通,*,*,*,무릎,무릎,*,*,B,NNG
무역,0,0,0,Noun,普通,動作,*,*,무역02,무역,貿易,*,B,NNG
무용,0,0,0,Noun,普通,動作,*,*,무용03,무용,舞踊,*,B,NNG
문장,0,0,0,Noun,普通,*,*,*,문장02,문장,文章,*,B,NNG
문제점,0,0,0,Noun,普通,*,*,*,문제점,문제점,問題點,*,B,NNG
문학,0,0,0,Noun,普通,*,*,*,문학01,문학,文學,*,B,NNG
문화,0,0,0,Noun,普通,*,*,*,문화01,문화,文化,*,B,NNG
물고기,0,0,0,Noun,普通,*,*,*,물고기,물고기,*,*,B,NNG
물론,0,0,0,Noun,普通,*,*,*,물론01,물론,勿論,*,B,NNG
물속,0,0,0,Noun,普通,*,*,*,물속,물속,*,*,B,NNG
물음,0,0,0,Noun,普通,*,*,*,물음01,물음,*,*,B,NNG
미디어,0,0,0,Noun,普通,*,*,*,미디어,미디어,*,media,B,NNG
미래,0,0,0,Noun,普通,*,*,*,미래02,미래,未來,*,B,NNG
미소,0,0,0,Noun,普通,動作,*,*,미소05,미소,微笑,*,B,NNG
미술,0,0,0,Noun,普通,*,*,*,미술,미술,美術,*,B,NNG
미술관,0,0,0,Noun,普通,*,*,*,미술관,미술관,美術館,*,B,NNG
미인,0,0,0,Noun,普通,*,*,*,미인01,미인,美人,*,B,NNG
미팅,0,0,0,Noun,普通,動作,*,*,미팅,미팅,*,meeting,B,NNG
민족,0,0,0,Noun,普通,*,*,*,민족,민족,民族,*,B,NNG
믿음,0,0,0,Noun,普通,*,*,*,믿음,믿음,*,*,B,NNG
밀가루,0,0,0,Noun,普通,*,*,*,밀가루,밀가루,*,*,B,NNG
바깥,0,0,0,Noun,普通,*,*,*,바깥,바깥,*,*,B,NNG
바늘,0,0,0,Noun,普通,*,*,*,바늘,바늘,*,*,B,NNG
바닥,0,0,0,Noun,普通,*,*,*,바닥01,바닥,*,*,B,NNG
바닷가,0,0,0,Noun,普通,*,*,*,바닷가,바닷가,*,*,B,NNG
바닷물,0,0,0,Noun,普通,*,*,*,바닷물,바닷물,*,*,B,NNG
바보,0,0,0,Noun,普通,状態,*,*,바보,바보,*,*,B,NNG
바위,0,0,0,Noun,普通,*,*,*,바위01,바위,*,*,B,NNG
바이올린,0,0,0,Noun,普通,*,*,*,바이올린,바이올린,*,violin,B,NNG
박사,0,0,0,Noun,普通,*,*,*,박사01,박사,博士,*,B,NNG
박수,0,0,0,Noun,普通,動作,*,*,박수02,박수,拍手,*,B,NNG
박스,0,0,0,Noun,普通,*,*,*,박스,박스,*,box,B,NNG
반대,0,0,0,Noun,普通,動作,*,*,반대03,반대,反對,*,B,NNG
반장,0,0,0,Noun,普通,*,*,*,반장08,반장,班長,*,B,NNG
반지,0,0,0,Noun,普通,*,*,*,반지02,반지,半指,*,B,NNG
반찬,0,0,0,Noun,普通,*,*,*,반찬,반찬,飯饌,*,B,NNG
받침,0,0,0,Noun,普通,*,*,*,받침,받침,*,*,B,NNG
발가락,0,0,0,Noun,普通,*,*,*,발가락,발가락,*,*,B,NNG
발견,0,0,0,Noun,普通,動作,*,*,발견01,발견,發見,*,B,NNG
발달,0,0,0,Noun,普通,動作,*,*,발달,발달,發達,*,B,NNG
발등,0,0,0,Noun,普通,*,*,*,발등,발등,*,*,B,NNG
발목,0,0,0,Noun,普通,*,*,*,발목01,발목,*,*,B,NNG
발생,0,0,0,Noun,普通,動作,*,*,발생,발생,發生,*,B,NNG
발전,0,0,0,Noun,普通,動作,*,*,발전01,발전,發展,*,B,NNG
발표,0,0,0,Noun,普通,動作,*,*,발표01,발표,發表,*,B,NNG
밤,0,0,0,Noun,普通,*,*,*,밤02,밤,*,열매,B,NNG
밤낮,0,0,0,Noun,普通,*,*,*,밤낮,밤낮,*,*,B,NNG
밤중,0,0,0,Noun,普通,*,*,*,밤중,밤중,밤中,*,B,NNG
밥그릇,0,0,0,Noun,普通,*,*,*,밥그릇,밥그릇,*,*,B,NNG
밥맛,0,0,0,Noun,普通,*,*,*,밥맛,밥맛,*,*,B,NNG
밥솥,0,0,0,Noun,普通,*,*,*,밥솥,밥솥,*,*,B,NNG
방금,0,0,0,Noun,普通,*,*,*,방금01,방금,方今,*,B,NNG
방문,0,0,0,Noun,普通,*,*,*,방문02,방문,房門,*,B,NNG
방문,0,0,0,Noun,普通,動作,*,*,방문03,방문,訪問,*,B,NNG
방법,0,0,0,Noun,普通,*,*,*,방법,방법,方法,*,B,NNG
방송,0,0,0,Noun,普通,動作,*,*,방송01,방송,放送,*,B,NNG
방송국,0,0,0,Noun,普通,*,*,*,방송국,방송국,放送局,*,B,NNG
방향,0,0,0,Noun,普通,*,*,*,방향01,방향,方向,*,B,NNG
밭,0,0,0,Noun,普通,*,*,*,밭01,밭,*,*,B,NNG
배경,0,0,0,Noun,普通,*,*,*,배경01,배경,背景,*,B,NNG
배구,0,0,0,Noun,普通,*,*,*,배구05,배구,排球,*,B,NNG
배꼽,0,0,0,Noun,普通,*,*,*,배꼽,배꼽,*,*,B,NNG
배달,0,0,0,Noun,普通,動作,*,*,배달02,배달,配達,*,B,NNG
배드민턴,0,0,0,Noun,普通,*,*,*,배드민턴,배드민턴,*,badminton,B,NNG
배우,0,0,0,Noun,普通,*,*,*,배우01,배우,俳優,*,B,NNG
배추,0,0,0,Noun,普通,*,*,*,배추01,배추,*,*,B,NNG
뱀,0,0,0,Noun,普通,*,*,*,뱀,뱀,*,*,B,NNG
버릇,0,0,0,Noun,普通,*,*,*,버릇01,버릇,*,*,B,NNG
버섯,0,0,0,Noun,普通,*,*,*,버섯02,버섯,*,*,B,NNG
버터,0,0,0,Noun,普通,*,*,*,버터,버터,*,butter,B,NNG
버튼,0,0,0,Noun,普通,*,*,*,버튼,버튼,*,button,B,NNG
번역,0,0,0,Noun,普通,動作,*,*,번역,번역,飜譯,*,B,NNG
벌레,0,0,0,Noun,普通,*,*,*,벌레01,벌레,*,*,B,NNG
법,0,0,0,Noun,普通,*,*,*,법01,법,法,*,B,NNG
베개,0,0,0,Noun,普通,*,*,*,베개,베개,*,*,B,NNG
벨트,0,0,0,Noun,普通,*,*,*,벨트,벨트,*,belt,B,NNG
벽,0,0,0,Noun,普通,*,*,*,벽06,벽,壁,*,B,NNG
변호사,0,0,0,Noun,普通,*,*,*,변호사,변호사,辯護士,*,B,NNG
변화,0,0,0,Noun,普通,動作,*,*,변화,변화,變化,*,B,NNG
보고,0,0,0,Noun,普通,動作,*,*,보고03,보고,報告,*,B,NNG
보고서,0,0,0,Noun,普通,*,*,*,보고서,보고서,報告書,*,B,NNG
보람,0,0,0,Noun,普通,*,*,*,보람,보람,*,*,B,NNG
보험,0,0,0,Noun,普通,*,*,*,보험,보험,保險,*,B,NNG
보호,0,0,0,Noun,普通,動作,*,*,보호01,보호,保護,*,B,NNG
복도,0,0,0,Noun,普通,*,*,*,복도04,복도,複道,*,B,NNG
복사,0,0,0,Noun,普通,動作,*,*,복사09,복사,複寫,*,B,NNG
복습,0,0,0,Noun,普通,動作,*,*,복습,복습,復習,*,B,NNG
볶음밥,0,0,0,Noun,普通,*,*,*,볶음밥,볶음밥,*,*,B,NNG
본래,0,0,0,Noun,普通,*,*,*,본래,본래,本來,*,B,NNG
볼일,0,0,0,Noun,普通,*,*,*,볼일,볼일,*,*,B,NNG
봉지,0,0,0,Noun,普通,*,*,*,봉지06,봉지,封紙,*,B,NNG
봉투,0,0,0,Noun,普通,*,*,*,봉투02,봉투,封套,*,B,NNG
부근,0,0,0,Noun,普通,*,*,*,부근03,부근,附近,*,B,NNG
부끄러움,0,0,0,Noun,普通,*,*,*,부끄러움,부끄러움,*,*,B,NNG
부동산,0,0,0,Noun,普通,*,*,*,부동산,부동산,不動産,*,B,NNG
부분,0,0,0,Noun,普通,*,*,*,부분01,부분,部分,*,B,NNG
부자,0,0,0,Noun,普通,*,*,*,부자08,부자,富者,*,B,NNG
부작용,0,0,0,Noun,普通,*,*,*,부작용,부작용,副作用,*,B,NNG
부잣집,0,0,0,Noun,普通,*,*,*,부잣집,부잣집,富者ㅅ집,*,B,NNG
부장,0,0,0,Noun,普通,*,*,*,부장07,부장,部長,*,B,NNG
부족,0,0,0,Noun,普通,状態,*,*,부족01,부족,不足,*,B,NNG
부족,0,0,0,Noun,普通,*,*,*,부족05,부족,部族,*,B,NNG
부처,0,0,0,Noun,普通,*,*,*,부처04,부처,部處,*,B,NNG
부탁,0,0,0,Noun,普通,動作,*,*,부탁,부탁,付託,*,B,NNG
북,0,0,0,Noun,普通,*,*,*,북07,북,北,*,B,NNG
분위기,0,0,0,Noun,普通,*,*,*,분위기,분위기,雰圍氣,*,B,NNG
불교,0,0,0,Noun,普通,*,*,*,불교,불교,佛敎,*,B,NNG
불꽃,0,0,0,Noun,普通,*,*,*,불꽃01,불꽃,*,*,B,NNG
불만,0,0,0,Noun,普通,状態,*,*,불만,불만,不滿,*,B,NNG
불빛,0,0,0,Noun,普通,*,*,*,불빛,불빛,*,*,B,NNG
불안,0,0,0,Noun,普通,状態,*,*,불안01,불안,不安,*,B,NNG
블라우스,0,0,0,Noun,普通,*,*,*,블라우스,블라우스,*,blouse,B,NNG
비교,0,0,0,Noun,普通,動作,*,*,비교01,비교,比較,*,B,NNG
비닐,0,0,0,Noun,普通,*,*,*,비닐,비닐,*,vinyl,B,NNG
비닐봉지,0,0,0,Noun,普通,*,*,*,비닐봉지,비닐봉지,*,vinyl封紙,B,NNG
비밀,0,0,0,Noun,普通,状態,*,*,비밀,비밀,秘密,*,B,NNG
비서,0,0,0,Noun,普通,*,*,*,비서05,비서,秘書,*,B,NNG
비용,0,0,0,Noun,普通,*,*,*,비용03,비용,費用,*,B,NNG
비타민,0,0,0,Noun,普通,*,*,*,비타민,비타민,*,vitamin,B,NNG
빌딩,0,0,0,Noun,普通,*,*,*,빌딩,빌딩,*,building,B,NNG
빗,0,0,0,Noun,普通,*,*,*,빗01,빗,*,*,B,NNG
빗물,0,0,0,Noun,普通,*,*,*,빗물,빗물,*,*,B,NNG
빛,0,0,0,Noun,普通,*,*,*,빛,빛,*,*,B,NNG
빨래,0,0,0,Noun,普通,動作,*,*,빨래,빨래,*,*,B,NNG
뺨,0,0,0,Noun,普通,*,*,*,뺨,뺨,*,*,B,NNG
뼈,0,0,0,Noun,普通,*,*,*,뼈,뼈,*,*,B,NNG
뿌리,0,0,0,Noun,普通,*,*,*,뿌리,뿌리,*,*,B,NNG
사계절,0,0,0,Noun,普通,*,*,*,사계절,사계절,四季節,*,B,NNG
사고,0,0,0,Noun,普通,*,*,*,사고12,사고,事故,*,B,NNG
사모님,0,0,0,Noun,普通,*,*,*,사모님,사모님,師母님,*,B,NNG
사무,0,0,0,Noun,普通,*,*,*,사무05,사무,事務,*,B,NNG
사물,0,0,0,Noun,普通,*,*,*,사물10,사물,事物,*,B,NNG
사실,0,0,0,Noun,普通,*,*,*,사실04,사실,事實,*,B,NNG
사업,0,0,0,Noun,普通,動作,*,*,사업04,사업,事業,*,B,NNG
사용,0,0,0,Noun,普通,動作,*,*,사용04,사용,使用,*,B,NNG
사용자,0,0,0,Noun,普通,*,*,*,사용자,사용자,使用者,*,B,NNG
사원,0,0,0,Noun,普通,*,*,*,사원04,사원,社員,*,B,NNG
사위,0,0,0,Noun,普通,*,*,*,사위01,사위,*,*,B,NNG
사자,0,0,0,Noun,普通,*,*,*,사자11,사자,獅子,*,B,NNG
사진기,0,0,0,Noun,普通,*,*,*,사진기02,사진기,寫眞機,*,B,NNG
사촌,0,0,0,Noun,普通,*,*,*,사촌,사촌,四寸,*,B,NNG
사회,0,0,0,Noun,普通,*,*,*,사회07,사회,社會,*,B,NNG
사흘,0,0,0,Noun,普通,*,*,*,사흘,사흘,*,*,B,NNG
산소,0,0,0,Noun,普通,*,*,*,산소03,산소,酸素,*,B,NNG
산속,0,0,0,Noun,普通,*,*,*,산속,산속,山속,*,B,NNG
살,0,0,0,Noun,普通,*,*,*,살01,살,*,~을 빼다,B,NNG
삼촌,0,0,0,Noun,普通,*,*,*,삼촌,삼촌,三寸,*,B,NNG
상,0,0,0,Noun,普通,*,*,*,상25,상,賞,*,B,NNG
상대,0,0,0,Noun,普通,動作,*,*,상대04,상대,相對,*,B,NNG
상대방,0,0,0,Noun,普通,*,*,*,상대방02,상대방,相對方,*,B,NNG
상상,0,0,0,Noun,普通,動作,*,*,상상07,상상,想像,*,B,NNG
상자,0,0,0,Noun,普通,*,*,*,상자10,상자,箱子,*,B,NNG
상처,0,0,0,Noun,普通,動作,*,*,상처02,상처,傷處,*,B,NNG
상추,0,0,0,Noun,普通,*,*,*,상추01,상추,*,*,B,NNG
상품,0,0,0,Noun,普通,*,*,*,상품03,상품,商品,*,B,NNG
새끼,0,0,0,Noun,普通,*,*,*,새끼02,새끼,*,자식~,B,NNG
새벽,0,0,0,Noun,普通,*,*,*,새벽01,새벽,*,*,B,NNG
새소리,0,0,0,Noun,普通,*,*,*,새소리,새소리,*,*,B,NNG
새우,0,0,0,Noun,普通,*,*,*,새우02,새우,*,*,B,NNG
새해,0,0,0,Noun,普通,*,*,*,새해,새해,*,*,B,NNG
생신,0,0,0,Noun,普通,*,*,*,생신02,생신,生辰,*,B,NNG
생활환경,0,0,0,Noun,普通,*,*,*,생활환경,생활환경,生活環境,*,B,NNG
서랍,0,0,0,Noun,普通,*,*,*,서랍,서랍,*,*,B,NNG
서로,0,0,0,Noun,普通,*,*,*,서로01,서로,*,*,B,NNG
서류,0,0,0,Noun,普通,*,*,*,서류02,서류,書類,*,B,NNG
서비스,0,0,0,Noun,普通,動作,*,*,서비스,서비스,*,service,B,NNG
서양,0,0,0,Noun,普通,*,*,*,서양,서양,西洋,*,B,NNG
석유,0,0,0,Noun,普通,*,*,*,석유01,석유,石油,*,B,NNG
선배,0,0,0,Noun,普通,*,*,*,선배,선배,先輩,*,B,NNG
선수,0,0,0,Noun,普通,*,*,*,선수05,선수,選手,*,B,NNG
선택,0,0,0,Noun,普通,動作,*,*,선택,선택,選擇,*,B,NNG
선풍기,0,0,0,Noun,普通,*,*,*,선풍기,선풍기,扇風機,*,B,NNG
설거지,0,0,0,Noun,普通,動作,*,*,설거지,설거지,*,*,B,NNG
설날,0,0,0,Noun,普通,*,*,*,설날,설날,*,*,B,NNG
설렁탕,0,0,0,Noun,普通,*,*,*,설렁탕,설렁탕,설렁湯,*,B,NNG
섬,0,0,0,Noun,普通,*,*,*,섬03,섬,*,*,B,NNG
섭씨,0,0,0,Noun,普通,*,*,*,섭씨,섭씨,攝氏,*,B,NNG
성,0,0,0,Noun,普通,*,*,*,성06,성,姓,*,B,NNG
성격,0,0,0,Noun,普通,*,*,*,성격02,성격,性格,*,B,NNG
성공,0,0,0,Noun,普通,動作,*,*,성공01,성공,成功,*,B,NNG
성별,0,0,0,Noun,普通,*,*,*,성별01,성별,性別,*,B,NNG
성인,0,0,0,Noun,普通,*,*,*,성인01,성인,成人,*,B,NNG
성적,0,0,0,Noun,普通,*,*,*,성적04,성적,成績,*,B,NNG
성함,0,0,0,Noun,普通,*,*,*,성함,성함,姓銜,*,B,NNG
세계,0,0,0,Noun,普通,*,*,*,세계02,세계,世界,*,B,NNG
세금,0,0,0,Noun,普通,*,*,*,세금01,세금,稅金,*,B,NNG
세기,0,0,0,Noun,普通,*,*,*,세기03,세기,世紀,*,B,NNG
세로,0,0,0,Noun,普通,*,*,*,세로01,세로,*,*,B,NNG
세상,0,0,0,Noun,普通,*,*,*,세상01,세상,世上,*,B,NNG
세탁,0,0,0,Noun,普通,動作,*,*,세탁,세탁,洗濯,*,B,NNG
세탁소,0,0,0,Noun,普通,*,*,*,세탁소,세탁소,洗濯所,*,B,NNG
센터,0,0,0,Noun,普通,*,*,*,센터02,센터,*,center,B,NNG
소,0,0,0,Noun,普通,*,*,*,소03,소,*,동물,B,NNG
소개,0,0,0,Noun,普通,動作,*,*,소개02,소개,紹介,*,B,NNG
소나기,0,0,0,Noun,普通,*,*,*,소나기01,소나기,*,*,B,NNG
소나무,0,0,0,Noun,普通,*,*,*,소나무,소나무,*,*,B,NNG
소녀,0,0,0,Noun,普通,*,*,*,소녀02,소녀,少女,*,B,NNG
소년,0,0,0,Noun,普通,*,*,*,소년01,소년,少年,*,B,NNG
소리,0,0,0,Noun,普通,*,*,*,소리01,소리,*,*,B,NNG
소문,0,0,0,Noun,普通,*,*,*,소문02,소문,所聞,*,B,NNG
소비자,0,0,0,Noun,普通,*,*,*,소비자,소비자,消費者,*,B,NNG
소설,0,0,0,Noun,普通,*,*,*,소설03,소설,小說,*,B,NNG
소설가,0,0,0,Noun,普通,*,*,*,소설가,소설가,小說家,*,B,NNG
소스,0,0,0,Noun,普通,*,*,*,소스01,소스,*,sauce,B,NNG
소시지,0,0,0,Noun,普通,*,*,*,소시지,소시지,*,sausage,B,NNG
소식,0,0,0,Noun,普通,*,*,*,소식04,소식,消息,*,B,NNG
소주,0,0,0,Noun,普通,*,*,*,소주05,소주,燒酒,*,B,NNG
소포,0,0,0,Noun,普通,*,*,*,소포01,소포,小包,*,B,NNG
속도,0,0,0,Noun,普通,*,*,*,속도01,속도,速度,*,B,NNG
속옷,0,0,0,Noun,普通,*,*,*,속옷,속옷,*,*,B,NNG
손녀,0,0,0,Noun,普通,*,*,*,손녀,손녀,孫女,*,B,NNG
손목,0,0,0,Noun,普通,*,*,*,손목,손목,*,*,B,NNG
손바닥,0,0,0,Noun,普通,*,*,*,손바닥,손바닥,*,*,B,NNG
손발,0,0,0,Noun,普通,*,*,*,손발,손발,*,*,B,NNG
손뼉,0,0,0,Noun,普通,*,*,*,손뼉,손뼉,*,*,B,NNG
손수건,0,0,0,Noun,普通,*,*,*,손수건,손수건,손手巾,*,B,NNG
손자,0,0,0,Noun,普通,*,*,*,손자01,손자,孫子,*,B,NNG
손잡이,0,0,0,Noun,普通,*,*,*,손잡이,손잡이,*,*,B,NNG
손톱,0,0,0,Noun,普通,*,*,*,손톱01,손톱,*,*,B,NNG
송아지,0,0,0,Noun,普通,*,*,*,송아지,송아지,*,*,B,NNG
송이,0,0,0,Noun,普通,*,*,*,송이01,송이,*,꽃 한 ~,B,NNG
송편,0,0,0,Noun,普通,*,*,*,송편,송편,松편,*,B,NNG
쇼,0,0,0,Noun,普通,動作,*,*,쇼02,쇼,*,show,B,NNG
수년,0,0,0,Noun,普通,*,*,*,수년02,수년,數年,*,B,NNG
수돗물,0,0,0,Noun,普通,*,*,*,수돗물,수돗물,水道ㅅ물,*,B,NNG
수상,0,0,0,Noun,普通,*,*,*,수상09,수상,首相,*,B,NNG
수술,0,0,0,Noun,普通,動作,*,*,수술05,수술,手術,*,B,NNG
수염,0,0,0,Noun,普通,*,*,*,수염03,수염,鬚髥,*,B,NNG
수입,0,0,0,Noun,普通,*,*,*,수입01,수입,收入,*,B,NNG
수입,0,0,0,Noun,普通,動作,*,*,수입02,수입,輸入,*,B,NNG
수출,0,0,0,Noun,普通,動作,*,*,수출03,수출,輸出,*,B,NNG
수표,0,0,0,Noun,普通,*,*,*,수표01,수표,手票,*,B,NNG
수학,0,0,0,Noun,普通,動作,*,*,수학02,수학,受學,*,B,NNG
수학,0,0,0,Noun,普通,*,*,*,수학05,수학,數學,*,B,NNG
수화기,0,0,0,Noun,普通,*,*,*,수화기,수화기,受話器,*,B,NNG
숙소,0,0,0,Noun,普通,*,*,*,숙소02,숙소,宿所,*,B,NNG
순간,0,0,0,Noun,普通,*,*,*,순간03,순간,瞬間,*,B,NNG
순서,0,0,0,Noun,普通,*,*,*,순서,순서,順序,*,B,NNG
술병,0,0,0,Noun,普通,*,*,*,술병02,술병,술甁,*,B,NNG
술자리,0,0,0,Noun,普通,*,*,*,술자리,술자리,*,*,B,NNG
술잔,0,0,0,Noun,普通,*,*,*,술잔,술잔,술盞,*,B,NNG
술집,0,0,0,Noun,普通,*,*,*,술집,술집,*,*,B,NNG
숨,0,0,0,Noun,普通,*,*,*,숨01,숨,*,*,B,NNG
숫자,0,0,0,Noun,普通,*,*,*,숫자,숫자,數字,*,B,NNG
숲,0,0,0,Noun,普通,*,*,*,숲01,숲,*,*,B,NNG
스님,0,0,0,Noun,普通,*,*,*,스님,스님,*,*,B,NNG
스스로,0,0,0,Noun,普通,*,*,*,스스로,스스로,*,*,B,NNG
스웨터,0,0,0,Noun,普通,*,*,*,스웨터,스웨터,*,sweater,B,NNG
스케이트,0,0,0,Noun,普通,*,*,*,스케이트,스케이트,*,skate,B,NNG
스케줄,0,0,0,Noun,普通,*,*,*,스케줄,스케줄,*,schedule,B,NNG
스키장,0,0,0,Noun,普通,*,*,*,스키장,스키장,스키場,ski場,B,NNG
스타,0,0,0,Noun,普通,*,*,*,스타,스타,*,star,B,NNG
스타일,0,0,0,Noun,普通,*,*,*,스타일,스타일,*,style,B,NNG
슬픔,0,0,0,Noun,普通,*,*,*,슬픔,슬픔,*,*,B,NNG
습관,0,0,0,Noun,普通,*,*,*,습관,습관,習慣,*,B,NNG
승용차,0,0,0,Noun,普通,*,*,*,승용차,승용차,乘用車,*,B,NNG
시골,0,0,0,Noun,普通,*,*,*,시골,시골,*,*,B,NNG
시내,0,0,0,Noun,普通,*,*,*,시내03,시내,市內,*,B,NNG
시내버스,0,0,0,Noun,普通,*,*,*,시내버스,시내버스,市內버스,市內bus,B,NNG
시대,0,0,0,Noun,普通,*,*,*,시대02,시대,時代,*,B,NNG
시리즈,0,0,0,Noun,普通,*,*,*,시리즈,시리즈,*,series,B,NNG
시민,0,0,0,Noun,普通,*,*,*,시민,시민,市民,*,B,NNG
시부모,0,0,0,Noun,普通,*,*,*,시부모,시부모,媤父母,*,B,NNG
시설,0,0,0,Noun,普通,動作,*,*,시설03,시설,施設,*,B,NNG
시아버지,0,0,0,Noun,普通,*,*,*,시아버지,시아버지,媤아버지,*,B,NNG
시어머니,0,0,0,Noun,普通,*,*,*,시어머니,시어머니,媤어머니,*,B,NNG
시외,0,0,0,Noun,普通,*,*,*,시외01,시외,市外,*,B,NNG
시인,0,0,0,Noun,普通,*,*,*,시인10,시인,詩人,*,B,NNG
시절,0,0,0,Noun,普通,*,*,*,시절01,시절,時節,*,B,NNG
시집,0,0,0,Noun,普通,*,*,*,시집01,시집,媤집,*,B,NNG
시청,0,0,0,Noun,普通,*,*,*,시청01,시청,市廳,*,B,NNG
시청자,0,0,0,Noun,普通,*,*,*,시청자,시청자,視聽者,*,B,NNG
식구,0,0,0,Noun,普通,*,*,*,식구01,식구,食口,*,B,NNG
식물,0,0,0,Noun,普通,*,*,*,식물02,식물,植物,*,B,NNG
식빵,0,0,0,Noun,普通,*,*,*,식빵,식빵,食빵,*,B,NNG
식용유,0,0,0,Noun,普通,*,*,*,식용유,식용유,食用油,*,B,NNG
식초,0,0,0,Noun,普通,*,*,*,식초,식초,食醋,*,B,NNG
식품,0,0,0,Noun,普通,*,*,*,식품01,식품,食品,*,B,NNG
신,0,0,0,Noun,普通,*,*,*,신02,신,*,~이 나다,B,NNG
신고,0,0,0,Noun,普通,動作,*,*,신고01,신고,申告,*,B,NNG
신랑,0,0,0,Noun,普通,*,*,*,신랑02,신랑,新郞,*,B,NNG
신문사,0,0,0,Noun,普通,*,*,*,신문사,신문사,新聞社,*,B,NNG
신문지,0,0,0,Noun,普通,*,*,*,신문지,신문지,新聞紙,*,B,NNG
신부,0,0,0,Noun,普通,*,*,*,신부10,신부,新婦,*,B,NNG
신용,0,0,0,Noun,普通,*,*,*,신용01,신용,信用,*,B,NNG
신입생,0,0,0,Noun,普通,*,*,*,신입생,신입생,新入生,*,B,NNG
신청,0,0,0,Noun,普通,動作,*,*,신청01,신청,申請,*,B,NNG
신체,0,0,0,Noun,普通,*,*,*,신체02,신체,身體,*,B,NNG
신호,0,0,0,Noun,普通,動作,*,*,신호01,신호,信號,*,B,NNG
신호등,0,0,0,Noun,普通,*,*,*,신호등,신호등,信號燈,*,B,NNG
신혼부부,0,0,0,Noun,普通,*,*,*,신혼부부,신혼부부,新婚夫婦,*,B,NNG
신혼여행,0,0,0,Noun,普通,*,*,*,신혼여행,신혼여행,新婚旅行,*,B,NNG
실내,0,0,0,Noun,普通,*,*,*,실내,실내,室內,*,B,NNG
실력,0,0,0,Noun,普通,*,*,*,실력02,실력,實力,*,B,NNG
실수,0,0,0,Noun,普通,動作,*,*,실수01,실수,失手,*,B,NNG
실제,0,0,0,Noun,普通,*,*,*,실제02,실제,實際,*,B,NNG
실패,0,0,0,Noun,普通,動作,*,*,실패02,실패,失敗,*,B,NNG
심리,0,0,0,Noun,普通,*,*,*,심리01,심리,心理,*,B,NNG
심부름,0,0,0,Noun,普通,動作,*,*,심부름,심부름,*,*,B,NNG
싸움,0,0,0,Noun,普通,動作,*,*,싸움,싸움,*,*,B,NNG
쌀,0,0,0,Noun,普通,*,*,*,쌀,쌀,*,*,B,NNG
쓰레기통,0,0,0,Noun,普通,*,*,*,쓰레기통,쓰레기통,쓰레기桶,*,B,NNG
씨,0,0,0,Noun,普通,*,*,*,씨01,씨,*,~를 심다,B,NNG
씨름,0,0,0,Noun,普通,動作,*,*,씨름,씨름,*,*,B,NNG
아가씨,0,0,0,Noun,普通,*,*,*,아가씨,아가씨,*,*,B,NNG
아까,0,0,0,Noun,普通,*,*,*,아까,아까,*,*,B,NNG
아나운서,0,0,0,Noun,普通,*,*,*,아나운서,아나운서,*,announcer,B,NNG
아래쪽,0,0,0,Noun,普通,*,*,*,아래쪽,아래쪽,*,*,B,NNG
아래층,0,0,0,Noun,普通,*,*,*,아래층,아래층,아래層,*,B,NNG
아무것,0,0,0,Noun,普通,*,*,*,아무것,아무것,*,*,B,NNG
아버님,0,0,0,Noun,普通,*,*,*,아버님,아버님,*,*,B,NNG
아픔,0,0,0,Noun,普通,*,*,*,아픔,아픔,*,*,B,NNG
악기,0,0,0,Noun,普通,*,*,*,악기05,악기,樂器,*,B,NNG
악수,0,0,0,Noun,普通,動作,*,*,악수06,악수,握手,*,B,NNG
안방,0,0,0,Noun,普通,*,*,*,안방02,안방,안房,*,B,NNG
안전,0,0,0,Noun,普通,状態,*,*,안전03,안전,安全,*,B,NNG
안주,0,0,0,Noun,普通,*,*,*,안주04,안주,按酒,*,B,NNG
안쪽,0,0,0,Noun,普通,*,*,*,안쪽,안쪽,*,*,B,NNG
알,0,0,0,Noun,普通,*,*,*,알01,알,*,*,B,NNG
암,0,0,0,Noun,普通,*,*,*,암08,암,癌,*,B,NNG
앞길,0,0,0,Noun,普通,*,*,*,앞길01,앞길,*,앞에 있는 길,B,NNG
앞뒤,0,0,0,Noun,普通,*,*,*,앞뒤,앞뒤,*,*,B,NNG
앞쪽,0,0,0,Noun,普通,*,*,*,앞쪽,앞쪽,*,*,B,NNG
애,0,0,0,Noun,普通,*,*,*,애02,애,*,아이,B,NNG
애인,0,0,0,Noun,普通,*,*,*,애인02,애인,愛人,*,B,NNG
액세서리,0,0,0,Noun,普通,*,*,*,액세서리,액세서리,*,accessory,B,NNG
야외,0,0,0,Noun,普通,*,*,*,야외,야외,野外,*,B,NNG
야채,0,0,0,Noun,普通,*,*,*,야채,야채,野菜,*,B,NNG
약간,0,0,0,Noun,普通,*,*,*,약간,약간,若干,*,B,NNG
양,0,0,0,Noun,普通,*,*,*,양20,양,量,*,B,NNG
양념,0,0,0,Noun,普通,動作,*,*,양념,양념,*,*,B,NNG
양배추,0,0,0,Noun,普通,*,*,*,양배추,양배추,洋배추,*,B,NNG
양쪽,0,0,0,Noun,普通,*,*,*,양쪽,양쪽,兩쪽,*,B,NNG
양파,0,0,0,Noun,普通,*,*,*,양파,양파,洋파,*,B,NNG
어둠,0,0,0,Noun,普通,*,*,*,어둠,어둠,*,*,B,NNG
어려움,0,0,0,Noun,普通,*,*,*,어려움,어려움,*,*,B,NNG
어린아이,0,0,0,Noun,普通,*,*,*,어린아이,어린아이,*,*,B,NNG
어린애,0,0,0,Noun,普通,*,*,*,어린애,어린애,*,*,B,NNG
어린이날,0,0,0,Noun,普通,*,*,*,어린이날,어린이날,*,*,B,NNG
어머님,0,0,0,Noun,普通,*,*,*,어머님,어머님,*,*,B,NNG
어젯밤,0,0,0,Noun,普通,*,*,*,어젯밤,어젯밤,*,*,B,NNG
얼음,0,0,0,Noun,普通,*,*,*,얼음01,얼음,*,*,B,NNG
업무,0,0,0,Noun,普通,*,*,*,업무02,업무,業務,*,B,NNG
에너지,0,0,0,Noun,普通,*,*,*,에너지,에너지,*,energy,B,NNG
엘리베이터,0,0,0,Noun,普通,*,*,*,엘리베이터,엘리베이터,*,elevator,B,NNG
여,0,0,0,Noun,普通,*,*,*,여07,여,女,*,B,NNG
여고생,0,0,0,Noun,普通,*,*,*,여고생,여고생,女高生,*,B,NNG
여관,0,0,0,Noun,普通,*,*,*,여관03,여관,旅館,*,B,NNG
여기저기,0,0,0,Noun,普通,*,*,*,여기저기,여기저기,*,*,B,NNG
여대생,0,0,0,Noun,普通,*,*,*,여대생,여대생,女大生,*,B,NNG
여름철,0,0,0,Noun,普通,*,*,*,여름철,여름철,*,*,B,NNG
여성,0,0,0,Noun,普通,状態,*,*,여성01,여성,女性,*,B,NNG
여우,0,0,0,Noun,普通,*,*,*,여우01,여우,*,동물,B,NNG
여유,0,0,0,Noun,普通,*,*,*,여유,여유,餘裕,*,B,NNG
여직원,0,0,0,Noun,普通,*,*,*,여직원,여직원,女職員,*,B,NNG
여행사,0,0,0,Noun,普通,*,*,*,여행사,여행사,旅行社,*,B,NNG
역사가,0,0,0,Noun,普通,*,*,*,역사가,역사가,歷史家,*,B,NNG
역할,0,0,0,Noun,普通,*,*,*,역할,역할,役割,*,B,NNG
연구,0,0,0,Noun,普通,動作,*,*,연구03,연구,硏究,*,B,NNG
연구소,0,0,0,Noun,普通,*,*,*,연구소,연구소,硏究所,*,B,NNG
연구자,0,0,0,Noun,普通,*,*,*,연구자,연구자,硏究者,*,B,NNG
연기,0,0,0,Noun,普通,*,*,*,연기09,연기,煙氣,*,B,NNG
연기,0,0,0,Noun,普通,動作,*,*,연기10,연기,演技,*,B,NNG
연락처,0,0,0,Noun,普通,*,*,*,연락처,연락처,連絡處,*,B,NNG
연말,0,0,0,Noun,普通,*,*,*,연말02,연말,年末,*,B,NNG
연세,0,0,0,Noun,普通,*,*,*,연세02,연세,年歲,*,B,NNG
연휴,0,0,0,Noun,普通,*,*,*,연휴02,연휴,連休,*,B,NNG
열,0,0,0,Noun,普通,*,*,*,열07,열,熱,*,B,NNG
열차,0,0,0,Noun,普通,*,*,*,열차02,열차,列車,*,B,NNG
열흘,0,0,0,Noun,普通,*,*,*,열흘,열흘,*,*,B,NNG
엽서,0,0,0,Noun,普通,*,*,*,엽서02,엽서,葉書,*,B,NNG
영상,0,0,0,Noun,普通,*,*,*,영상03,영상,零上,*,B,NNG
영하,0,0,0,Noun,普通,*,*,*,영하,영하,零下,*,B,NNG
옆방,0,0,0,Noun,普通,*,*,*,옆방,옆방,옆房,*,B,NNG
옆집,0,0,0,Noun,普通,*,*,*,옆집,옆집,*,*,B,NNG
예,0,0,0,Noun,普通,*,*,*,예07,예,例,*,B,NNG
예금,0,0,0,Noun,普通,動作,*,*,예금01,예금,預金,*,B,NNG
예상,0,0,0,Noun,普通,動作,*,*,예상02,예상,豫想,*,B,NNG
예술,0,0,0,Noun,普通,*,*,*,예술,예술,藝術,*,B,NNG
예술가,0,0,0,Noun,普通,*,*,*,예술가,예술가,藝術家,*,B,NNG
예약,0,0,0,Noun,普通,動作,*,*,예약,예약,豫約,*,B,NNG
예전,0,0,0,Noun,普通,*,*,*,예전01,예전,*,*,B,NNG
예절,0,0,0,Noun,普通,*,*,*,예절,예절,禮節,*,B,NNG
예정,0,0,0,Noun,普通,動作,*,*,예정02,예정,豫定,*,B,NNG
옛날이야기,0,0,0,Noun,普通,*,*,*,옛날이야기,옛날이야기,*,*,B,NNG
오늘날,0,0,0,Noun,普通,*,*,*,오늘날,오늘날,*,*,B,NNG
오래전,0,0,0,Noun,普通,*,*,*,오래전,오래전,오래前,*,B,NNG
오랫동안,0,0,0,Noun,普通,*,*,*,오랫동안,오랫동안,*,*,B,NNG
오른발,0,0,0,Noun,普通,*,*,*,오른발,오른발,*,*,B,NNG
오른손,0,0,0,Noun,普通,*,*,*,오른손,오른손,*,*,B,NNG
오리,0,0,0,Noun,普通,*,*,*,오리03,오리,*,동물,B,NNG
오븐,0,0,0,Noun,普通,*,*,*,오븐,오븐,*,oven,B,NNG
오이,0,0,0,Noun,普通,*,*,*,오이01,오이,*,*,B,NNG
오징어,0,0,0,Noun,普通,*,*,*,오징어,오징어,*,*,B,NNG
오피스텔,0,0,0,Noun,普通,*,*,*,오피스텔,오피스텔,*,office hotel,B,NNG
옥수수,0,0,0,Noun,普通,*,*,*,옥수수,옥수수,*,*,B,NNG
온도,0,0,0,Noun,普通,*,*,*,온도,온도,溫度,*,B,NNG
온몸,0,0,0,Noun,普通,*,*,*,온몸,온몸,*,*,B,NNG
올림픽,0,0,0,Noun,普通,*,*,*,올림픽,올림픽,*,Olympic,B,NNG
와인,0,0,0,Noun,普通,*,*,*,와인,와인,*,wine,B,NNG
왕,0,0,0,Noun,普通,*,*,*,왕04,왕,王,*,B,NNG
외교,0,0,0,Noun,普通,*,*,*,외교01,외교,外交,*,B,NNG
외교관,0,0,0,Noun,普通,*,*,*,외교관,외교관,外交官,*,B,NNG
외삼촌,0,0,0,Noun,普通,*,*,*,외삼촌,외삼촌,外三寸,*,B,NNG
외출,0,0,0,Noun,普通,動作,*,*,외출,외출,外出,*,B,NNG
외할머니,0,0,0,Noun,普通,*,*,*,외할머니,외할머니,外할머니,*,B,NNG
왼발,0,0,0,Noun,普通,*,*,*,왼발,왼발,*,*,B,NNG
왼손,0,0,0,Noun,普通,*,*,*,왼손,왼손,*,*,B,NNG
요금,0,0,0,Noun,普通,*,*,*,요금01,요금,料金,*,B,NNG
요새,0,0,0,Noun,普通,*,*,*,요새01,요새,*,*,B,NNG
요청,0,0,0,Noun,普通,動作,*,*,요청,요청,要請,*,B,NNG
욕실,0,0,0,Noun,普通,*,*,*,욕실,욕실,浴室,*,B,NNG
욕심,0,0,0,Noun,普通,*,*,*,욕심,욕심,欲心,*,B,NNG
용돈,0,0,0,Noun,普通,*,*,*,용돈,용돈,用돈,*,B,NNG
우리말,0,0,0,Noun,普通,*,*,*,우리말,우리말,*,*,B,NNG
우승,0,0,0,Noun,普通,*,*,*,우승05,우승,優勝,*,B,NNG
우표,0,0,0,Noun,普通,*,*,*,우표,우표,郵票,*,B,NNG
운,0,0,0,Noun,普通,*,*,*,운06,운,運,*,B,NNG
운동복,0,0,0,Noun,普通,*,*,*,운동복,운동복,運動服,*,B,NNG
운전기사,0,0,0,Noun,普通,*,*,*,운전기사,운전기사,運轉技士,*,B,NNG
운전자,0,0,0,Noun,普通,*,*,*,운전자,운전자,運轉者,*,B,NNG
울음,0,0,0,Noun,普通,*,*,*,울음,울음,*,*,B,NNG
웃어른,0,0,0,Noun,普通,*,*,*,웃어른,웃어른,*,*,B,NNG
웃음,0,0,0,Noun,普通,*,*,*,웃음,웃음,*,*,B,NNG
원래,0,0,0,Noun,普通,*,*,*,원래01,원래,元來,*,B,NNG
원숭이,0,0,0,Noun,普通,*,*,*,원숭이,원숭이,*,*,B,NNG
원피스,0,0,0,Noun,普通,*,*,*,원피스,원피스,*,one-piece,B,NNG
월급,0,0,0,Noun,普通,*,*,*,월급,월급,月給,*,B,NNG
월드컵,0,0,0,Noun,普通,*,*,*,월드컵,월드컵,*,World Cup,B,NNG
웨이터,0,0,0,Noun,普通,*,*,*,웨이터,웨이터,*,waiter,B,NNG
웬일,0,0,0,Noun,普通,*,*,*,웬일,웬일,*,*,B,NNG
위반,0,0,0,Noun,普通,動作,*,*,위반03,위반,違反,*,B,NNG
위아래,0,0,0,Noun,普通,*,*,*,위아래,위아래,*,*,B,NNG
위쪽,0,0,0,Noun,普通,*,*,*,위쪽,위쪽,*,*,B,NNG
위층,0,0,0,Noun,普通,*,*,*,위층,위층,위層,*,B,NNG
위치,0,0,0,Noun,普通,動作,*,*,위치01,위치,位置,*,B,NNG
유교,0,0,0,Noun,普通,*,*,*,유교02,유교,儒敎,*,B,NNG
유리,0,0,0,Noun,普通,*,*,*,유리10,유리,琉璃,*,B,NNG
유리창,0,0,0,Noun,普通,*,*,*,유리창01,유리창,琉璃窓,*,B,NNG
유명,0,0,0,Noun,普通,状態,*,*,유명01,유명,有名,*,B,NNG
유치원,0,0,0,Noun,普通,*,*,*,유치원,유치원,幼稚園,*,B,NNG
유학,0,0,0,Noun,普通,動作,*,*,유학04,유학,留學,*,B,NNG
유학,0,0,0,Noun,普通,*,*,*,유학06,유학,儒學,*,B,NNG
유학생,0,0,0,Noun,普通,*,*,*,유학생01,유학생,留學生,*,B,NNG
유행,0,0,0,Noun,普通,動作,*,*,유행02,유행,流行,*,B,NNG
음료,0,0,0,Noun,普通,*,*,*,음료,음료,飮料,*,B,NNG
음료수,0,0,0,Noun,普通,*,*,*,음료수,음료수,飮料水,*,B,NNG
음악가,0,0,0,Noun,普通,*,*,*,음악가,음악가,音樂家,*,B,NNG
의견,0,0,0,Noun,普通,*,*,*,의견01,의견,意見,*,B,NNG
의미,0,0,0,Noun,普通,動作,*,*,의미02,의미,意味,*,B,NNG
이것저것,0,0,0,Noun,普通,*,*,*,이것저것,이것저것,*,*,B,NNG
이곳저곳,0,0,0,Noun,普通,*,*,*,이곳저곳,이곳저곳,*,*,B,NNG
이날,0,0,0,Noun,普通,*,*,*,이날,이날,*,*,B,NNG
이동,0,0,0,Noun,普通,動作,*,*,이동03,이동,移動,*,B,NNG
이마,0,0,0,Noun,普通,*,*,*,이마01,이마,*,*,B,NNG
이모,0,0,0,Noun,普通,*,*,*,이모02,이모,姨母,*,B,NNG
이미지,0,0,0,Noun,普通,*,*,*,이미지,이미지,*,image,B,NNG
이발소,0,0,0,Noun,普通,*,*,*,이발소,이발소,理髮所,*,B,NNG
이불,0,0,0,Noun,普通,*,*,*,이불01,이불,*,*,B,NNG
이빨,0,0,0,Noun,普通,*,*,*,이빨,이빨,*,*,B,NNG
이사,0,0,0,Noun,普通,動作,*,*,이사14,이사,移徙,*,B,NNG
이상,0,0,0,Noun,普通,*,*,*,이상05,이상,以上,*,B,NNG
이상,0,0,0,Noun,普通,*,*,*,이상09,이상,理想,*,B,NNG
이상,0,0,0,Noun,普通,状態,*,*,이상12,이상,異常,*,B,NNG
이성,0,0,0,Noun,普通,*,*,*,이성08,이성,理性,*,B,NNG
이외,0,0,0,Noun,普通,*,*,*,이외01,이외,以外,*,B,NNG
이용,0,0,0,Noun,普通,動作,*,*,이용01,이용,利用,*,B,NNG
이웃,0,0,0,Noun,普通,動作,*,*,이웃,이웃,*,*,B,NNG
이웃집,0,0,0,Noun,普通,*,*,*,이웃집,이웃집,*,*,B,NNG
이유,0,0,0,Noun,普通,*,*,*,이유04,이유,理由,*,B,NNG
이익,0,0,0,Noun,普通,*,*,*,이익02,이익,利益,*,B,NNG
이전,0,0,0,Noun,普通,*,*,*,이전03,이전,以前,*,B,NNG
이튿날,0,0,0,Noun,普通,*,*,*,이튿날,이튿날,*,*,B,NNG
이틀,0,0,0,Noun,普通,*,*,*,이틀01,이틀,*,시간,B,NNG
이하,0,0,0,Noun,普通,*,*,*,이하02,이하,以下,*,B,NNG
이해,0,0,0,Noun,普通,動作,*,*,이해06,이해,理解,*,B,NNG
이혼,0,0,0,Noun,普通,動作,*,*,이혼03,이혼,離婚,*,B,NNG
이후,0,0,0,Noun,普通,*,*,*,이후02,이후,以後,*,B,NNG
인간,0,0,0,Noun,普通,*,*,*,인간01,인간,人間,*,B,NNG
인구,0,0,0,Noun,普通,*,*,*,인구01,인구,人口,*,B,NNG
인기,0,0,0,Noun,普通,*,*,*,인기01,인기,人氣,*,B,NNG
인사말,0,0,0,Noun,普通,*,*,*,인사말,인사말,人事말,*,B,NNG
인삼,0,0,0,Noun,普通,*,*,*,인삼,인삼,人蔘,*,B,NNG
인삼차,0,0,0,Noun,普通,*,*,*,인삼차,인삼차,人蔘茶,*,B,NNG
인상,0,0,0,Noun,普通,*,*,*,인상06,인상,印象,*,B,NNG
인상,0,0,0,Noun,普通,*,*,*,인상01,인상,人相,*,B,NNG
인생,0,0,0,Noun,普通,*,*,*,인생01,인생,人生,*,B,NNG
인원,0,0,0,Noun,普通,*,*,*,인원,인원,人員,*,B,NNG
인터넷,0,0,0,Noun,普通,*,*,*,인터넷,인터넷,*,internet,B,NNG
인터뷰,0,0,0,Noun,普通,動作,*,*,인터뷰,인터뷰,*,interview,B,NNG
인형,0,0,0,Noun,普通,*,*,*,인형01,인형,人形,*,B,NNG
일기,0,0,0,Noun,普通,*,*,*,일기11,일기,日氣,*,B,NNG
일기,0,0,0,Noun,普通,*,*,*,일기12,일기,日記,*,B,NNG
일등,0,0,0,Noun,普通,*,*,*,일등,일등,一等,*,B,NNG
일반,0,0,0,Noun,普通,*,*,*,일반02,일반,一般,*,B,NNG
일부,0,0,0,Noun,普通,*,*,*,일부02,일부,一部,*,B,NNG
일상,0,0,0,Noun,普通,*,*,*,일상04,일상,日常,*,B,NNG
일상생활,0,0,0,Noun,普通,*,*,*,일상생활,일상생활,日常生活,*,B,NNG
일정,0,0,0,Noun,普通,*,*,*,일정03,일정,日程,*,B,NNG
일회용,0,0,0,Noun,普通,*,*,*,일회용,일회용,一回用,*,B,NNG
일회용품,0,0,0,Noun,普通,*,*,*,일회용품,일회용품,一回用品,*,B,NNG
임금,0,0,0,Noun,普通,*,*,*,임금03,임금,賃金,*,B,NNG
임시,0,0,0,Noun,普通,*,*,*,임시02,임시,臨時,*,B,NNG
임신,0,0,0,Noun,普通,動作,*,*,임신02,임신,妊娠/姙娠,*,B,NNG
입구,0,0,0,Noun,普通,*,*,*,입구02,입구,入口,*,B,NNG
입술,0,0,0,Noun,普通,*,*,*,입술,입술,*,*,B,NNG
입원,0,0,0,Noun,普通,動作,*,*,입원01,입원,入院,*,B,NNG
입학,0,0,0,Noun,普通,動作,*,*,입학,입학,入學,*,B,NNG
자가용,0,0,0,Noun,普通,*,*,*,자가용,자가용,自家用,*,B,NNG
자격,0,0,0,Noun,普通,*,*,*,자격04,자격,資格,*,B,NNG
자기,0,0,0,Noun,普通,*,*,*,자기03,자기,自己,*,B,NNG
자동,0,0,0,Noun,普通,*,*,*,자동01,자동,自動,*,B,NNG
자료,0,0,0,Noun,普通,*,*,*,자료03,자료,資料,*,B,NNG
자식,0,0,0,Noun,普通,*,*,*,자식01,자식,子息,*,B,NNG
자신,0,0,0,Noun,普通,*,*,*,자신01,자신,自身,*,B,NNG
자신,0,0,0,Noun,普通,動作,*,*,자신02,자신,自信,*,B,NNG
자연,0,0,0,Noun,普通,状態,*,*,자연01,자연,自然,*,B,NNG
자유,0,0,0,Noun,普通,状態,*,*,자유03,자유,自由,*,B,NNG
자체,0,0,0,Noun,普通,*,*,*,자체02,자체,自體,*,B,NNG
자판기,0,0,0,Noun,普通,*,*,*,자판기,자판기,自販機,*,B,NNG
작가,0,0,0,Noun,普通,*,*,*,작가01,작가,作家,*,B,NNG
잔치,0,0,0,Noun,普通,*,*,*,잔치01,잔치,*,*,B,NNG
잘못,0,0,0,Noun,普通,動作,*,*,잘못,잘못,*,*,B,NNG
잠시,0,0,0,Noun,普通,*,*,*,잠시,잠시,暫時,*,B,NNG
잠옷,0,0,0,Noun,普通,*,*,*,잠옷,잠옷,*,*,B,NNG
장,0,0,0,Noun,普通,*,*,*,장25,장,章,*,B,NNG
장가,0,0,0,Noun,普通,*,*,*,장가01,장가,*,~가다,B,NNG
장갑,0,0,0,Noun,普通,*,*,*,장갑01,장갑,掌匣,*,B,NNG
장군,0,0,0,Noun,普通,*,*,*,장군04,장군,將軍,*,B,NNG
장난감,0,0,0,Noun,普通,*,*,*,장난감,장난감,*,*,B,NNG
장남,0,0,0,Noun,普通,*,*,*,장남03,장남,長男,*,B,NNG
장래,0,0,0,Noun,普通,*,*,*,장래,장래,將來,*,B,NNG
장마,0,0,0,Noun,普通,*,*,*,장마01,장마,*,*,B,NNG
장사,0,0,0,Noun,普通,動作,*,*,장사01,장사,*,*,B,NNG
장점,0,0,0,Noun,普通,*,*,*,장점02,장점,長點,*,B,NNG
장학금,0,0,0,Noun,普通,*,*,*,장학금,장학금,奬學金,*,B,NNG
재료,0,0,0,Noun,普通,*,*,*,재료01,재료,材料,*,B,NNG
재산,0,0,0,Noun,普通,*,*,*,재산,재산,財産,*,B,NNG
재작년,0,0,0,Noun,普通,*,*,*,재작년,재작년,再昨年,*,B,NNG
재채기,0,0,0,Noun,普通,*,*,*,재채기,재채기,*,*,B,NNG
저녁때,0,0,0,Noun,普通,*,*,*,저녁때,저녁때,*,*,B,NNG
저번,0,0,0,Noun,普通,*,*,*,저번02,저번,저番,*,B,NNG
저자,0,0,0,Noun,普通,*,*,*,저자05,저자,著者,*,B,NNG
저축,0,0,0,Noun,普通,動作,*,*,저축03,저축,貯蓄,*,B,NNG
적,0,0,0,Noun,普通,*,*,*,적13,적,敵,*,B,NNG
적극,0,0,0,Noun,普通,*,*,*,적극,적극,積極,*,B,NNG
전공,0,0,0,Noun,普通,動作,*,*,전공05,전공,專攻,*,B,NNG
전국,0,0,0,Noun,普通,*,*,*,전국03,전국,全國,*,B,NNG
전기,0,0,0,Noun,普通,*,*,*,전기15,전기,電氣,*,B,NNG
전기밥솥,0,0,0,Noun,普通,*,*,*,전기밥솥,전기밥솥,電氣밥솥,*,B,NNG
전날,0,0,0,Noun,普通,*,*,*,전날,전날,前날,*,B,NNG
전문,0,0,0,Noun,普通,*,*,*,전문08,전문,專門,*,B,NNG
전문가,0,0,0,Noun,普通,*,*,*,전문가,전문가,專門家,*,B,NNG
전부,0,0,0,Noun,普通,*,*,*,전부05,전부,全部,*,B,NNG
전자,0,0,0,Noun,普通,*,*,*,전자06,전자,電子,*,B,NNG
전쟁,0,0,0,Noun,普通,動作,*,*,전쟁,전쟁,戰爭,*,B,NNG
전철,0,0,0,Noun,普通,*,*,*,전철04,전철,電鐵,*,B,NNG
전체,0,0,0,Noun,普通,*,*,*,전체01,전체,全體,*,B,NNG
전통,0,0,0,Noun,普通,*,*,*,전통06,전통,傳統,*,B,NNG
전화기,0,0,0,Noun,普通,*,*,*,전화기,전화기,電話機,*,B,NNG
절,0,0,0,Noun,普通,*,*,*,절01,절,*,사찰,B,NNG
절,0,0,0,Noun,普通,動作,*,*,절02,절,*,~을 하다,B,NNG
절반,0,0,0,Noun,普通,*,*,*,절반,절반,折半,*,B,NNG
젊은이,0,0,0,Noun,普通,*,*,*,젊은이,젊은이,*,*,B,NNG
점,0,0,0,Noun,普通,*,*,*,점10,점,點,*,B,NNG
점수,0,0,0,Noun,普通,*,*,*,점수06,점수,點數,*,B,NNG
점심때,0,0,0,Noun,普通,*,*,*,점심때,점심때,點心때,*,B,NNG
점원,0,0,0,Noun,普通,*,*,*,점원01,점원,店員,*,B,NNG
접시,0,0,0,Noun,普通,*,*,*,접시,접시,*,*,B,NNG
정,0,0,0,Noun,普通,*,*,*,정20,정,情,*,B,NNG
정거장,0,0,0,Noun,普通,*,*,*,정거장,정거장,停車場,*,B,NNG
정답,0,0,0,Noun,普通,*,*,*,정답,정답,正答,*,B,NNG
정도,0,0,0,Noun,普通,*,*,*,정도11,정도,程度,*,B,NNG
정리,0,0,0,Noun,普通,動作,*,*,정리09,정리,整理,*,B,NNG
정말,0,0,0,Noun,普通,*,*,*,정말01,정말,正말,*,B,NNG
정문,0,0,0,Noun,普通,*,*,*,정문03,정문,正門,*,B,NNG
정보,0,0,0,Noun,普通,*,*,*,정보06,정보,情報,*,B,NNG
정상,0,0,0,Noun,普通,*,*,*,정상11,정상,頂上,*,B,NNG
정식,0,0,0,Noun,普通,*,*,*,정식01,정식,正式,*,B,NNG
정신,0,0,0,Noun,普通,*,*,*,정신12,정신,精神,*,B,NNG
정원,0,0,0,Noun,普通,*,*,*,정원06,정원,庭園,*,B,NNG
정치,0,0,0,Noun,普通,動作,*,*,정치03,정치,政治,*,B,NNG
제목,0,0,0,Noun,普通,*,*,*,제목02,제목,題目,*,B,NNG
제품,0,0,0,Noun,普通,*,*,*,제품02,제품,製品,*,B,NNG
제한,0,0,0,Noun,普通,動作,*,*,제한01,제한,制限,*,B,NNG
조각,0,0,0,Noun,普通,動作,*,*,조각05,조각,彫刻,*,B,NNG
조건,0,0,0,Noun,普通,*,*,*,조건02,조건,條件,*,B,NNG
조사,0,0,0,Noun,普通,動作,*,*,조사30,조사,調査,*,B,NNG
조상,0,0,0,Noun,普通,*,*,*,조상07,조상,祖上,*,B,NNG
조카,0,0,0,Noun,普通,*,*,*,조카,조카,*,*,B,NNG
존댓말,0,0,0,Noun,普通,*,*,*,존댓말,존댓말,尊待ㅅ말,*,B,NNG
졸업생,0,0,0,Noun,普通,*,*,*,졸업생,졸업생,卒業生,*,B,NNG
종,0,0,0,Noun,普通,*,*,*,종09,종,種,*,B,NNG
종교,0,0,0,Noun,普通,*,*,*,종교,종교,宗敎,*,B,NNG
종류,0,0,0,Noun,普通,*,*,*,종류02,종류,種類,*,B,NNG
종업원,0,0,0,Noun,普通,*,*,*,종업원,종업원,從業員,*,B,NNG
종이컵,0,0,0,Noun,普通,*,*,*,종이컵,종이컵,*,~cup,B,NNG
종일,0,0,0,Noun,普通,*,*,*,종일01,종일,終日,*,B,NNG
종합,0,0,0,Noun,普通,動作,*,*,종합,종합,綜合,*,B,NNG
좌석,0,0,0,Noun,普通,*,*,*,좌석,좌석,座席,*,B,NNG
주머니,0,0,0,Noun,普通,*,*,*,주머니,주머니,*,*,B,NNG
주먹,0,0,0,Noun,普通,*,*,*,주먹,주먹,*,*,B,NNG
주변,0,0,0,Noun,普通,*,*,*,주변04,주변,周邊,*,B,NNG
주부,0,0,0,Noun,普通,*,*,*,주부03,주부,主婦,*,B,NNG
주사,0,0,0,Noun,普通,動作,*,*,주사13,주사,注射,*,B,NNG
주요,0,0,0,Noun,普通,状態,*,*,주요01,주요,主要,*,B,NNG
주위,0,0,0,Noun,普通,*,*,*,주위02,주위,周圍,*,B,NNG
주인공,0,0,0,Noun,普通,*,*,*,주인공,주인공,主人公,*,B,NNG
주제,0,0,0,Noun,普通,*,*,*,주제04,주제,主題,*,B,NNG
주차,0,0,0,Noun,普通,動作,*,*,주차04,주차,駐車,*,B,NNG
주차장,0,0,0,Noun,普通,*,*,*,주차장,주차장,駐車場,*,B,NNG
주택,0,0,0,Noun,普通,*,*,*,주택,주택,住宅,*,B,NNG
죽,0,0,0,Noun,普通,*,*,*,죽07,죽,粥,*,B,NNG
죽음,0,0,0,Noun,普通,*,*,*,죽음01,죽음,*,*,B,NNG
준비물,0,0,0,Noun,普通,*,*,*,준비물,준비물,準備物,*,B,NNG
줄,0,0,0,Noun,普通,*,*,*,줄01,줄,*,~로 감다,B,NNG
줄기,0,0,0,Noun,普通,*,*,*,줄기01,줄기,*,*,B,NNG
줄무늬,0,0,0,Noun,普通,*,*,*,줄무늬,줄무늬,*,*,B,NNG
중간,0,0,0,Noun,普通,*,*,*,중간01,중간,中間,*,B,NNG
중국집,0,0,0,Noun,普通,*,*,*,중국집,중국집,中國집,*,B,NNG
중심,0,0,0,Noun,普通,状態,*,*,중심01,중심,中心,*,B,NNG
중요,0,0,0,Noun,普通,状態,*,*,중요02,중요,重要,*,B,NNG
쥐,0,0,0,Noun,普通,*,*,*,쥐02,쥐,*,동물,B,NNG
즉시,0,0,0,Noun,普通,*,*,*,즉시,즉시,卽時,*,B,NNG
즐거움,0,0,0,Noun,普通,*,*,*,즐거움,즐거움,*,*,B,NNG
증상,0,0,0,Noun,普通,*,*,*,증상01,증상,症狀,*,B,NNG
증세,0,0,0,Noun,普通,*,*,*,증세01,증세,症勢,*,B,NNG
지구,0,0,0,Noun,普通,*,*,*,지구03,지구,地區,*,B,NNG
지구,0,0,0,Noun,普通,*,*,*,지구04,지구,地球,*,B,NNG
지난번,0,0,0,Noun,普通,*,*,*,지난번,지난번,지난番,*,B,NNG
지난해,0,0,0,Noun,普通,*,*,*,지난해,지난해,*,*,B,NNG
지방,0,0,0,Noun,普通,*,*,*,지방05,지방,地方,*,B,NNG
지붕,0,0,0,Noun,普通,*,*,*,지붕,지붕,*,*,B,NNG
지역,0,0,0,Noun,普通,*,*,*,지역03,지역,地域,*,B,NNG
지점,0,0,0,Noun,普通,*,*,*,지점03,지점,地點,*,B,NNG
지하도,0,0,0,Noun,普通,*,*,*,지하도,지하도,地下道,*,B,NNG
직업,0,0,0,Noun,普通,*,*,*,직업,직업,職業,*,B,NNG
직원,0,0,0,Noun,普通,*,*,*,직원03,직원,職員,*,B,NNG
직장,0,0,0,Noun,普通,*,*,*,직장05,직장,職場,*,B,NNG
직접,0,0,0,Noun,普通,*,*,*,직접,직접,直接,*,B,NNG
진달래,0,0,0,Noun,普通,*,*,*,진달래,진달래,*,*,B,NNG
진짜,0,0,0,Noun,普通,*,*,*,진짜,진짜,眞짜,*,B,NNG
진출,0,0,0,Noun,普通,動作,*,*,진출02,진출,進出,*,B,NNG
질,0,0,0,Noun,普通,*,*,*,질08,질,質,*,B,NNG
질서,0,0,0,Noun,普通,*,*,*,질서03,질서,秩序,*,B,NNG
짐,0,0,0,Noun,普通,*,*,*,짐01,짐,*,*,B,NNG
집안,0,0,0,Noun,普通,*,*,*,집안01,집안,*,*,B,NNG
집중,0,0,0,Noun,普通,動作,*,*,집중02,집중,集中,*,B,NNG
짓,0,0,0,Noun,普通,*,*,*,짓01,짓,*,*,B,NNG
짜증,0,0,0,Noun,普通,*,*,*,짜증,짜증,*,*,B,NNG
쪽,0,0,0,Noun,普通,*,*,*,쪽02,쪽,*,면,B,NNG
차남,0,0,0,Noun,普通,*,*,*,차남02,차남,次男,*,B,NNG
차례,0,0,0,Noun,普通,*,*,*,차례01,차례,次例,*,B,NNG
차이,0,0,0,Noun,普通,*,*,*,차이,차이,差異,*,B,NNG
찬물,0,0,0,Noun,普通,*,*,*,찬물01,찬물,*,*,B,NNG
참기름,0,0,0,Noun,普通,*,*,*,참기름,참기름,*,*,B,NNG
찻잔,0,0,0,Noun,普通,*,*,*,찻잔,찻잔,茶盞,*,B,NNG
창고,0,0,0,Noun,普通,*,*,*,창고01,창고,倉庫,*,B,NNG
창밖,0,0,0,Noun,普通,*,*,*,창밖,창밖,窓밖,*,B,NNG
채널,0,0,0,Noun,普通,*,*,*,채널,채널,*,channel,B,NNG
채소,0,0,0,Noun,普通,*,*,*,채소,채소,菜蔬,*,B,NNG
책가방,0,0,0,Noun,普通,*,*,*,책가방,책가방,冊가방,*,B,NNG
책방,0,0,0,Noun,普通,*,*,*,책방01,책방,冊房,*,B,NNG
책임,0,0,0,Noun,普通,*,*,*,책임,책임,責任,*,B,NNG
책임자,0,0,0,Noun,普通,*,*,*,책임자,책임자,責任者,*,B,NNG
챔피언,0,0,0,Noun,普通,*,*,*,챔피언,챔피언,*,champion,B,NNG
철,0,0,0,Noun,普通,*,*,*,철01,철,*,계절,B,NNG
첫날,0,0,0,Noun,普通,*,*,*,첫날,첫날,*,*,B,NNG
청년,0,0,0,Noun,普通,*,*,*,청년,청년,靑年,*,B,NNG
청소기,0,0,0,Noun,普通,*,*,*,청소기80,청소기,淸掃機,*,B,NNG
청소년,0,0,0,Noun,普通,*,*,*,청소년,청소년,靑少年,*,B,NNG
체육,0,0,0,Noun,普通,*,*,*,체육,체육,體育,*,B,NNG
체중,0,0,0,Noun,普通,*,*,*,체중01,체중,體重,*,B,NNG
초록색,0,0,0,Noun,普通,*,*,*,초록색,초록색,草綠色,*,B,NNG
초밥,0,0,0,Noun,普通,*,*,*,초밥,초밥,醋밥,*,B,NNG
초보,0,0,0,Noun,普通,*,*,*,초보01,초보,初步,*,B,NNG
초보자,0,0,0,Noun,普通,*,*,*,초보자,초보자,初步者,*,B,NNG
초청장,0,0,0,Noun,普通,*,*,*,초청장,초청장,招請狀,*,B,NNG
총장,0,0,0,Noun,普通,*,*,*,총장01,총장,總長,*,B,NNG
촬영,0,0,0,Noun,普通,動作,*,*,촬영,촬영,撮影,*,B,NNG
최고,0,0,0,Noun,普通,*,*,*,최고02,최고,最高,*,B,NNG
최근,0,0,0,Noun,普通,*,*,*,최근,최근,最近,*,B,NNG
최대,0,0,0,Noun,普通,*,*,*,최대,최대,最大,*,B,NNG
최선,0,0,0,Noun,普通,*,*,*,최선02,최선,最善,*,B,NNG
최소한,0,0,0,Noun,普通,*,*,*,최소한,최소한,最小限,*,B,NNG
최초,0,0,0,Noun,普通,*,*,*,최초,최초,最初,*,B,NNG
추억,0,0,0,Noun,普通,動作,*,*,추억,추억,追憶,*,B,NNG
추위,0,0,0,Noun,普通,*,*,*,추위01,추위,*,*,B,NNG
축구공,0,0,0,Noun,普通,*,*,*,축구공,축구공,蹴球공,*,B,NNG
축제,0,0,0,Noun,普通,*,*,*,축제01,축제,祝祭,*,B,NNG
축하,0,0,0,Noun,普通,動作,*,*,축하,축하,祝賀,*,B,NNG
출구,0,0,0,Noun,普通,*,*,*,출구01,출구,出口,*,B,NNG
출근,0,0,0,Noun,普通,動作,*,*,출근,출근,出勤,*,B,NNG
출발,0,0,0,Noun,普通,動作,*,*,출발,출발,出發,*,B,NNG
출입,0,0,0,Noun,普通,動作,*,*,출입,출입,出入,*,B,NNG
출입문,0,0,0,Noun,普通,*,*,*,출입문,출입문,出入門,*,B,NNG
출장,0,0,0,Noun,普通,動作,*,*,출장01,출장,出張,*,B,NNG
충격,0,0,0,Noun,普通,動作,*,*,충격02,충격,衝擊,*,B,NNG
취소,0,0,0,Noun,普通,動作,*,*,취소01,취소,取消,*,B,NNG
취직,0,0,0,Noun,普通,動作,*,*,취직,취직,就職,*,B,NNG
치과,0,0,0,Noun,普通,*,*,*,치과,치과,齒科,*,B,NNG
치료,0,0,0,Noun,普通,動作,*,*,치료,치료,治療,*,B,NNG
치즈,0,0,0,Noun,普通,*,*,*,치즈,치즈,*,cheese,B,NNG
친절,0,0,0,Noun,普通,状態,*,*,친절,친절,親切,*,B,NNG
친척,0,0,0,Noun,普通,*,*,*,친척,친척,親戚,*,B,NNG
침실,0,0,0,Noun,普通,*,*,*,침실,침실,寢室,*,B,NNG
칭찬,0,0,0,Noun,普通,動作,*,*,칭찬,칭찬,稱讚,*,B,NNG
카레,0,0,0,Noun,普通,*,*,*,카레,카레,*,curry,B,NNG
카운터,0,0,0,Noun,普通,*,*,*,카운터01,카운터,*,계산대,B,NNG
카페,0,0,0,Noun,普通,*,*,*,카페,카페,*,&프cafe,B,NNG
캠퍼스,0,0,0,Noun,普通,*,*,*,캠퍼스,캠퍼스,*,campus,B,NNG
커튼,0,0,0,Noun,普通,*,*,*,커튼,커튼,*,curtain,B,NNG
코끼리,0,0,0,Noun,普通,*,*,*,코끼리,코끼리,*,*,B,NNG
코너,0,0,0,Noun,普通,*,*,*,코너,코너,*,corner,B,NNG
코피,0,0,0,Noun,普通,*,*,*,코피01,코피,*,*,B,NNG
콘서트,0,0,0,Noun,普通,*,*,*,콘서트,콘서트,*,concert,B,NNG
콤플렉스,0,0,0,Noun,普通,*,*,*,콤플렉스,콤플렉스,*,complex,B,NNG
콩,0,0,0,Noun,普通,*,*,*,콩01,콩,*,*,B,NNG
콩나물,0,0,0,Noun,普通,*,*,*,콩나물,콩나물,*,*,B,NNG
크기,0,0,0,Noun,普通,*,*,*,크기,크기,*,*,B,NNG
큰길,0,0,0,Noun,普通,*,*,*,큰길,큰길,*,*,B,NNG
큰소리,0,0,0,Noun,普通,*,*,*,큰소리01,큰소리,*,*,B,NNG
큰일,0,0,0,Noun,普通,*,*,*,큰일01,큰일,*,중대한 일,B,NNG
탑,0,0,0,Noun,普通,*,*,*,탑02,탑,塔,*,B,NNG
태도,0,0,0,Noun,普通,*,*,*,태도03,태도,態度,*,B,NNG
태양,0,0,0,Noun,普通,*,*,*,태양02,태양,太陽,*,B,NNG
태풍,0,0,0,Noun,普通,*,*,*,태풍,태풍,颱風,*,B,NNG
탤런트,0,0,0,Noun,普通,*,*,*,탤런트,탤런트,*,talent,B,NNG
터널,0,0,0,Noun,普通,*,*,*,터널,터널,*,tunnel,B,NNG
터미널,0,0,0,Noun,普通,*,*,*,터미널,터미널,*,terminal,B,NNG
턱,0,0,0,Noun,普通,*,*,*,턱01,턱,*,신체의 일부,B,NNG
털,0,0,0,Noun,普通,*,*,*,털,털,*,*,B,NNG
테스트,0,0,0,Noun,普通,動作,*,*,테스트,테스트,*,test,B,NNG
테이프,0,0,0,Noun,普通,*,*,*,테이프,테이프,*,tape,B,NNG
토끼,0,0,0,Noun,普通,*,*,*,토끼,토끼,*,*,B,NNG
토론,0,0,0,Noun,普通,動作,*,*,토론01,토론,討論,*,B,NNG
토마토,0,0,0,Noun,普通,*,*,*,토마토,토마토,*,tomato,B,NNG
통,0,0,0,Noun,普通,*,*,*,통10,통,桶,*,B,NNG
통신,0,0,0,Noun,普通,動作,*,*,통신01,통신,通信,*,B,NNG
통일,0,0,0,Noun,普通,動作,*,*,통일02,통일,統一,*,B,NNG
통장,0,0,0,Noun,普通,*,*,*,통장02,통장,通帳,*,B,NNG
퇴근,0,0,0,Noun,普通,動作,*,*,퇴근,퇴근,退勤,*,B,NNG
특별,0,0,0,Noun,普通,状態,*,*,특별,특별,特別,*,B,NNG
특징,0,0,0,Noun,普通,*,*,*,특징,특징,特徵,*,B,NNG
티셔츠,0,0,0,Noun,普通,*,*,*,티셔츠,티셔츠,*,T-shirts,B,NNG
파,0,0,0,Noun,普通,*,*,*,파01,파,*,식물,B,NNG
파도,0,0,0,Noun,普通,*,*,*,파도,파도,波濤,*,B,NNG
파리,0,0,0,Noun,普通,*,*,*,파리01,파리,*,*,B,NNG
파일,0,0,0,Noun,普通,*,*,*,파일03,파일,*,file,B,NNG
판단,0,0,0,Noun,普通,動作,*,*,판단,판단,判斷,*,B,NNG
판매,0,0,0,Noun,普通,動作,*,*,판매,판매,販賣,*,B,NNG
패션,0,0,0,Noun,普通,*,*,*,패션01,패션,*,fashion,B,NNG
팩,0,0,0,Noun,普通,*,*,*,팩03,팩,*,pack,B,NNG
팬,0,0,0,Noun,普通,*,*,*,팬01,팬,*,애호가,B,NNG
팬,0,0,0,Noun,普通,*,*,*,팬03,팬,*,pan,B,NNG
팬티,0,0,0,Noun,普通,*,*,*,팬티,팬티,*,panties,B,NNG
평생,0,0,0,Noun,普通,*,*,*,평생,평생,平生,*,B,NNG
평소,0,0,0,Noun,普通,*,*,*,평소,평소,平素,*,B,NNG
평일,0,0,0,Noun,普通,*,*,*,평일,평일,平日,*,B,NNG
평화,0,0,0,Noun,普通,状態,*,*,평화02,평화,平和,*,B,NNG
포도주,0,0,0,Noun,普通,*,*,*,포도주,포도주,葡萄酒,*,B,NNG
포스터,0,0,0,Noun,普通,*,*,*,포스터01,포스터,*,poster,B,NNG
포장,0,0,0,Noun,普通,動作,*,*,포장01,포장,包裝,*,B,NNG
폭,0,0,0,Noun,普通,*,*,*,폭06,폭,幅,*,B,NNG
표정,0,0,0,Noun,普通,*,*,*,표정03,표정,表情,*,B,NNG
표현,0,0,0,Noun,普通,動作,*,*,표현,표현,表現,*,B,NNG
풀,0,0,0,Noun,普通,*,*,*,풀01,풀,*,~을 바르다,B,NNG
풀,0,0,0,Noun,普通,*,*,*,풀02,풀,*,~을 베다,B,NNG
풍경,0,0,0,Noun,普通,*,*,*,풍경01,풍경,風景,*,B,NNG
프로,0,0,0,Noun,普通,*,*,*,프로03,프로,*,professional,B,NNG
프로,0,0,0,Noun,普通,*,*,*,프로04,프로,*,program,B,NNG
프로그램,0,0,0,Noun,普通,*,*,*,프로그램,프로그램,*,program,B,NNG
플라스틱,0,0,0,Noun,普通,*,*,*,플라스틱,플라스틱,*,plastic,B,NNG
피,0,0,0,Noun,普通,*,*,*,피02,피,*,~를 흘리다,B,NNG
피로,0,0,0,Noun,普通,状態,*,*,피로02,피로,疲勞,*,B,NNG
피부,0,0,0,Noun,普通,*,*,*,피부02,피부,皮膚,*,B,NNG
피시,0,0,0,Noun,普通,*,*,*,피시03,피시,*,PC,B,NNG
필름,0,0,0,Noun,普通,*,*,*,필름,필름,*,film,B,NNG
필통,0,0,0,Noun,普通,*,*,*,필통,필통,筆筒,*,B,NNG
하루,0,0,0,Noun,普通,*,*,*,하루01,하루,*,*,B,NNG
하숙집,0,0,0,Noun,普通,*,*,*,하숙집,하숙집,下宿집,*,B,NNG
하얀색,0,0,0,Noun,普通,*,*,*,하얀색,하얀색,하얀色,*,B,NNG
하품,0,0,0,Noun,普通,動作,*,*,하품01,하품,*,*,B,NNG
학기,0,0,0,Noun,普通,*,*,*,학기02,학기,學期,*,B,NNG
학생증,0,0,0,Noun,普通,*,*,*,학생증,학생증,學生證,*,B,NNG
학습,0,0,0,Noun,普通,動作,*,*,학습,학습,學習,*,B,NNG
학원,0,0,0,Noun,普通,*,*,*,학원02,학원,學院,*,B,NNG
한동안,0,0,0,Noun,普通,*,*,*,한동안,한동안,*,*,B,NNG
한숨,0,0,0,Noun,普通,*,*,*,한숨02,한숨,*,~을 쉬다,B,NNG
한잔,0,0,0,Noun,普通,*,*,*,한잔,한잔,한盞,*,B,NNG
한쪽,0,0,0,Noun,普通,*,*,*,한쪽,한쪽,*,*,B,NNG
한참,0,0,0,Noun,普通,*,*,*,한참,한참,*,*,B,NNG
한편,0,0,0,Noun,普通,*,*,*,한편,한편,한便,*,B,NNG
할인,0,0,0,Noun,普通,動作,*,*,할인01,할인,割引,*,B,NNG
합격,0,0,0,Noun,普通,動作,*,*,합격,합격,合格,*,B,NNG
해결,0,0,0,Noun,普通,動作,*,*,해결02,해결,解決,*,B,NNG
해석,0,0,0,Noun,普通,動作,*,*,해석04,해석,解釋,*,B,NNG
해외,0,0,0,Noun,普通,*,*,*,해외,해외,海外,*,B,NNG
해외여행,0,0,0,Noun,普通,*,*,*,해외여행,해외여행,海外旅行,*,B,NNG
햇볕,0,0,0,Noun,普通,*,*,*,햇볕,햇볕,*,*,B,NNG
햇빛,0,0,0,Noun,普通,*,*,*,햇빛,햇빛,*,*,B,NNG
햇살,0,0,0,Noun,普通,*,*,*,햇살,햇살,*,*,B,NNG
행동,0,0,0,Noun,普通,動作,*,*,행동,행동,行動,*,B,NNG
행복,0,0,0,Noun,普通,状態,*,*,행복02,행복,幸福,*,B,NNG
행사,0,0,0,Noun,普通,動作,*,*,행사01,행사,行事,*,B,NNG
향기,0,0,0,Noun,普通,*,*,*,향기01,향기,香氣,*,B,NNG
향수,0,0,0,Noun,普通,*,*,*,향수04,향수,香水,*,B,NNG
혀,0,0,0,Noun,普通,*,*,*,혀01,혀,*,*,B,NNG
현관,0,0,0,Noun,普通,*,*,*,현관01,현관,玄關,*,B,NNG
현금,0,0,0,Noun,普通,*,*,*,현금04,현금,現金,*,B,NNG
현대,0,0,0,Noun,普通,*,*,*,현대01,현대,現代,*,B,NNG
현재,0,0,0,Noun,普通,*,*,*,현재02,현재,現在,*,B,NNG
현지,0,0,0,Noun,普通,*,*,*,현지03,현지,現地,*,B,NNG
형님,0,0,0,Noun,普通,*,*,*,형님,형님,兄님,*,B,NNG
형부,0,0,0,Noun,普通,*,*,*,형부01,형부,兄夫,*,B,NNG
형제,0,0,0,Noun,普通,*,*,*,형제01,형제,兄弟,*,B,NNG
호랑이,0,0,0,Noun,普通,*,*,*,호랑이,호랑이,虎狼이,*,B,NNG
호수,0,0,0,Noun,普通,*,*,*,호수07,호수,湖水,*,B,NNG
홈페이지,0,0,0,Noun,普通,*,*,*,홈페이지,홈페이지,*,homepage,B,NNG
홍차,0,0,0,Noun,普通,*,*,*,홍차,홍차,紅茶,*,B,NNG
화가,0,0,0,Noun,普通,*,*,*,화가03,화가,畵家,*,B,NNG
화분,0,0,0,Noun,普通,*,*,*,화분01,화분,花盆,*,B,NNG
화장품,0,0,0,Noun,普通,*,*,*,화장품,화장품,化粧品,*,B,NNG
확인,0,0,0,Noun,普通,動作,*,*,확인02,확인,確認,*,B,NNG
환갑,0,0,0,Noun,普通,*,*,*,환갑02,환갑,還甲,*,B,NNG
환경,0,0,0,Noun,普通,*,*,*,환경02,환경,環境,*,B,NNG
환영,0,0,0,Noun,普通,動作,*,*,환영02,환영,歡迎,*,B,NNG
활동,0,0,0,Noun,普通,動作,*,*,활동02,활동,活動,*,B,NNG
회색,0,0,0,Noun,普通,*,*,*,회색01,회색,灰色,*,B,NNG
회원,0,0,0,Noun,普通,*,*,*,회원,회원,會員,*,B,NNG
회장,0,0,0,Noun,普通,*,*,*,회장07,회장,會長,*,B,NNG
회화,0,0,0,Noun,普通,*,*,*,회화05,회화,繪畵,*,B,NNG
횡단보도,0,0,0,Noun,普通,*,*,*,횡단보도,횡단보도,橫斷步道,*,B,NNG
효과,0,0,0,Noun,普通,*,*,*,효과01,효과,效果,*,B,NNG
후배,0,0,0,Noun,普通,*,*,*,후배06,후배,後輩,*,B,NNG
후춧가루,0,0,0,Noun,普通,*,*,*,후춧가루,후춧가루,*,*,B,NNG
휴가,0,0,0,Noun,普通,*,*,*,휴가01,휴가,休暇,*,B,NNG
흙,0,0,0,Noun,普通,*,*,*,흙01,흙,*,*,B,NNG
흥미,0,0,0,Noun,普通,*,*,*,흥미,흥미,興味,*,B,NNG
희망,0,0,0,Noun,普通,動作,*,*,희망,희망,希望,*,B,NNG
