가구,0,0,0,Noun,普通,*,*,*,가구03,가구,家口,*,C,NNG
가난,0,0,0,Noun,普通,状態,*,*,가난01,가난,*,*,C,NNG
가능,0,0,0,Noun,普通,状態,*,*,가능,가능,可能,*,C,NNG
가로등,0,0,0,Noun,普通,*,*,*,가로등,가로등,街路燈,*,C,NNG
가로수,0,0,0,Noun,普通,*,*,*,가로수,가로수,街路樹,*,C,NNG
가르침,0,0,0,Noun,普通,*,*,*,가르침,가르침,*,*,C,NNG
가뭄,0,0,0,Noun,普通,*,*,*,가뭄,가뭄,*,*,C,NNG
가사,0,0,0,Noun,普通,*,*,*,가사09,가사,歌詞,*,C,NNG
가상,0,0,0,Noun,普通,動作,*,*,가상05,가상,假想,*,C,NNG
가입,0,0,0,Noun,普通,動作,*,*,가입,가입,加入,*,C,NNG
가입자,0,0,0,Noun,普通,*,*,*,가입자,가입자,加入者,*,C,NNG
가장,0,0,0,Noun,普通,*,*,*,가장07,가장,家長,*,C,NNG
가정,0,0,0,Noun,普通,動作,*,*,가정07,가정,假定,*,C,NNG
가정교사,0,0,0,Noun,普通,*,*,*,가정교사,가정교사,家庭敎師,*,C,NNG
가치,0,0,0,Noun,普通,*,*,*,가치06,가치,價値,*,C,NNG
가치관,0,0,0,Noun,普通,*,*,*,가치관,가치관,價値觀,*,C,NNG
가톨릭,0,0,0,Noun,普通,*,*,*,가톨릭,가톨릭,*,Catholic,C,NNG
각오,0,0,0,Noun,普通,動作,*,*,각오01,각오,覺悟,*,C,NNG
간,0,0,0,Noun,普通,動作,*,*,간01,간,*,소금으로 ~,C,NNG
간,0,0,0,Noun,普通,*,*,*,간08,간,肝,*,C,NNG
간격,0,0,0,Noun,普通,*,*,*,간격02,간격,間隔,*,C,NNG
간부,0,0,0,Noun,普通,*,*,*,간부05,간부,幹部,*,C,NNG
간섭,0,0,0,Noun,普通,動作,*,*,간섭,간섭,干涉,*,C,NNG
간접,0,0,0,Noun,普通,*,*,*,간접,간접,間接,*,C,NNG
간판,0,0,0,Noun,普通,*,*,*,간판02,간판,看板,*,C,NNG
간호,0,0,0,Noun,普通,動作,*,*,간호,간호,看護,*,C,NNG
간혹,0,0,0,Noun,普通,*,*,*,간혹,간혹,間或,*,C,NNG
갈등,0,0,0,Noun,普通,動作,*,*,갈등,갈등,葛藤,*,C,NNG
갈증,0,0,0,Noun,普通,*,*,*,갈증,갈증,渴症,*,C,NNG
감,0,0,0,Noun,普通,*,*,*,감12,감,感,*,C,NNG
감각,0,0,0,Noun,普通,動作,*,*,감각02,감각,感覺,*,C,NNG
감독,0,0,0,Noun,普通,動作,*,*,감독02,감독,監督,*,C,NNG
감소,0,0,0,Noun,普通,動作,*,*,감소01,감소,減少,*,C,NNG
감수성,0,0,0,Noun,普通,*,*,*,감수성02,감수성,感受性,*,C,NNG
감옥,0,0,0,Noun,普通,*,*,*,감옥02,감옥,監獄,*,C,NNG
갑,0,0,0,Noun,普通,*,*,*,갑05,갑,匣,*,C,NNG
강남,0,0,0,Noun,普通,*,*,*,강남,강남,江南,*,C,NNG
강도,0,0,0,Noun,普通,*,*,*,강도05,강도,强度,*,C,NNG
강변,0,0,0,Noun,普通,*,*,*,강변01,강변,江邊,*,C,NNG
강북,0,0,0,Noun,普通,*,*,*,강북,강북,江北,*,C,NNG
강사,0,0,0,Noun,普通,*,*,*,강사04,강사,講師,*,C,NNG
강수량,0,0,0,Noun,普通,*,*,*,강수량,강수량,降水量,*,C,NNG
강의,0,0,0,Noun,普通,動作,*,*,강의02,강의,講義,*,C,NNG
강조,0,0,0,Noun,普通,動作,*,*,강조02,강조,强調,*,C,NNG
갖가지,0,0,0,Noun,普通,*,*,*,갖가지,갖가지,*,*,C,NNG
개개인,0,0,0,Noun,普通,*,*,*,개개인,개개인,個個人,*,C,NNG
개미,0,0,0,Noun,普通,*,*,*,개미03,개미,*,곤충,C,NNG
개방,0,0,0,Noun,普通,動作,*,*,개방04,개방,開放,*,C,NNG
개별,0,0,0,Noun,普通,*,*,*,개별,개별,個別,*,C,NNG
개선,0,0,0,Noun,普通,動作,*,*,개선01,개선,改善,*,C,NNG
개성,0,0,0,Noun,普通,*,*,*,개성03,개성,個性,*,C,NNG
거리,0,0,0,Noun,普通,*,*,*,거리08,거리,距離,*,C,NNG
거액,0,0,0,Noun,普通,*,*,*,거액,거액,巨額,*,C,NNG
거품,0,0,0,Noun,普通,*,*,*,거품,거품,*,*,C,NNG
건너,0,0,0,Noun,普通,*,*,*,건너01,건너,*,*,C,NNG
건넌방,0,0,0,Noun,普通,*,*,*,건넌방,건넌방,건넌房,*,C,NNG
건설,0,0,0,Noun,普通,動作,*,*,건설,건설,建設,*,C,NNG
건조,0,0,0,Noun,普通,動作,*,*,건조04,건조,乾燥,*,C,NNG
걷기,0,0,0,Noun,普通,*,*,*,걷기,걷기,*,*,C,NNG
검사,0,0,0,Noun,普通,*,*,*,검사02,검사,檢事,*,C,NNG
검토,0,0,0,Noun,普通,動作,*,*,검토,검토,檢討,*,C,NNG
게,0,0,0,Noun,普通,*,*,*,게01,게,*,동물,C,NNG
게시판,0,0,0,Noun,普通,*,*,*,게시판,게시판,揭示板,*,C,NNG
겨자,0,0,0,Noun,普通,*,*,*,겨자01,겨자,*,*,C,NNG
견해,0,0,0,Noun,普通,*,*,*,견해02,견해,見解,*,C,NNG
결론,0,0,0,Noun,普通,動作,*,*,결론02,결론,結論,*,C,NNG
결석,0,0,0,Noun,普通,動作,*,*,결석01,결석,缺席,*,C,NNG
결승,0,0,0,Noun,普通,*,*,*,결승01,결승,決勝,*,C,NNG
결심,0,0,0,Noun,普通,動作,*,*,결심01,결심,決心,*,C,NNG
경계,0,0,0,Noun,普通,*,*,*,경계04,경계,境界,*,C,NNG
경고,0,0,0,Noun,普通,動作,*,*,경고04,경고,警告,*,C,NNG
경기,0,0,0,Noun,普通,*,*,*,경기05,경기,景氣,*,C,NNG
경력,0,0,0,Noun,普通,*,*,*,경력02,경력,經歷,*,C,NNG
경비,0,0,0,Noun,普通,*,*,*,경비02,경비,經費,*,C,NNG
경쟁,0,0,0,Noun,普通,動作,*,*,경쟁,경쟁,競爭,*,C,NNG
경쟁력,0,0,0,Noun,普通,*,*,*,경쟁력,경쟁력,競爭力,*,C,NNG
경제력,0,0,0,Noun,普通,*,*,*,경제력,경제력,經濟力,*,C,NNG
경제학,0,0,0,Noun,普通,*,*,*,경제학,경제학,經濟學,*,C,NNG
경향,0,0,0,Noun,普通,*,*,*,경향02,경향,傾向,*,C,NNG
계곡,0,0,0,Noun,普通,*,*,*,계곡01,계곡,溪谷,*,C,NNG
계좌,0,0,0,Noun,普通,*,*,*,계좌02,계좌,計座,*,C,NNG
계층,0,0,0,Noun,普通,*,*,*,계층,계층,階層,*,C,NNG
고개,0,0,0,Noun,普通,*,*,*,고개02,고개,*,~ 너머,C,NNG
고궁,0,0,0,Noun,普通,*,*,*,고궁01,고궁,古宮,*,C,NNG
고무신,0,0,0,Noun,普通,*,*,*,고무신,고무신,*,*,C,NNG
고전,0,0,0,Noun,普通,*,*,*,고전02,고전,古典,*,C,NNG
고집,0,0,0,Noun,普通,状態,*,*,고집02,고집,固執,*,C,NNG
고함,0,0,0,Noun,普通,*,*,*,고함01,고함,高喊,*,C,NNG
곡,0,0,0,Noun,普通,*,*,*,곡02,곡,曲,*,C,NNG
곡식,0,0,0,Noun,普通,*,*,*,곡식,곡식,穀食,*,C,NNG
골,0,0,0,Noun,普通,*,*,*,골14,골,*,goal,C,NNG
골짜기,0,0,0,Noun,普通,*,*,*,골짜기01,골짜기,*,*,C,NNG
골치,0,0,0,Noun,普通,*,*,*,골치01,골치,*,*,C,NNG
공개,0,0,0,Noun,普通,動作,*,*,공개02,공개,公開,*,C,NNG
공격,0,0,0,Noun,普通,動作,*,*,공격02,공격,攻擊,*,C,NNG
공공,0,0,0,Noun,普通,*,*,*,공공02,공공,公共,*,C,NNG
공군,0,0,0,Noun,普通,*,*,*,공군02,공군,空軍,*,C,NNG
공급,0,0,0,Noun,普通,動作,*,*,공급02,공급,供給,*,C,NNG
공기,0,0,0,Noun,普通,*,*,*,공기07,공기,空器,*,C,NNG
공식,0,0,0,Noun,普通,*,*,*,공식01,공식,公式,*,C,NNG
공업,0,0,0,Noun,普通,*,*,*,공업01,공업,工業,*,C,NNG
공연장,0,0,0,Noun,普通,*,*,*,공연장,공연장,公演場,*,C,NNG
공주,0,0,0,Noun,普通,*,*,*,공주01,공주,公主,*,C,NNG
공중,0,0,0,Noun,普通,*,*,*,공중03,공중,空中,*,C,NNG
공통,0,0,0,Noun,普通,*,*,*,공통,공통,共通,*,C,NNG
공통점,0,0,0,Noun,普通,*,*,*,공통점,공통점,共通點,*,C,NNG
공포,0,0,0,Noun,普通,*,*,*,공포08,공포,恐怖,*,C,NNG
공해,0,0,0,Noun,普通,*,*,*,공해01,공해,公害,*,C,NNG
과,0,0,0,Noun,普通,*,*,*,과04,과,科,*,C,NNG
과거,0,0,0,Noun,普通,*,*,*,과거02,과거,科擧,*,C,NNG
과외,0,0,0,Noun,普通,動作,*,*,과외,과외,課外,*,C,NNG
과정,0,0,0,Noun,普通,*,*,*,과정03,과정,過程,*,C,NNG
과정,0,0,0,Noun,普通,*,*,*,과정04,과정,課程,*,C,NNG
관계자,0,0,0,Noun,普通,*,*,*,관계자,관계자,關係者,*,C,NNG
관광버스,0,0,0,Noun,普通,*,*,*,관광버스,관광버스,觀光버스,觀光bus,C,NNG
관념,0,0,0,Noun,普通,動作,*,*,관념02,관념,觀念,*,C,NNG
관람,0,0,0,Noun,普通,動作,*,*,관람,관람,觀覽,*,C,NNG
관람객,0,0,0,Noun,普通,*,*,*,관람객,관람객,觀覽客,*,C,NNG
관리,0,0,0,Noun,普通,*,*,*,관리01,관리,官吏,*,C,NNG
관습,0,0,0,Noun,普通,*,*,*,관습,관습,慣習,*,C,NNG
관심사,0,0,0,Noun,普通,*,*,*,관심사,관심사,關心事,*,C,NNG
관점,0,0,0,Noun,普通,*,*,*,관점02,관점,觀點,*,C,NNG
관찰,0,0,0,Noun,普通,動作,*,*,관찰01,관찰,觀察,*,C,NNG
광경,0,0,0,Noun,普通,*,*,*,광경,광경,光景,*,C,NNG
광장,0,0,0,Noun,普通,*,*,*,광장02,광장,廣場,*,C,NNG
괴로움,0,0,0,Noun,普通,*,*,*,괴로움,괴로움,*,*,C,NNG
교내,0,0,0,Noun,普通,*,*,*,교내01,교내,校內,*,C,NNG
교대,0,0,0,Noun,普通,動作,*,*,교대01,교대,交代,*,C,NNG
교복,0,0,0,Noun,普通,*,*,*,교복01,교복,校服,*,C,NNG
교사,0,0,0,Noun,普通,*,*,*,교사09,교사,敎師,*,C,NNG
교양,0,0,0,Noun,普通,*,*,*,교양02,교양,敎養,*,C,NNG
교외,0,0,0,Noun,普通,*,*,*,교외01,교외,郊外,*,C,NNG
교육비,0,0,0,Noun,普通,*,*,*,교육비,교육비,敎育費,*,C,NNG
교육자,0,0,0,Noun,普通,*,*,*,교육자,교육자,敎育者,*,C,NNG
교장,0,0,0,Noun,普通,*,*,*,교장03,교장,校長,*,C,NNG
교재,0,0,0,Noun,普通,*,*,*,교재01,교재,敎材,*,C,NNG
교직,0,0,0,Noun,普通,*,*,*,교직04,교직,敎職,*,C,NNG
교체,0,0,0,Noun,普通,動作,*,*,교체01,교체,交替,*,C,NNG
교훈,0,0,0,Noun,普通,*,*,*,교훈02,교훈,敎訓,*,C,NNG
구,0,0,0,Noun,普通,*,*,*,구15,구,區,*,C,NNG
구별,0,0,0,Noun,普通,動作,*,*,구별02,구별,區別,*,C,NNG
구분,0,0,0,Noun,普通,動作,*,*,구분06,구분,區分,*,C,NNG
구석,0,0,0,Noun,普通,*,*,*,구석01,구석,*,*,C,NNG
구석구석,0,0,0,Noun,普通,*,*,*,구석구석,구석구석,*,*,C,NNG
구성,0,0,0,Noun,普通,動作,*,*,구성07,구성,構成,*,C,NNG
구속,0,0,0,Noun,普通,動作,*,*,구속02,구속,拘束,*,C,NNG
구역,0,0,0,Noun,普通,*,*,*,구역04,구역,區域,*,C,NNG
구입,0,0,0,Noun,普通,動作,*,*,구입03,구입,購入,*,C,NNG
구조,0,0,0,Noun,普通,*,*,*,구조08,구조,構造,*,C,NNG
구청,0,0,0,Noun,普通,*,*,*,구청02,구청,區廳,*,C,NNG
국내선,0,0,0,Noun,普通,*,*,*,국내선,국내선,國內線,*,C,NNG
국내외,0,0,0,Noun,普通,*,*,*,국내외,국내외,國內外,*,C,NNG
국사,0,0,0,Noun,普通,*,*,*,국사03,국사,國史,*,C,NNG
국산,0,0,0,Noun,普通,*,*,*,국산,국산,國産,*,C,NNG
국왕,0,0,0,Noun,普通,*,*,*,국왕,국왕,國王,*,C,NNG
국적,0,0,0,Noun,普通,*,*,*,국적02,국적,國籍,*,C,NNG
국제선,0,0,0,Noun,普通,*,*,*,국제선,국제선,國際線,*,C,NNG
국제화,0,0,0,Noun,普通,動作,*,*,국제화,국제화,國際化,*,C,NNG
국회,0,0,0,Noun,普通,*,*,*,국회,국회,國會,*,C,NNG
군,0,0,0,Noun,普通,*,*,*,군06,군,郡,*,C,NNG
군사,0,0,0,Noun,普通,*,*,*,군사04,군사,軍事,*,C,NNG
군사,0,0,0,Noun,普通,*,*,*,군사01,군사,軍士,*,C,NNG
권리,0,0,0,Noun,普通,*,*,*,권리,권리,權利,*,C,NNG
권위,0,0,0,Noun,普通,*,*,*,권위,권위,權威,*,C,NNG
귀가,0,0,0,Noun,普通,動作,*,*,귀가03,귀가,歸家,*,C,NNG
귀신,0,0,0,Noun,普通,*,*,*,귀신01,귀신,鬼神,*,C,NNG
귓속,0,0,0,Noun,普通,*,*,*,귓속,귓속,*,*,C,NNG
규모,0,0,0,Noun,普通,*,*,*,규모,규모,規模,*,C,NNG
규정,0,0,0,Noun,普通,動作,*,*,규정04,규정,規定,*,C,NNG
균형,0,0,0,Noun,普通,動作,*,*,균형,균형,均衡,*,C,NNG
귤,0,0,0,Noun,普通,*,*,*,귤,귤,橘,*,C,NNG
그간,0,0,0,Noun,普通,*,*,*,그간,그간,그間,*,C,NNG
그래픽,0,0,0,Noun,普通,*,*,*,그래픽,그래픽,*,graphic,C,NNG
그리움,0,0,0,Noun,普通,*,*,*,그리움,그리움,*,*,C,NNG
그사이,0,0,0,Noun,普通,*,*,*,그사이,그사이,*,*,C,NNG
그저께,0,0,0,Noun,普通,*,*,*,그저께,그저께,*,*,C,NNG
그전,0,0,0,Noun,普通,*,*,*,그전,그전,그前,*,C,NNG
극,0,0,0,Noun,普通,*,*,*,극04,극,劇,*,C,NNG
극복,0,0,0,Noun,普通,動作,*,*,극복01,극복,克服,*,C,NNG
극작가,0,0,0,Noun,普通,*,*,*,극작가,극작가,劇作家,*,C,NNG
근거,0,0,0,Noun,普通,動作,*,*,근거,근거,根據,*,C,NNG
근교,0,0,0,Noun,普通,*,*,*,근교,근교,近郊,*,C,NNG
근래,0,0,0,Noun,普通,*,*,*,근래,근래,近來,*,C,NNG
근로,0,0,0,Noun,普通,動作,*,*,근로02,근로,勤勞,*,C,NNG
근본,0,0,0,Noun,普通,状態,*,*,근본,근본,根本,*,C,NNG
근원,0,0,0,Noun,普通,動作,*,*,근원,근원,根源,*,C,NNG
근육,0,0,0,Noun,普通,*,*,*,근육,근육,筋肉,*,C,NNG
금,0,0,0,Noun,普通,*,*,*,금02,금,*,~을 긋다,C,NNG
금고,0,0,0,Noun,普通,*,*,*,금고02,금고,金庫,*,C,NNG
금메달,0,0,0,Noun,普通,*,*,*,금메달,금메달,金메달,金medal,C,NNG
금액,0,0,0,Noun,普通,*,*,*,금액02,금액,金額,*,C,NNG
기,0,0,0,Noun,普通,*,*,*,기11,기,氣,~가 죽다,C,NNG
기,0,0,0,Noun,普通,*,*,*,기23,기,旗,*,C,NNG
기관,0,0,0,Noun,普通,*,*,*,기관11,기관,機關,*,C,NNG
기구,0,0,0,Noun,普通,*,*,*,기구14,기구,器具,*,C,NNG
기구,0,0,0,Noun,普通,*,*,*,기구15,기구,機構,*,C,NNG
기기,0,0,0,Noun,普通,*,*,*,기기13,기기,機器,*,C,NNG
기념,0,0,0,Noun,普通,動作,*,*,기념02,기념,"紀念/記念",*,C,NNG
기념품,0,0,0,Noun,普通,*,*,*,기념품,기념품,紀念品,*,C,NNG
기능,0,0,0,Noun,普通,*,*,*,기능01,기능,技能,*,C,NNG
기능,0,0,0,Noun,普通,動作,*,*,기능03,기능,機能,*,C,NNG
기독교,0,0,0,Noun,普通,*,*,*,기독교,기독교,基督敎,*,C,NNG
기둥,0,0,0,Noun,普通,*,*,*,기둥01,기둥,*,*,C,NNG
기록,0,0,0,Noun,普通,動作,*,*,기록02,기록,記錄,*,C,NNG
기법,0,0,0,Noun,普通,*,*,*,기법01,기법,技法,*,C,NNG
기성,0,0,0,Noun,普通,*,*,*,기성08,기성,旣成,*,C,NNG
기술자,0,0,0,Noun,普通,*,*,*,기술자,기술자,技術者,*,C,NNG
기업,0,0,0,Noun,普通,*,*,*,기업01,기업,企業,*,C,NNG
기업인,0,0,0,Noun,普通,*,*,*,기업인,기업인,企業人,*,C,NNG
기여,0,0,0,Noun,普通,動作,*,*,기여04,기여,寄與,*,C,NNG
기원,0,0,0,Noun,普通,動作,*,*,기원05,기원,起源,*,C,NNG
기원전,0,0,0,Noun,普通,*,*,*,기원전,기원전,紀元前,*,C,NNG
기적,0,0,0,Noun,普通,*,*,*,기적03,기적,奇跡,*,C,NNG
기타,0,0,0,Noun,普通,*,*,*,기타01,기타,其他,*,C,NNG
기호,0,0,0,Noun,普通,*,*,*,기호01,기호,記號,*,C,NNG
기혼,0,0,0,Noun,普通,*,*,*,기혼02,기혼,旣婚,*,C,NNG
기획,0,0,0,Noun,普通,動作,*,*,기획01,기획,企劃,*,C,NNG
기후,0,0,0,Noun,普通,*,*,*,기후05,기후,氣候,*,C,NNG
긴급,0,0,0,Noun,普通,状態,*,*,긴급,긴급,緊急,*,C,NNG
긴장감,0,0,0,Noun,普通,*,*,*,긴장감,긴장감,緊張感,*,C,NNG
김,0,0,0,Noun,普通,*,*,*,김01,김,*,~이 서리다,C,NNG
까치,0,0,0,Noun,普通,*,*,*,까치01,까치,*,*,C,NNG
깍두기,0,0,0,Noun,普通,*,*,*,깍두기,깍두기,*,*,C,NNG
깡패,0,0,0,Noun,普通,*,*,*,깡패,깡패,깡牌,*,C,NNG
깨달음,0,0,0,Noun,普通,*,*,*,깨달음,깨달음,*,*,C,NNG
깨소금,0,0,0,Noun,普通,*,*,*,깨소금,깨소금,*,*,C,NNG
꼬리,0,0,0,Noun,普通,*,*,*,꼬리01,꼬리,*,*,C,NNG
꼬마,0,0,0,Noun,普通,*,*,*,꼬마,꼬마,*,*,C,NNG
꼴,0,0,0,Noun,普通,*,*,*,꼴01,꼴,*,모양새,C,NNG
꽃씨,0,0,0,Noun,普通,*,*,*,꽃씨,꽃씨,*,*,C,NNG
꾸중,0,0,0,Noun,普通,動作,*,*,꾸중,꾸중,*,*,C,NNG
끈,0,0,0,Noun,普通,*,*,*,끈01,끈,*,*,C,NNG
끼,0,0,0,Noun,普通,*,*,*,끼01,끼,*,끼니,C,NNG
나들이,0,0,0,Noun,普通,動作,*,*,나들이01,나들이,*,*,C,NNG
나침반,0,0,0,Noun,普通,*,*,*,나침반,나침반,羅針盤,*,C,NNG
낚시꾼,0,0,0,Noun,普通,*,*,*,낚시꾼,낚시꾼,*,*,C,NNG
낚싯대,0,0,0,Noun,普通,*,*,*,낚싯대,낚싯대,*,*,C,NNG
난리,0,0,0,Noun,普通,*,*,*,난리02,난리,亂離,*,C,NNG
난방,0,0,0,Noun,普通,*,*,*,난방02,난방,暖房,*,C,NNG
남,0,0,0,Noun,普通,*,*,*,남01,남,*,*,C,NNG
남부,0,0,0,Noun,普通,*,*,*,남부01,남부,南部,*,C,NNG
남북,0,0,0,Noun,普通,*,*,*,남북,남북,南北,*,C,NNG
낭비,0,0,0,Noun,普通,動作,*,*,낭비,낭비,浪費,*,C,NNG
낱말,0,0,0,Noun,普通,*,*,*,낱말02,낱말,*,단어,C,NNG
내과,0,0,0,Noun,普通,*,*,*,내과01,내과,內科,*,C,NNG
내달,0,0,0,Noun,普通,*,*,*,내달,내달,來달,*,C,NNG
내부,0,0,0,Noun,普通,*,*,*,내부04,내부,內部,*,C,NNG
내외,0,0,0,Noun,普通,*,*,*,내외01,내외,內外,안팎,C,NNG
내외,0,0,0,Noun,普通,動作,*,*,내외02,내외,內外,남녀,C,NNG
내용물,0,0,0,Noun,普通,*,*,*,내용물,내용물,內容物,*,C,NNG
내적,0,0,0,Noun,普通,*,*,*,내적01,내적,內的,*,C,NNG
내후년,0,0,0,Noun,普通,*,*,*,내후년,내후년,來後年,*,C,NNG
냇물,0,0,0,Noun,普通,*,*,*,냇물,냇물,*,*,C,NNG
냉동,0,0,0,Noun,普通,動作,*,*,냉동,냉동,冷凍,*,C,NNG
냉방,0,0,0,Noun,普通,*,*,*,냉방,냉방,冷房,*,C,NNG
노동,0,0,0,Noun,普通,動作,*,*,노동03,노동,勞動,*,C,NNG
노선,0,0,0,Noun,普通,*,*,*,노선01,노선,路線,*,C,NNG
녹화,0,0,0,Noun,普通,動作,*,*,녹화03,녹화,錄畵,*,C,NNG
논,0,0,0,Noun,普通,*,*,*,논01,논,*,*,C,NNG
논리,0,0,0,Noun,普通,*,*,*,논리,논리,論理,*,C,NNG
논쟁,0,0,0,Noun,普通,動作,*,*,논쟁,논쟁,論爭,*,C,NNG
농민,0,0,0,Noun,普通,*,*,*,농민,농민,農民,*,C,NNG
농부,0,0,0,Noun,普通,*,*,*,농부01,농부,農夫,*,C,NNG
농사일,0,0,0,Noun,普通,動作,*,*,농사일,농사일,農事일,*,C,NNG
농산물,0,0,0,Noun,普通,*,*,*,농산물,농산물,農産物,*,C,NNG
농장,0,0,0,Noun,普通,*,*,*,농장05,농장,農場,*,C,NNG
뇌,0,0,0,Noun,普通,*,*,*,뇌03,뇌,腦,*,C,NNG
눈가,0,0,0,Noun,普通,*,*,*,눈가,눈가,*,*,C,NNG
눈길,0,0,0,Noun,普通,*,*,*,눈길01,눈길,*,~을 피하다,C,NNG
눈동자,0,0,0,Noun,普通,*,*,*,눈동자,눈동자,눈瞳子,*,C,NNG
눈병,0,0,0,Noun,普通,*,*,*,눈병,눈병,눈病,*,C,NNG
늑대,0,0,0,Noun,普通,*,*,*,늑대,늑대,*,동물,C,NNG
늦가을,0,0,0,Noun,普通,*,*,*,늦가을,늦가을,*,*,C,NNG
다방,0,0,0,Noun,普通,*,*,*,다방02,다방,茶房,*,C,NNG
다소,0,0,0,Noun,普通,*,*,*,다소01,다소,多少,*,C,NNG
다툼,0,0,0,Noun,普通,*,*,*,다툼,다툼,*,*,C,NNG
다행,0,0,0,Noun,普通,状態,*,*,다행,다행,多幸,*,C,NNG
단,0,0,0,Noun,普通,*,*,*,단06,단,段,*,C,NNG
단계,0,0,0,Noun,普通,*,*,*,단계03,단계,段階,*,C,NNG
단골,0,0,0,Noun,普通,*,*,*,단골01,단골,*,*,C,NNG
단독,0,0,0,Noun,普通,*,*,*,단독02,단독,單獨,*,C,NNG
단순,0,0,0,Noun,普通,状態,*,*,단순02,단순,單純,*,C,NNG
단위,0,0,0,Noun,普通,*,*,*,단위02,단위,單位,*,C,NNG
단추,0,0,0,Noun,普通,*,*,*,단추01,단추,*,*,C,NNG
단편,0,0,0,Noun,普通,*,*,*,단편01,단편,短篇,*,C,NNG
단풍,0,0,0,Noun,普通,*,*,*,단풍01,단풍,丹楓,*,C,NNG
달리기,0,0,0,Noun,普通,*,*,*,달리기,달리기,*,*,C,NNG
담,0,0,0,Noun,普通,*,*,*,담01,담,*,~을 쌓다,C,NNG
담당,0,0,0,Noun,普通,動作,*,*,담당,담당,擔當,*,C,NNG
담당자,0,0,0,Noun,普通,*,*,*,담당자,담당자,擔當者,*,C,NNG
답,0,0,0,Noun,普通,動作,*,*,답03,답,答,*,C,NNG
답변,0,0,0,Noun,普通,動作,*,*,답변,답변,答辯,*,C,NNG
당시,0,0,0,Noun,普通,*,*,*,당시02,당시,當時,*,C,NNG
대,0,0,0,Noun,普通,*,*,*,대01,대,*,줄기,C,NNG
대가,0,0,0,Noun,普通,*,*,*,대가06,대가,代價,*,C,NNG
대개,0,0,0,Noun,普通,*,*,*,대개03,대개,大槪,*,C,NNG
대규모,0,0,0,Noun,普通,*,*,*,대규모,대규모,大規模,*,C,NNG
대기,0,0,0,Noun,普通,*,*,*,대기07,대기,大氣,*,C,NNG
대낮,0,0,0,Noun,普通,*,*,*,대낮,대낮,*,*,C,NNG
대다수,0,0,0,Noun,普通,*,*,*,대다수,대다수,大多數,*,C,NNG
대량,0,0,0,Noun,普通,*,*,*,대량01,대량,大量,*,C,NNG
대륙,0,0,0,Noun,普通,*,*,*,대륙01,대륙,大陸,*,C,NNG
대비,0,0,0,Noun,普通,動作,*,*,대비10,대비,對備,*,C,NNG
대사,0,0,0,Noun,普通,*,*,*,대사04,대사,大使,*,C,NNG
대사,0,0,0,Noun,普通,*,*,*,대사17,대사,臺詞,*,C,NNG
대상자,0,0,0,Noun,普通,*,*,*,대상자03,대상자,對象者,*,C,NNG
대응,0,0,0,Noun,普通,動作,*,*,대응02,대응,對應,*,C,NNG
대입,0,0,0,Noun,普通,*,*,*,대입01,대입,大入,*,C,NNG
대접,0,0,0,Noun,普通,動作,*,*,대접05,대접,待接,*,C,NNG
대책,0,0,0,Noun,普通,*,*,*,대책03,대책,對策,*,C,NNG
대출,0,0,0,Noun,普通,動作,*,*,대출03,대출,貸出,*,C,NNG
대합실,0,0,0,Noun,普通,*,*,*,대합실,대합실,待合室,*,C,NNG
대형,0,0,0,Noun,普通,*,*,*,대형04,대형,大型,*,C,NNG
댐,0,0,0,Noun,普通,*,*,*,댐02,댐,*,dam,C,NNG
덕,0,0,0,Noun,普通,*,*,*,덕05,덕,德,*,C,NNG
덩어리,0,0,0,Noun,普通,*,*,*,덩어리,덩어리,*,*,C,NNG
데이트,0,0,0,Noun,普通,動作,*,*,데이트,데이트,*,date,C,NNG
도,0,0,0,Noun,普通,*,*,*,도10,도,道,~를 깨치다,C,NNG
도,0,0,0,Noun,普通,*,*,*,도11,도,道,전국 각 ~,C,NNG
도덕,0,0,0,Noun,普通,*,*,*,도덕,도덕,道德,*,C,NNG
도마,0,0,0,Noun,普通,*,*,*,도마01,도마,*,*,C,NNG
도망,0,0,0,Noun,普通,動作,*,*,도망02,도망,逃亡,*,C,NNG
도심,0,0,0,Noun,普通,*,*,*,도심04,도심,都心,*,C,NNG
도움말,0,0,0,Noun,普通,*,*,*,도움말,도움말,*,*,C,NNG
도입,0,0,0,Noun,普通,動作,*,*,도입,도입,導入,*,C,NNG
도장,0,0,0,Noun,普通,*,*,*,도장17,도장,圖章,*,C,NNG
도전,0,0,0,Noun,普通,動作,*,*,도전04,도전,挑戰,*,C,NNG
독감,0,0,0,Noun,普通,*,*,*,독감01,독감,毒感,*,C,NNG
독립,0,0,0,Noun,普通,動作,*,*,독립,독립,獨立,*,C,NNG
돌멩이,0,0,0,Noun,普通,*,*,*,돌멩이,돌멩이,*,*,C,NNG
동,0,0,0,Noun,普通,*,*,*,동14,동,棟,*,C,NNG
동그라미,0,0,0,Noun,普通,*,*,*,동그라미,동그라미,*,*,C,NNG
동기,0,0,0,Noun,普通,*,*,*,동기04,동기,同期,*,C,NNG
동료,0,0,0,Noun,普通,*,*,*,동료,동료,同僚,*,C,NNG
동부,0,0,0,Noun,普通,*,*,*,동부05,동부,東部,*,C,NNG
동서,0,0,0,Noun,普通,*,*,*,동서04,동서,東西,*,C,NNG
동서남북,0,0,0,Noun,普通,*,*,*,동서남북,동서남북,東西南北,*,C,NNG
동양인,0,0,0,Noun,普通,*,*,*,동양인,동양인,東洋人,*,C,NNG
동의,0,0,0,Noun,普通,動作,*,*,동의02,동의,同意,*,C,NNG
동작,0,0,0,Noun,普通,動作,*,*,동작03,동작,動作,*,C,NNG
동포,0,0,0,Noun,普通,*,*,*,동포02,동포,同胞,*,C,NNG
동행,0,0,0,Noun,普通,動作,*,*,동행01,동행,同行,*,C,NNG
동화책,0,0,0,Noun,普通,*,*,*,동화책,동화책,童話冊,*,C,NNG
두께,0,0,0,Noun,普通,*,*,*,두께01,두께,*,*,C,NNG
두뇌,0,0,0,Noun,普通,*,*,*,두뇌,두뇌,頭腦,*,C,NNG
두려움,0,0,0,Noun,普通,*,*,*,두려움,두려움,*,*,C,NNG
둥지,0,0,0,Noun,普通,*,*,*,둥지,둥지,*,*,C,NNG
뒤편,0,0,0,Noun,普通,*,*,*,뒤편,뒤편,뒤便,*,C,NNG
뒷골목,0,0,0,Noun,普通,*,*,*,뒷골목,뒷골목,*,*,C,NNG
뒷모습,0,0,0,Noun,普通,*,*,*,뒷모습,뒷모습,*,*,C,NNG
뒷문,0,0,0,Noun,普通,*,*,*,뒷문,뒷문,뒷門,*,C,NNG
등록증,0,0,0,Noun,普通,*,*,*,등록증,등록증,登錄證,*,C,NNG
등장,0,0,0,Noun,普通,動作,*,*,등장01,등장,登場,*,C,NNG
디스크,0,0,0,Noun,普通,*,*,*,디스크,디스크,*,disk,C,NNG
딸아이,0,0,0,Noun,普通,*,*,*,딸아이,딸아이,*,*,C,NNG
땅바닥,0,0,0,Noun,普通,*,*,*,땅바닥,땅바닥,*,*,C,NNG
땅속,0,0,0,Noun,普通,*,*,*,땅속,땅속,*,*,C,NNG
때,0,0,0,Noun,普通,*,*,*,때02,때,*,더러운 물질,C,NNG
떡국,0,0,0,Noun,普通,*,*,*,떡국,떡국,*,*,C,NNG
떼,0,0,0,Noun,普通,*,*,*,떼01,떼,*,양 ~,C,NNG
뜰,0,0,0,Noun,普通,*,*,*,뜰01,뜰,*,*,C,NNG
뜻밖,0,0,0,Noun,普通,*,*,*,뜻밖,뜻밖,*,*,C,NNG
라운드,0,0,0,Noun,普通,*,*,*,라운드,라운드,*,round,C,NNG
라이벌,0,0,0,Noun,普通,*,*,*,라이벌,라이벌,*,rival,C,NNG
라인,0,0,0,Noun,普通,*,*,*,라인01,라인,*,line,C,NNG
라켓,0,0,0,Noun,普通,*,*,*,라켓,라켓,*,racket,C,NNG
레이저,0,0,0,Noun,普通,*,*,*,레이저,레이저,*,laser,C,NNG
레저,0,0,0,Noun,普通,*,*,*,레저,레저,*,leisure,C,NNG
로봇,0,0,0,Noun,普通,*,*,*,로봇,로봇,*,robot,C,NNG
로터리,0,0,0,Noun,普通,*,*,*,로터리,로터리,*,rotary,C,NNG
리그,0,0,0,Noun,普通,*,*,*,리그01,리그,*,league,C,NNG
마누라,0,0,0,Noun,普通,*,*,*,마누라01,마누라,*,*,C,NNG
마당,0,0,0,Noun,普通,*,*,*,마당,마당,*,*,C,NNG
마디,0,0,0,Noun,普通,*,*,*,마디01,마디,*,*,C,NNG
마라톤,0,0,0,Noun,普通,*,*,*,마라톤,마라톤,*,marathon,C,NNG
마련,0,0,0,Noun,普通,動作,*,*,마련,마련,*,*,C,NNG
마무리,0,0,0,Noun,普通,動作,*,*,마무리,마무리,*,*,C,NNG
마약,0,0,0,Noun,普通,*,*,*,마약,마약,痲藥,*,C,NNG
마요네즈,0,0,0,Noun,普通,*,*,*,마요네즈,마요네즈,*,&프mayonnaise,C,NNG
마음가짐,0,0,0,Noun,普通,*,*,*,마음가짐,마음가짐,*,*,C,NNG
마음씨,0,0,0,Noun,普通,*,*,*,마음씨,마음씨,*,*,C,NNG
마이크,0,0,0,Noun,普通,*,*,*,마이크,마이크,*,mike,C,NNG
마찰,0,0,0,Noun,普通,動作,*,*,마찰,마찰,摩擦,*,C,NNG
마크,0,0,0,Noun,普通,動作,*,*,마크,마크,*,mark,C,NNG
막걸리,0,0,0,Noun,普通,*,*,*,막걸리,막걸리,*,*,C,NNG
만세,0,0,0,Noun,普通,*,*,*,만세04,만세,萬歲,*,C,NNG
만점,0,0,0,Noun,普通,*,*,*,만점,만점,滿點,*,C,NNG
만족,0,0,0,Noun,普通,動作,*,*,만족01,만족,滿足,*,C,NNG
만화가,0,0,0,Noun,普通,*,*,*,만화가,만화가,漫畵家,*,C,NNG
말기,0,0,0,Noun,普通,*,*,*,말기05,말기,末期,*,C,NNG
말투,0,0,0,Noun,普通,*,*,*,말투,말투,말套,*,C,NNG
맘,0,0,0,Noun,普通,*,*,*,맘01,맘,*,마음,C,NNG
망원경,0,0,0,Noun,普通,*,*,*,망원경,망원경,望遠鏡,*,C,NNG
매,0,0,0,Noun,普通,*,*,*,매01,매,*,~를 맞다,C,NNG
매너,0,0,0,Noun,普通,*,*,*,매너,매너,*,manner,C,NNG
매스컴,0,0,0,Noun,普通,*,*,*,매스컴,매스컴,*,mass communication,C,NNG
매장,0,0,0,Noun,普通,*,*,*,매장06,매장,賣場,*,C,NNG
매체,0,0,0,Noun,普通,*,*,*,매체,매체,媒體,*,C,NNG
머리말,0,0,0,Noun,普通,*,*,*,머리말,머리말,*,*,C,NNG
머리칼,0,0,0,Noun,普通,*,*,*,머리칼,머리칼,*,*,C,NNG
먹이,0,0,0,Noun,普通,*,*,*,먹이,먹이,*,*,C,NNG
면,0,0,0,Noun,普通,*,*,*,면04,면,面,행정 단위,C,NNG
면,0,0,0,Noun,普通,*,*,*,면05,면,面,양쪽 ~,C,NNG
면,0,0,0,Noun,普通,*,*,*,면07,면,綿,*,C,NNG
면담,0,0,0,Noun,普通,動作,*,*,면담,면담,面談,*,C,NNG
면적,0,0,0,Noun,普通,*,*,*,면적,면적,面積,*,C,NNG
면접,0,0,0,Noun,普通,動作,*,*,면접,면접,面接,*,C,NNG
멸치,0,0,0,Noun,普通,*,*,*,멸치,멸치,*,*,C,NNG
명단,0,0,0,Noun,普通,*,*,*,명단01,명단,名單,*,C,NNG
명령어,0,0,0,Noun,普通,*,*,*,명령어,명령어,命令語,*,C,NNG
명예,0,0,0,Noun,普通,*,*,*,명예01,명예,名譽,*,C,NNG
명의,0,0,0,Noun,普通,*,*,*,명의02,명의,名義,*,C,NNG
명칭,0,0,0,Noun,普通,*,*,*,명칭02,명칭,名稱,*,C,NNG
모범,0,0,0,Noun,普通,*,*,*,모범02,모범,模範,*,C,NNG
모집,0,0,0,Noun,普通,動作,*,*,모집,모집,募集,*,C,NNG
모퉁이,0,0,0,Noun,普通,*,*,*,모퉁이,모퉁이,*,*,C,NNG
목록,0,0,0,Noun,普通,*,*,*,목록,목록,目錄,*,C,NNG
목숨,0,0,0,Noun,普通,*,*,*,목숨,목숨,*,*,C,NNG
몸매,0,0,0,Noun,普通,*,*,*,몸매,몸매,*,*,C,NNG
몸속,0,0,0,Noun,普通,*,*,*,몸속,몸속,*,*,C,NNG
몸짓,0,0,0,Noun,普通,*,*,*,몸짓,몸짓,*,*,C,NNG
몸통,0,0,0,Noun,普通,*,*,*,몸통,몸통,*,*,C,NNG
못,0,0,0,Noun,普通,*,*,*,못01,못,*,벽에 ~을 박다,C,NNG
묘사,0,0,0,Noun,普通,動作,*,*,묘사02,묘사,描寫,*,C,NNG
무,0,0,0,Noun,普通,*,*,*,무08,무,無,*,C,NNG
무관심,0,0,0,Noun,普通,状態,*,*,무관심,무관심,無關心,*,C,NNG
무궁화,0,0,0,Noun,普通,*,*,*,무궁화,무궁화,無窮花,*,C,NNG
무기,0,0,0,Noun,普通,*,*,*,무기05,무기,武器,*,C,NNG
무대,0,0,0,Noun,普通,*,*,*,무대06,무대,舞臺,*,C,NNG
무덤,0,0,0,Noun,普通,*,*,*,무덤,무덤,*,*,C,NNG
무료,0,0,0,Noun,普通,*,*,*,무료01,무료,無料,*,C,NNG
무리,0,0,0,Noun,普通,*,*,*,무리01,무리,*,~를 이루다,C,NNG
무리,0,0,0,Noun,普通,状態,*,*,무리08,무리,無理,*,C,NNG
무리,0,0,0,Noun,普通,動作,*,*,무리08,무리,無理,*,C,NNG
무용가,0,0,0,Noun,普通,*,*,*,무용가,무용가,舞踊家,*,C,NNG
무지개,0,0,0,Noun,普通,*,*,*,무지개,무지개,*,*,C,NNG
문구,0,0,0,Noun,普通,*,*,*,문구01,문구,文句,*,C,NNG
문밖,0,0,0,Noun,普通,*,*,*,문밖,문밖,門밖,*,C,NNG
문법,0,0,0,Noun,普通,*,*,*,문법01,문법,文法,*,C,NNG
문서,0,0,0,Noun,普通,*,*,*,문서,문서,文書,*,C,NNG
문자,0,0,0,Noun,普通,*,*,*,문자02,문자,文字,*,C,NNG
문화재,0,0,0,Noun,普通,*,*,*,문화재,문화재,文化財,*,C,NNG
물가,0,0,0,Noun,普通,*,*,*,물가02,물가,物價,*,C,NNG
물결,0,0,0,Noun,普通,*,*,*,물결,물결,*,*,C,NNG
물기,0,0,0,Noun,普通,*,*,*,물기,물기,물氣,*,C,NNG
물리학,0,0,0,Noun,普通,*,*,*,물리학,물리학,物理學,*,C,NNG
물질,0,0,0,Noun,普通,*,*,*,물질02,물질,物質,*,C,NNG
물체,0,0,0,Noun,普通,*,*,*,물체,물체,物體,*,C,NNG
미,0,0,0,Noun,普通,*,*,*,미14,미,美,*,C,NNG
미니,0,0,0,Noun,普通,*,*,*,미니02,미니,*,mini,C,NNG
미만,0,0,0,Noun,普通,*,*,*,미만01,미만,未滿,*,C,NNG
미사일,0,0,0,Noun,普通,*,*,*,미사일,미사일,*,missile,C,NNG
미스,0,0,0,Noun,普通,*,*,*,미스03,미스,*,Miss,C,NNG
미역,0,0,0,Noun,普通,*,*,*,미역02,미역,*,*,C,NNG
미움,0,0,0,Noun,普通,*,*,*,미움,미움,*,*,C,NNG
미혼,0,0,0,Noun,普通,*,*,*,미혼01,미혼,未婚,*,C,NNG
민간,0,0,0,Noun,普通,*,*,*,민간,민간,民間,*,C,NNG
민속,0,0,0,Noun,普通,*,*,*,민속01,민속,民俗,*,C,NNG
민주,0,0,0,Noun,普通,*,*,*,민주02,민주,民主,*,C,NNG
민주주의,0,0,0,Noun,普通,*,*,*,민주주의,민주주의,民主主義,*,C,NNG
민주화,0,0,0,Noun,普通,*,*,*,민주화,민주화,民主化,*,C,NNG
밑바닥,0,0,0,Noun,普通,*,*,*,밑바닥,밑바닥,*,*,C,NNG
바,0,0,0,Noun,普通,*,*,*,바04,바,*,bar,C,NNG
바가지,0,0,0,Noun,普通,*,*,*,바가지01,바가지,*,*,C,NNG
바구니,0,0,0,Noun,普通,*,*,*,바구니,바구니,*,*,C,NNG
바깥쪽,0,0,0,Noun,普通,*,*,*,바깥쪽,바깥쪽,*,*,C,NNG
바람,0,0,0,Noun,普通,*,*,*,바람02,바람,*,소원,C,NNG
바이러스,0,0,0,Noun,普通,*,*,*,바이러스,바이러스,*,virus,C,NNG
바퀴,0,0,0,Noun,普通,*,*,*,바퀴01,바퀴,*,수레 ~,C,NNG
바탕,0,0,0,Noun,普通,動作,*,*,바탕01,바탕,*,*,C,NNG
반대편,0,0,0,Noun,普通,*,*,*,반대편,반대편,反對便,*,C,NNG
반말,0,0,0,Noun,普通,*,*,*,반말,반말,半말,*,C,NNG
반면,0,0,0,Noun,普通,*,*,*,반면02,반면,反面,*,C,NNG
반발,0,0,0,Noun,普通,動作,*,*,반발01,반발,反撥,*,C,NNG
반성,0,0,0,Noun,普通,動作,*,*,반성01,반성,反省,*,C,NNG
반응,0,0,0,Noun,普通,動作,*,*,반응,반응,反應,*,C,NNG
반죽,0,0,0,Noun,普通,動作,*,*,반죽,반죽,*,*,C,NNG
발걸음,0,0,0,Noun,普通,*,*,*,발걸음,발걸음,*,*,C,NNG
발길,0,0,0,Noun,普通,*,*,*,발길,발길,*,*,C,NNG
발끝,0,0,0,Noun,普通,*,*,*,발끝,발끝,*,*,C,NNG
발레,0,0,0,Noun,普通,*,*,*,발레,발레,*,&프ballet,C,NNG
발바닥,0,0,0,Noun,普通,*,*,*,발바닥,발바닥,*,*,C,NNG
발자국,0,0,0,Noun,普通,*,*,*,발자국,발자국,*,*,C,NNG
발전,0,0,0,Noun,普通,動作,*,*,발전02,발전,發電,*,C,NNG
발톱,0,0,0,Noun,普通,*,*,*,발톱,발톱,*,*,C,NNG
밤새,0,0,0,Noun,普通,*,*,*,밤새02,밤새,*,~ 안녕하셨습니까,C,NNG
밤색,0,0,0,Noun,普通,*,*,*,밤색,밤색,밤色,*,C,NNG
밤하늘,0,0,0,Noun,普通,*,*,*,밤하늘,밤하늘,*,*,C,NNG
밥상,0,0,0,Noun,普通,*,*,*,밥상,밥상,밥床,*,C,NNG
방면,0,0,0,Noun,普通,*,*,*,방면01,방면,方面,*,C,NNG
방바닥,0,0,0,Noun,普通,*,*,*,방바닥,방바닥,房바닥,*,C,NNG
방송사,0,0,0,Noun,普通,*,*,*,방송사,방송사,放送社,*,C,NNG
방식,0,0,0,Noun,普通,*,*,*,방식01,방식,方式,*,C,NNG
방안,0,0,0,Noun,普通,*,*,*,방안01,방안,方案,*,C,NNG
방울,0,0,0,Noun,普通,*,*,*,방울01,방울,*,물~,C,NNG
방울,0,0,0,Noun,普通,*,*,*,방울02,방울,*,~이 울리다,C,NNG
방지,0,0,0,Noun,普通,動作,*,*,방지04,방지,防止,*,C,NNG
방해,0,0,0,Noun,普通,動作,*,*,방해01,방해,妨害,*,C,NNG
배,0,0,0,Noun,普通,*,*,*,배09,배,倍,*,C,NNG
배우자,0,0,0,Noun,普通,*,*,*,배우자02,배우자,配偶者,*,C,NNG
배추김치,0,0,0,Noun,普通,*,*,*,배추김치,배추김치,*,*,C,NNG
배치,0,0,0,Noun,普通,動作,*,*,배치03,배치,配置,*,C,NNG
백색,0,0,0,Noun,普通,*,*,*,백색01,백색,白色,*,C,NNG
백성,0,0,0,Noun,普通,*,*,*,백성,백성,百姓,*,C,NNG
백인,0,0,0,Noun,普通,*,*,*,백인01,백인,白人,*,C,NNG
뱃사람,0,0,0,Noun,普通,*,*,*,뱃사람,뱃사람,*,*,C,NNG
번개,0,0,0,Noun,普通,*,*,*,번개01,번개,*,*,C,NNG
번지,0,0,0,Noun,普通,*,*,*,번지03,번지,番地,*,C,NNG
벌,0,0,0,Noun,普通,*,*,*,벌03,벌,*,곤충,C,NNG
벌,0,0,0,Noun,普通,動作,*,*,벌06,벌,罰,*,C,NNG
벌금,0,0,0,Noun,普通,*,*,*,벌금,벌금,罰金,*,C,NNG
범위,0,0,0,Noun,普通,*,*,*,범위,범위,範圍,*,C,NNG
범인,0,0,0,Noun,普通,*,*,*,범인02,범인,犯人,*,C,NNG
범죄,0,0,0,Noun,普通,*,*,*,범죄,범죄,犯罪,*,C,NNG
법률,0,0,0,Noun,普通,*,*,*,법률,법률,法律,*,C,NNG
법원,0,0,0,Noun,普通,*,*,*,법원01,법원,法院,*,C,NNG
법적,0,0,0,Noun,普通,*,*,*,법적01,법적,法的,*,C,NNG
법칙,0,0,0,Noun,普通,*,*,*,법칙,법칙,法則,*,C,NNG
벤치,0,0,0,Noun,普通,*,*,*,벤치,벤치,*,bench,C,NNG
벼,0,0,0,Noun,普通,*,*,*,벼01,벼,*,*,C,NNG
변경,0,0,0,Noun,普通,動作,*,*,변경04,변경,變更,*,C,NNG
변동,0,0,0,Noun,普通,動作,*,*,변동,변동,變動,*,C,NNG
변명,0,0,0,Noun,普通,動作,*,*,변명01,변명,辨明,*,C,NNG
변신,0,0,0,Noun,普通,動作,*,*,변신01,변신,變身,*,C,NNG
별도,0,0,0,Noun,普通,*,*,*,별도01,별도,別途,*,C,NNG
별명,0,0,0,Noun,普通,*,*,*,별명01,별명,別名,*,C,NNG
별일,0,0,0,Noun,普通,*,*,*,별일,별일,別일,*,C,NNG
병실,0,0,0,Noun,普通,*,*,*,병실02,병실,病室,*,C,NNG
병아리,0,0,0,Noun,普通,*,*,*,병아리,병아리,*,*,C,NNG
보관,0,0,0,Noun,普通,動作,*,*,보관01,보관,保管,*,C,NNG
보너스,0,0,0,Noun,普通,*,*,*,보너스,보너스,*,bonus,C,NNG
보도,0,0,0,Noun,普通,動作,*,*,보도04,보도,報道,*,C,NNG
보라색,0,0,0,Noun,普通,*,*,*,보라색,보라색,보라色,*,C,NNG
보름,0,0,0,Noun,普通,*,*,*,보름01,보름,*,*,C,NNG
보리,0,0,0,Noun,普通,*,*,*,보리01,보리,*,*,C,NNG
보상,0,0,0,Noun,普通,動作,*,*,보상02,보상,補償,*,C,NNG
보수,0,0,0,Noun,普通,動作,*,*,보수06,보수,保守,*,C,NNG
보수,0,0,0,Noun,普通,動作,*,*,보수11,보수,補修,*,C,NNG
보안,0,0,0,Noun,普通,動作,*,*,보안01,보안,保安,*,C,NNG
보자기,0,0,0,Noun,普通,*,*,*,보자기02,보자기,褓자기,*,C,NNG
보장,0,0,0,Noun,普通,動作,*,*,보장01,보장,保障,*,C,NNG
보전,0,0,0,Noun,普通,動作,*,*,보전03,보전,保全,*,C,NNG
보조,0,0,0,Noun,普通,動作,*,*,보조02,보조,補助,*,C,NNG
보존,0,0,0,Noun,普通,動作,*,*,보존,보존,保存,*,C,NNG
복,0,0,0,Noun,普通,*,*,*,복13,복,福,*,C,NNG
복숭아,0,0,0,Noun,普通,*,*,*,복숭아,복숭아,*,*,C,NNG
볶음,0,0,0,Noun,普通,*,*,*,볶음,볶음,*,*,C,NNG
본부,0,0,0,Noun,普通,*,*,*,본부03,본부,本部,*,C,NNG
본사,0,0,0,Noun,普通,*,*,*,본사03,본사,本社,*,C,NNG
본성,0,0,0,Noun,普通,*,*,*,본성02,본성,本性,*,C,NNG
본인,0,0,0,Noun,普通,*,*,*,본인,본인,本人,*,C,NNG
본질,0,0,0,Noun,普通,*,*,*,본질02,본질,本質,*,C,NNG
볼,0,0,0,Noun,普通,*,*,*,볼01,볼,*,뺨,C,NNG
볼링,0,0,0,Noun,普通,*,*,*,볼링,볼링,*,bowling,C,NNG
봉사,0,0,0,Noun,普通,動作,*,*,봉사03,봉사,奉仕,*,C,NNG
부,0,0,0,Noun,普通,*,*,*,부15,부,部,*,C,NNG
부,0,0,0,Noun,普通,*,*,*,부17,부,富,*,C,NNG
부담,0,0,0,Noun,普通,動作,*,*,부담01,부담,負擔,*,C,NNG
부대,0,0,0,Noun,普通,*,*,*,부대08,부대,部隊,*,C,NNG
부문,0,0,0,Noun,普通,*,*,*,부문06,부문,部門,*,C,NNG
부상,0,0,0,Noun,普通,動作,*,*,부상05,부상,負傷,*,C,NNG
부서,0,0,0,Noun,普通,*,*,*,부서12,부서,部署,*,C,NNG
부위,0,0,0,Noun,普通,*,*,*,부위04,부위,部位,*,C,NNG
부인,0,0,0,Noun,普通,*,*,*,부인04,부인,婦人,*,C,NNG
부재,0,0,0,Noun,普通,動作,*,*,부재03,부재,不在,*,C,NNG
부정,0,0,0,Noun,普通,状態,*,*,부정02,부정,不正,*,C,NNG
부채,0,0,0,Noun,普通,*,*,*,부채01,부채,*,*,C,NNG
부친,0,0,0,Noun,普通,*,*,*,부친,부친,父親,*,C,NNG
부품,0,0,0,Noun,普通,*,*,*,부품,부품,部品,*,C,NNG
부피,0,0,0,Noun,普通,*,*,*,부피,부피,*,*,C,NNG
부회장,0,0,0,Noun,普通,*,*,*,부회장,부회장,副會長,*,C,NNG
북부,0,0,0,Noun,普通,*,*,*,북부01,북부,北部,*,C,NNG
분노,0,0,0,Noun,普通,動作,*,*,분노,분노,憤怒,*,C,NNG
분량,0,0,0,Noun,普通,*,*,*,분량,분량,分量,*,C,NNG
분리,0,0,0,Noun,普通,動作,*,*,분리04,분리,分離,*,C,NNG
분석,0,0,0,Noun,普通,動作,*,*,분석02,분석,分析,*,C,NNG
분야,0,0,0,Noun,普通,*,*,*,분야,분야,分野,*,C,NNG
분필,0,0,0,Noun,普通,*,*,*,분필03,분필,粉筆,*,C,NNG
분홍색,0,0,0,Noun,普通,*,*,*,분홍색,분홍색,粉紅色,*,C,NNG
불법,0,0,0,Noun,普通,状態,*,*,불법01,불법,不法,*,C,NNG
불법,0,0,0,Noun,普通,*,*,*,불법02,불법,佛法,*,C,NNG
불이익,0,0,0,Noun,普通,*,*,*,불이익,불이익,不利益,*,C,NNG
불편,0,0,0,Noun,普通,状態,*,*,불편01,불편,不便,*,C,NNG
불평,0,0,0,Noun,普通,動作,*,*,불평01,불평,不平,*,C,NNG
불행,0,0,0,Noun,普通,状態,*,*,불행,불행,不幸,*,C,NNG
브랜드,0,0,0,Noun,普通,*,*,*,브랜드,브랜드,*,brand,C,NNG
비,0,0,0,Noun,普通,*,*,*,비19,비,碑,*,C,NNG
비극,0,0,0,Noun,普通,*,*,*,비극,비극,悲劇,*,C,NNG
비난,0,0,0,Noun,普通,動作,*,*,비난,비난,非難,*,C,NNG
비둘기,0,0,0,Noun,普通,*,*,*,비둘기,비둘기,*,*,C,NNG
비만,0,0,0,Noun,普通,状態,*,*,비만01,비만,肥滿,*,C,NNG
비명,0,0,0,Noun,普通,*,*,*,비명02,비명,悲鳴,*,C,NNG
비바람,0,0,0,Noun,普通,*,*,*,비바람,비바람,*,*,C,NNG
비상,0,0,0,Noun,普通,状態,*,*,비상01,비상,非常,*,C,NNG
비율,0,0,0,Noun,普通,*,*,*,비율02,비율,比率,*,C,NNG
비중,0,0,0,Noun,普通,*,*,*,비중01,비중,比重,*,C,NNG
비판,0,0,0,Noun,普通,動作,*,*,비판01,비판,批判,*,C,NNG
비행,0,0,0,Noun,普通,*,*,*,비행02,비행,非行,*,C,NNG
비행,0,0,0,Noun,普通,動作,*,*,비행03,비행,飛行,*,C,NNG
비행장,0,0,0,Noun,普通,*,*,*,비행장,비행장,飛行場,*,C,NNG
빗방울,0,0,0,Noun,普通,*,*,*,빗방울,빗방울,*,*,C,NNG
빗줄기,0,0,0,Noun,普通,*,*,*,빗줄기,빗줄기,*,*,C,NNG
빚,0,0,0,Noun,普通,*,*,*,빚,빚,*,*,C,NNG
빛깔,0,0,0,Noun,普通,*,*,*,빛깔,빛깔,*,*,C,NNG
사건,0,0,0,Noun,普通,*,*,*,사건01,사건,事件,*,C,NNG
사고,0,0,0,Noun,普通,動作,*,*,사고14,사고,思考,*,C,NNG
사과,0,0,0,Noun,普通,動作,*,*,사과08,사과,謝過,*,C,NNG
사기,0,0,0,Noun,普通,*,*,*,사기01,사기,士氣,*,C,NNG
사나이,0,0,0,Noun,普通,*,*,*,사나이,사나이,*,*,C,NNG
사냥,0,0,0,Noun,普通,動作,*,*,사냥,사냥,*,*,C,NNG
사례,0,0,0,Noun,普通,*,*,*,사례05,사례,事例,*,C,NNG
사립,0,0,0,Noun,普通,*,*,*,사립04,사립,私立,*,C,NNG
사망,0,0,0,Noun,普通,動作,*,*,사망04,사망,死亡,*,C,NNG
사무소,0,0,0,Noun,普通,*,*,*,사무소,사무소,事務所,*,C,NNG
사무직,0,0,0,Noun,普通,*,*,*,사무직,사무직,事務職,*,C,NNG
사방,0,0,0,Noun,普通,*,*,*,사방03,사방,四方,*,C,NNG
사상,0,0,0,Noun,普通,*,*,*,사상01,사상,史上,*,C,NNG
사생활,0,0,0,Noun,普通,*,*,*,사생활,사생활,私生活,*,C,NNG
사설,0,0,0,Noun,普通,*,*,*,사설04,사설,社說,*,C,NNG
사슴,0,0,0,Noun,普通,*,*,*,사슴01,사슴,*,*,C,NNG
사업가,0,0,0,Noun,普通,*,*,*,사업가,사업가,事業家,*,C,NNG
사업자,0,0,0,Noun,普通,*,*,*,사업자,사업자,事業者,*,C,NNG
사이사이,0,0,0,Noun,普通,*,*,*,사이사이,사이사이,*,*,C,NNG
사전,0,0,0,Noun,普通,*,*,*,사전13,사전,事前,*,C,NNG
사정,0,0,0,Noun,普通,動作,*,*,사정07,사정,事情,*,C,NNG
사춘기,0,0,0,Noun,普通,*,*,*,사춘기,사춘기,思春期,*,C,NNG
사투리,0,0,0,Noun,普通,*,*,*,사투리,사투리,*,*,C,NNG
사표,0,0,0,Noun,普通,*,*,*,사표07,사표,辭表,*,C,NNG
사회생활,0,0,0,Noun,普通,*,*,*,사회생활,사회생활,社會生活,*,C,NNG
사회자,0,0,0,Noun,普通,*,*,*,사회자,사회자,司會者,*,C,NNG
사회주의,0,0,0,Noun,普通,*,*,*,사회주의,사회주의,社會主義,*,C,NNG
사회학,0,0,0,Noun,普通,*,*,*,사회학,사회학,社會學,*,C,NNG
산길,0,0,0,Noun,普通,*,*,*,산길02,산길,山길,*,C,NNG
산부인과,0,0,0,Noun,普通,*,*,*,산부인과,산부인과,産婦人科,*,C,NNG
산업,0,0,0,Noun,普通,*,*,*,산업,산업,産業,*,C,NNG
살림,0,0,0,Noun,普通,動作,*,*,살림01,살림,*,*,C,NNG
살인,0,0,0,Noun,普通,動作,*,*,살인,살인,殺人,*,C,NNG
삶,0,0,0,Noun,普通,*,*,*,삶,삶,*,*,C,NNG
삼계탕,0,0,0,Noun,普通,*,*,*,삼계탕,삼계탕,蔘鷄湯,*,C,NNG
삼국,0,0,0,Noun,普通,*,*,*,삼국,삼국,三國,*,C,NNG
상,0,0,0,Noun,普通,*,*,*,상02,상,上,*,C,NNG
상,0,0,0,Noun,普通,*,*,*,상04,상,床,*,C,NNG
상,0,0,0,Noun,普通,*,*,*,상23,상,像,*,C,NNG
상관,0,0,0,Noun,普通,動作,*,*,상관03,상관,相關,*,C,NNG
상금,0,0,0,Noun,普通,*,*,*,상금04,상금,賞金,*,C,NNG
상담,0,0,0,Noun,普通,動作,*,*,상담01,상담,相談,*,C,NNG
상당,0,0,0,Noun,普通,状態,*,*,상당04,상당,相當,*,C,NNG
상당수,0,0,0,Noun,普通,*,*,*,상당수,상당수,相當數,*,C,NNG
상대편,0,0,0,Noun,普通,*,*,*,상대편,상대편,相對便,*,C,NNG
상류,0,0,0,Noun,普通,*,*,*,상류,상류,上流,*,C,NNG
상반기,0,0,0,Noun,普通,*,*,*,상반기,상반기,上半期,*,C,NNG
상상력,0,0,0,Noun,普通,*,*,*,상상력01,상상력,想像力,*,C,NNG
상식,0,0,0,Noun,普通,*,*,*,상식06,상식,常識,*,C,NNG
상업,0,0,0,Noun,普通,*,*,*,상업02,상업,商業,*,C,NNG
상인,0,0,0,Noun,普通,*,*,*,상인06,상인,商人,*,C,NNG
상점,0,0,0,Noun,普通,*,*,*,상점,상점,商店,*,C,NNG
상태,0,0,0,Noun,普通,*,*,*,상태01,상태,狀態,*,C,NNG
상표,0,0,0,Noun,普通,*,*,*,상표02,상표,商標,*,C,NNG
상황,0,0,0,Noun,普通,*,*,*,상황02,상황,狀況,*,C,NNG
새,0,0,0,Noun,普通,*,*,*,새01,새,*,사이,C,NNG
색연필,0,0,0,Noun,普通,*,*,*,색연필,색연필,色鉛筆,*,C,NNG
생,0,0,0,Noun,普通,*,*,*,생02,생,生,*,C,NNG
생기,0,0,0,Noun,普通,*,*,*,생기01,생기,生氣,*,C,NNG
생명,0,0,0,Noun,普通,*,*,*,생명,생명,生命,*,C,NNG
생물,0,0,0,Noun,普通,*,*,*,생물01,생물,生物,*,C,NNG
생방송,0,0,0,Noun,普通,動作,*,*,생방송,생방송,生放送,*,C,NNG
생산,0,0,0,Noun,普通,動作,*,*,생산,생산,生産,*,C,NNG
생산력,0,0,0,Noun,普通,*,*,*,생산력,생산력,生産力,*,C,NNG
생산자,0,0,0,Noun,普通,*,*,*,생산자,생산자,生産者,*,C,NNG
생활비,0,0,0,Noun,普通,*,*,*,생활비,생활비,生活費,*,C,NNG
생활수준,0,0,0,Noun,普通,*,*,*,생활수준,생활수준,生活水準,*,C,NNG
생활용품,0,0,0,Noun,普通,*,*,*,생활용품,생활용품,生活用品,*,C,NNG
서구,0,0,0,Noun,普通,*,*,*,서구02,서구,西歐,*,C,NNG
서명,0,0,0,Noun,普通,動作,*,*,서명03,서명,署名,*,C,NNG
서민,0,0,0,Noun,普通,*,*,*,서민,서민,庶民,*,C,NNG
서부,0,0,0,Noun,普通,*,*,*,서부01,서부,西部,*,C,NNG
서양인,0,0,0,Noun,普通,*,*,*,서양인,서양인,西洋人,*,C,NNG
서적,0,0,0,Noun,普通,*,*,*,서적02,서적,書籍,*,C,NNG
서클,0,0,0,Noun,普通,*,*,*,서클,서클,*,circle,C,NNG
석사,0,0,0,Noun,普通,*,*,*,석사01,석사,碩士,*,C,NNG
선,0,0,0,Noun,普通,*,*,*,선14,선,線,*,C,NNG
선거,0,0,0,Noun,普通,動作,*,*,선거04,선거,選擧,*,C,NNG
선원,0,0,0,Noun,普通,*,*,*,선원06,선원,船員,*,C,NNG
선장,0,0,0,Noun,普通,*,*,*,선장06,선장,船長,*,C,NNG
선전,0,0,0,Noun,普通,動作,*,*,선전03,선전,宣傳,*,C,NNG
선진,0,0,0,Noun,普通,*,*,*,선진03,선진,先進,*,C,NNG
선진국,0,0,0,Noun,普通,*,*,*,선진국,선진국,先進國,*,C,NNG
설문,0,0,0,Noun,普通,動作,*,*,설문01,설문,設問,*,C,NNG
설치,0,0,0,Noun,普通,動作,*,*,설치02,설치,設置,*,C,NNG
성,0,0,0,Noun,普通,*,*,*,성07,성,性,*,C,NNG
성,0,0,0,Noun,普通,*,*,*,성08,성,城,*,C,NNG
성경,0,0,0,Noun,普通,*,*,*,성경03,성경,聖經,*,C,NNG
성당,0,0,0,Noun,普通,*,*,*,성당03,성당,聖堂,*,C,NNG
성명,0,0,0,Noun,普通,動作,*,*,성명10,성명,聲明,*,C,NNG
성장,0,0,0,Noun,普通,動作,*,*,성장01,성장,成長,*,C,NNG
성질,0,0,0,Noun,普通,*,*,*,성질,성질,性質,*,C,NNG
세계관,0,0,0,Noun,普通,*,*,*,세계관,세계관,世界觀,*,C,NNG
세대,0,0,0,Noun,普通,*,*,*,세대02,세대,世代,*,C,NNG
세미나,0,0,0,Noun,普通,*,*,*,세미나,세미나,*,seminar,C,NNG
세월,0,0,0,Noun,普通,*,*,*,세월02,세월,歲月,*,C,NNG
세제,0,0,0,Noun,普通,*,*,*,세제04,세제,洗劑,*,C,NNG
세트,0,0,0,Noun,普通,*,*,*,세트,세트,*,set,C,NNG
셈,0,0,0,Noun,普通,動作,*,*,셈01,셈,*,*,C,NNG
소득,0,0,0,Noun,普通,*,*,*,소득,소득,所得,*,C,NNG
소망,0,0,0,Noun,普通,動作,*,*,소망03,소망,所望,*,C,NNG
소매,0,0,0,Noun,普通,*,*,*,소매01,소매,*,*,C,NNG
소비,0,0,0,Noun,普通,動作,*,*,소비05,소비,消費,*,C,NNG
소속,0,0,0,Noun,普通,動作,*,*,소속01,소속,所屬,*,C,NNG
소수,0,0,0,Noun,普通,*,*,*,소수08,소수,少數,*,C,NNG
소아과,0,0,0,Noun,普通,*,*,*,소아과,소아과,小兒科,*,C,NNG
소용,0,0,0,Noun,普通,動作,*,*,소용07,소용,所用,*,C,NNG
소원,0,0,0,Noun,普通,動作,*,*,소원04,소원,所願,*,C,NNG
소유,0,0,0,Noun,普通,動作,*,*,소유03,소유,所有,*,C,NNG
소유자,0,0,0,Noun,普通,*,*,*,소유자,소유자,所有者,*,C,NNG
소음,0,0,0,Noun,普通,*,*,*,소음06,소음,騷音,*,C,NNG
소재,0,0,0,Noun,普通,*,*,*,소재05,소재,素材,*,C,NNG
소지품,0,0,0,Noun,普通,*,*,*,소지품,소지품,所持品,*,C,NNG
소질,0,0,0,Noun,普通,*,*,*,소질03,소질,素質,*,C,NNG
소프트웨어,0,0,0,Noun,普通,*,*,*,소프트웨어,소프트웨어,*,software,C,NNG
소형,0,0,0,Noun,普通,*,*,*,소형03,소형,小型,*,C,NNG
소화,0,0,0,Noun,普通,動作,*,*,소화06,소화,消化,*,C,NNG
속담,0,0,0,Noun,普通,*,*,*,속담,속담,俗談,*,C,NNG
속마음,0,0,0,Noun,普通,*,*,*,속마음,속마음,*,*,C,NNG
손길,0,0,0,Noun,普通,*,*,*,손길,손길,*,*,C,NNG
손등,0,0,0,Noun,普通,*,*,*,손등01,손등,*,*,C,NNG
손실,0,0,0,Noun,普通,動作,*,*,손실,손실,損失,*,C,NNG
손질,0,0,0,Noun,普通,動作,*,*,손질,손질,*,*,C,NNG
손해,0,0,0,Noun,普通,*,*,*,손해,손해,損害,*,C,NNG
솜,0,0,0,Noun,普通,*,*,*,솜,솜,*,*,C,NNG
솜씨,0,0,0,Noun,普通,*,*,*,솜씨,솜씨,*,*,C,NNG
쇠,0,0,0,Noun,普通,*,*,*,쇠01,쇠,*,*,C,NNG
수,0,0,0,Noun,普通,*,*,*,수02,수,*,방법,C,NNG
수,0,0,0,Noun,普通,*,*,*,수26,수,數,~를 세다,C,NNG
수고,0,0,0,Noun,普通,動作,*,*,수고01,수고,*,*,C,NNG
수단,0,0,0,Noun,普通,*,*,*,수단01,수단,手段,*,C,NNG
수도,0,0,0,Noun,普通,*,*,*,수도09,수도,首都,*,C,NNG
수도꼭지,0,0,0,Noun,普通,*,*,*,수도꼭지,수도꼭지,水道꼭지,*,C,NNG
수면,0,0,0,Noun,普通,動作,*,*,수면07,수면,睡眠,*,C,NNG
수명,0,0,0,Noun,普通,*,*,*,수명05,수명,壽命,*,C,NNG
수석,0,0,0,Noun,普通,*,*,*,수석02,수석,首席,*,C,NNG
수업,0,0,0,Noun,普通,動作,*,*,수업03,수업,修業,*,C,NNG
수요,0,0,0,Noun,普通,*,*,*,수요06,수요,需要,*,C,NNG
수입품,0,0,0,Noun,普通,*,*,*,수입품02,수입품,輸入品,*,C,NNG
수저,0,0,0,Noun,普通,*,*,*,수저01,수저,*,*,C,NNG
수준,0,0,0,Noun,普通,*,*,*,수준,수준,水準,*,C,NNG
수집,0,0,0,Noun,普通,動作,*,*,수집02,수집,蒐集,*,C,NNG
수컷,0,0,0,Noun,普通,*,*,*,수컷,수컷,*,*,C,NNG
수필,0,0,0,Noun,普通,*,*,*,수필04,수필,隨筆,*,C,NNG
수험생,0,0,0,Noun,普通,*,*,*,수험생,수험생,受驗生,*,C,NNG
숙녀,0,0,0,Noun,普通,*,*,*,숙녀,숙녀,淑女,*,C,NNG
순수,0,0,0,Noun,普通,状態,*,*,순수03,순수,純粹,*,C,NNG
순식간,0,0,0,Noun,普通,*,*,*,순식간,순식간,瞬息間,*,C,NNG
순위,0,0,0,Noun,普通,*,*,*,순위,순위,順位,*,C,NNG
스승,0,0,0,Noun,普通,*,*,*,스승01,스승,*,*,C,NNG
스위치,0,0,0,Noun,普通,*,*,*,스위치,스위치,*,switch,C,NNG
스튜디오,0,0,0,Noun,普通,*,*,*,스튜디오,스튜디오,*,studio,C,NNG
습기,0,0,0,Noun,普通,*,*,*,습기02,습기,濕氣,*,C,NNG
승객,0,0,0,Noun,普通,*,*,*,승객,승객,乘客,*,C,NNG
승리,0,0,0,Noun,普通,動作,*,*,승리,승리,勝利,*,C,NNG
승부,0,0,0,Noun,普通,*,*,*,승부03,승부,勝負,*,C,NNG
승진,0,0,0,Noun,普通,動作,*,*,승진03,승진,昇進,*,C,NNG
시,0,0,0,Noun,普通,*,*,*,시13,시,詩,*,C,NNG
시각,0,0,0,Noun,普通,*,*,*,시각03,시각,時刻,*,C,NNG
시각,0,0,0,Noun,普通,*,*,*,시각04,시각,視角,*,C,NNG
시금치,0,0,0,Noun,普通,*,*,*,시금치,시금치,*,*,C,NNG
시기,0,0,0,Noun,普通,*,*,*,시기04,시기,時期,*,C,NNG
시기,0,0,0,Noun,普通,*,*,*,시기05,시기,時機,*,C,NNG
시나리오,0,0,0,Noun,普通,*,*,*,시나리오,시나리오,*,scenario,C,NNG
시댁,0,0,0,Noun,普通,*,*,*,시댁,시댁,媤宅,*,C,NNG
시도,0,0,0,Noun,普通,動作,*,*,시도07,시도,試圖,*,C,NNG
시디,0,0,0,Noun,普通,*,*,*,시디01,시디,*,콤팩트디스크,C,NNG
시디롬,0,0,0,Noun,普通,*,*,*,시디롬,시디롬,*,CD-ROM,C,NNG
시멘트,0,0,0,Noun,普通,*,*,*,시멘트,시멘트,*,cement,C,NNG
시선,0,0,0,Noun,普通,*,*,*,시선03,시선,視線,*,C,NNG
시스템,0,0,0,Noun,普通,*,*,*,시스템,시스템,*,system,C,NNG
시야,0,0,0,Noun,普通,*,*,*,시야03,시야,視野,*,C,NNG
시외버스,0,0,0,Noun,普通,*,*,*,시외버스,시외버스,市外버스,市外bus,C,NNG
시위,0,0,0,Noun,普通,動作,*,*,시위04,시위,示威,*,C,NNG
시일,0,0,0,Noun,普通,*,*,*,시일04,시일,時日,*,C,NNG
시장,0,0,0,Noun,普通,*,*,*,시장03,시장,市長,*,C,NNG
시점,0,0,0,Noun,普通,*,*,*,시점02,시점,時點,*,C,NNG
시중,0,0,0,Noun,普通,*,*,*,시중03,시중,市中,*,C,NNG
시즌,0,0,0,Noun,普通,*,*,*,시즌,시즌,*,season,C,NNG
시집,0,0,0,Noun,普通,*,*,*,시집03,시집,詩集,*,C,NNG
시청률,0,0,0,Noun,普通,*,*,*,시청률,시청률,視聽率,*,C,NNG
시합,0,0,0,Noun,普通,動作,*,*,시합01,시합,試合,*,C,NNG
식기,0,0,0,Noun,普通,*,*,*,식기01,식기,食器,*,C,NNG
식량,0,0,0,Noun,普通,*,*,*,식량03,식량,食糧,*,C,NNG
식료품,0,0,0,Noun,普通,*,*,*,식료품,식료품,食料品,*,C,NNG
식생활,0,0,0,Noun,普通,*,*,*,식생활,식생활,食生活,*,C,NNG
식욕,0,0,0,Noun,普通,*,*,*,식욕,식욕,食慾,*,C,NNG
식품점,0,0,0,Noun,普通,*,*,*,식품점,식품점,食品店,*,C,NNG
신,0,0,0,Noun,普通,*,*,*,신09,신,神,*,C,NNG
신경,0,0,0,Noun,普通,*,*,*,신경04,신경,神經,*,C,NNG
신규,0,0,0,Noun,普通,*,*,*,신규,신규,新規,*,C,NNG
신념,0,0,0,Noun,普通,*,*,*,신념01,신념,信念,*,C,NNG
신부,0,0,0,Noun,普通,*,*,*,신부04,신부,神父,*,C,NNG
신분,0,0,0,Noun,普通,*,*,*,신분02,신분,身分,*,C,NNG
신비,0,0,0,Noun,普通,状態,*,*,신비02,신비,神秘,*,C,NNG
신사,0,0,0,Noun,普通,*,*,*,신사16,신사,紳士,*,C,NNG
신설,0,0,0,Noun,普通,動作,*,*,신설03,신설,新設,*,C,NNG
신세,0,0,0,Noun,普通,*,*,*,신세02,신세,*,~를 망치다,C,NNG
신인,0,0,0,Noun,普通,*,*,*,신인07,신인,新人,*,C,NNG
신청서,0,0,0,Noun,普通,*,*,*,신청서,신청서,申請書,*,C,NNG
신화,0,0,0,Noun,普通,*,*,*,신화04,신화,神話,*,C,NNG
실,0,0,0,Noun,普通,*,*,*,실01,실,*,~을 감다,C,NNG
실감,0,0,0,Noun,普通,動作,*,*,실감,실감,實感,*,C,NNG
실망,0,0,0,Noun,普通,動作,*,*,실망02,실망,失望,*,C,NNG
실습,0,0,0,Noun,普通,動作,*,*,실습,실습,實習,*,C,NNG
실시,0,0,0,Noun,普通,動作,*,*,실시03,실시,實施,*,C,NNG
실장,0,0,0,Noun,普通,*,*,*,실장,실장,室長,*,C,NNG
실정,0,0,0,Noun,普通,*,*,*,실정04,실정,實情,*,C,NNG
실천,0,0,0,Noun,普通,動作,*,*,실천01,실천,實踐,*,C,NNG
실체,0,0,0,Noun,普通,*,*,*,실체02,실체,實體,*,C,NNG
실태,0,0,0,Noun,普通,*,*,*,실태02,실태,實態,*,C,NNG
실험,0,0,0,Noun,普通,動作,*,*,실험,실험,實驗,*,C,NNG
실현,0,0,0,Noun,普通,動作,*,*,실현,실현,實現,*,C,NNG
심사,0,0,0,Noun,普通,動作,*,*,심사08,심사,審査,*,C,NNG
심장,0,0,0,Noun,普通,*,*,*,심장02,심장,心臟,*,C,NNG
심정,0,0,0,Noun,普通,*,*,*,심정01,심정,心情,*,C,NNG
심판,0,0,0,Noun,普通,動作,*,*,심판02,심판,審判,*,C,NNG
싸구려,0,0,0,Noun,普通,*,*,*,싸구려,싸구려,*,*,C,NNG
싼값,0,0,0,Noun,普通,*,*,*,싼값,싼값,*,*,C,NNG
쌍,0,0,0,Noun,普通,*,*,*,쌍02,쌍,雙,*,C,NNG
쌍둥이,0,0,0,Noun,普通,*,*,*,쌍둥이,쌍둥이,雙둥이,*,C,NNG
쓴맛,0,0,0,Noun,普通,*,*,*,쓴맛,쓴맛,*,*,C,NNG
씨앗,0,0,0,Noun,普通,*,*,*,씨앗,씨앗,*,*,C,NNG
아드님,0,0,0,Noun,普通,*,*,*,아드님,아드님,*,*,C,NNG
아랫사람,0,0,0,Noun,普通,*,*,*,아랫사람,아랫사람,*,*,C,NNG
아르바이트,0,0,0,Noun,普通,動作,*,*,아르바이트,아르바이트,*,&독Arbeit,C,NNG
아쉬움,0,0,0,Noun,普通,*,*,*,아쉬움,아쉬움,*,*,C,NNG
아스팔트,0,0,0,Noun,普通,*,*,*,아스팔트,아스팔트,*,asphalt,C,NNG
아이디어,0,0,0,Noun,普通,*,*,*,아이디어,아이디어,*,idea,C,NNG
악몽,0,0,0,Noun,普通,*,*,*,악몽,악몽,惡夢,*,C,NNG
안,0,0,0,Noun,普通,*,*,*,안04,안,案,*,C,NNG
안개,0,0,0,Noun,普通,*,*,*,안개,안개,*,*,C,NNG
안과,0,0,0,Noun,普通,*,*,*,안과02,안과,眼科,*,C,NNG
안내,0,0,0,Noun,普通,動作,*,*,안내01,안내,案內,*,C,NNG
안부,0,0,0,Noun,普通,動作,*,*,안부01,안부,安否,*,C,NNG
안정,0,0,0,Noun,普通,動作,*,*,안정01,안정,安定,*,C,NNG
안팎,0,0,0,Noun,普通,*,*,*,안팎,안팎,*,*,C,NNG
알루미늄,0,0,0,Noun,普通,*,*,*,알루미늄,알루미늄,*,aluminium,C,NNG
알코올,0,0,0,Noun,普通,*,*,*,알코올,알코올,*,alcohol,C,NNG
암시,0,0,0,Noun,普通,動作,*,*,암시01,암시,暗示,*,C,NNG
암컷,0,0,0,Noun,普通,*,*,*,암컷,암컷,*,*,C,NNG
압력,0,0,0,Noun,普通,*,*,*,압력,압력,壓力,*,C,NNG
앞날,0,0,0,Noun,普通,*,*,*,앞날,앞날,*,*,C,NNG
앞문,0,0,0,Noun,普通,*,*,*,앞문,앞문,앞門,*,C,NNG
앞바다,0,0,0,Noun,普通,*,*,*,앞바다,앞바다,*,*,C,NNG
애,0,0,0,Noun,普通,*,*,*,애01,애,*,~가 타다,C,NNG
애정,0,0,0,Noun,普通,*,*,*,애정02,애정,愛情,*,C,NNG
애초,0,0,0,Noun,普通,*,*,*,애초01,애초,애初,*,C,NNG
액수,0,0,0,Noun,普通,*,*,*,액수03,액수,額數,*,C,NNG
앨범,0,0,0,Noun,普通,*,*,*,앨범,앨범,*,album,C,NNG
야간,0,0,0,Noun,普通,*,*,*,야간,야간,夜間,*,C,NNG
야구장,0,0,0,Noun,普通,*,*,*,야구장,야구장,野球場,*,C,NNG
야단,0,0,0,Noun,普通,状態,*,*,야단01,야단,惹端,*,C,NNG
약,0,0,0,Noun,普通,*,*,*,약01,약,*,~이 오르다,C,NNG
약수,0,0,0,Noun,普通,*,*,*,약수04,약수,藥水,*,C,NNG
약점,0,0,0,Noun,普通,*,*,*,약점01,약점,弱點,*,C,NNG
약품,0,0,0,Noun,普通,*,*,*,약품,약품,藥品,*,C,NNG
약혼녀,0,0,0,Noun,普通,*,*,*,약혼녀,약혼녀,約婚女,*,C,NNG
약혼자,0,0,0,Noun,普通,*,*,*,약혼자01,약혼자,約婚者,*,C,NNG
양,0,0,0,Noun,普通,*,*,*,양05,양,羊,*,C,NNG
양국,0,0,0,Noun,普通,*,*,*,양국01,양국,兩國,*,C,NNG
양력,0,0,0,Noun,普通,*,*,*,양력02,양력,陽曆,*,C,NNG
양보,0,0,0,Noun,普通,動作,*,*,양보03,양보,讓步,*,C,NNG
양상추,0,0,0,Noun,普通,*,*,*,양상추,양상추,洋상추,*,C,NNG
양식,0,0,0,Noun,普通,*,*,*,양식03,양식,洋食,*,C,NNG
양식,0,0,0,Noun,普通,*,*,*,양식04,양식,樣式,*,C,NNG
양심,0,0,0,Noun,普通,*,*,*,양심02,양심,良心,*,C,NNG
양옆,0,0,0,Noun,普通,*,*,*,양옆,양옆,兩옆,*,C,NNG
양주,0,0,0,Noun,普通,*,*,*,양주04,양주,洋酒,*,C,NNG
언덕,0,0,0,Noun,普通,*,*,*,언덕,언덕,*,*,C,NNG
언론,0,0,0,Noun,普通,*,*,*,언론,언론,言論,*,C,NNG
언어,0,0,0,Noun,普通,*,*,*,언어01,언어,言語,*,C,NNG
얼마간,0,0,0,Noun,普通,*,*,*,얼마간,얼마간,얼마間,*,C,NNG
업종,0,0,0,Noun,普通,*,*,*,업종01,업종,業種,*,C,NNG
업체,0,0,0,Noun,普通,*,*,*,업체,업체,業體,*,C,NNG
엉덩이,0,0,0,Noun,普通,*,*,*,엉덩이,엉덩이,*,*,C,NNG
엉망,0,0,0,Noun,普通,*,*,*,엉망,엉망,*,*,C,NNG
엉터리,0,0,0,Noun,普通,*,*,*,엉터리,엉터리,*,*,C,NNG
엔진,0,0,0,Noun,普通,*,*,*,엔진,엔진,*,engine,C,NNG
여가,0,0,0,Noun,普通,*,*,*,여가03,여가,餘暇,*,C,NNG
여건,0,0,0,Noun,普通,*,*,*,여건01,여건,與件,*,C,NNG
여군,0,0,0,Noun,普通,*,*,*,여군02,여군,女軍,*,C,NNG
여럿,0,0,0,Noun,普通,*,*,*,여럿,여럿,*,*,C,NNG
여론,0,0,0,Noun,普通,*,*,*,여론02,여론,輿論,*,C,NNG
여왕,0,0,0,Noun,普通,*,*,*,여왕,여왕,女王,*,C,NNG
여인,0,0,0,Noun,普通,*,*,*,여인01,여인,女人,*,C,NNG
역,0,0,0,Noun,普通,*,*,*,역06,역,役,*,C,NNG
역사상,0,0,0,Noun,普通,*,*,*,역사상02,역사상,歷史上,*,C,NNG
역사학,0,0,0,Noun,普通,*,*,*,역사학,역사학,歷史學,*,C,NNG
연간,0,0,0,Noun,普通,*,*,*,연간02,연간,年間,*,C,NNG
연결,0,0,0,Noun,普通,動作,*,*,연결01,연결,連結,*,C,NNG
연관,0,0,0,Noun,普通,動作,*,*,연관06,연관,聯關,*,C,NNG
연구실,0,0,0,Noun,普通,*,*,*,연구실,연구실,硏究室,*,C,NNG
연구원,0,0,0,Noun,普通,*,*,*,연구원01,연구원,硏究員,*,C,NNG
연극,0,0,0,Noun,普通,動作,*,*,연극,연극,演劇,*,C,NNG
연기,0,0,0,Noun,普通,動作,*,*,연기05,연기,延期,*,C,NNG
연기자,0,0,0,Noun,普通,*,*,*,연기자,연기자,演技者,*,C,NNG
연두색,0,0,0,Noun,普通,*,*,*,연두색,연두색,軟豆色,*,C,NNG
연락,0,0,0,Noun,普通,動作,*,*,연락02,연락,連絡,*,C,NNG
연령,0,0,0,Noun,普通,*,*,*,연령01,연령,年齡,*,C,NNG
연설,0,0,0,Noun,普通,動作,*,*,연설02,연설,演說,*,C,NNG
연속,0,0,0,Noun,普通,動作,*,*,연속02,연속,連續,*,C,NNG
연애,0,0,0,Noun,普通,動作,*,*,연애05,연애,戀愛,*,C,NNG
연예인,0,0,0,Noun,普通,*,*,*,연예인,연예인,演藝人,*,C,NNG
연인,0,0,0,Noun,普通,*,*,*,연인06,연인,戀人,*,C,NNG
연장,0,0,0,Noun,普通,動作,*,*,연장05,연장,延長,*,C,NNG
연주,0,0,0,Noun,普通,動作,*,*,연주06,연주,演奏,*,C,NNG
연출,0,0,0,Noun,普通,動作,*,*,연출02,연출,演出,*,C,NNG
연합,0,0,0,Noun,普通,動作,*,*,연합03,연합,聯合,*,C,NNG
열기,0,0,0,Noun,普通,*,*,*,열기07,열기,熱氣,*,C,NNG
열매,0,0,0,Noun,普通,*,*,*,열매01,열매,*,*,C,NNG
열정,0,0,0,Noun,普通,*,*,*,열정02,열정,熱情,*,C,NNG
염려,0,0,0,Noun,普通,動作,*,*,염려01,염려,念慮,*,C,NNG
영상,0,0,0,Noun,普通,*,*,*,영상01,영상,映像,*,C,NNG
영양,0,0,0,Noun,普通,*,*,*,영양05,영양,營養,*,C,NNG
영업,0,0,0,Noun,普通,動作,*,*,영업,영업,營業,*,C,NNG
영역,0,0,0,Noun,普通,*,*,*,영역03,영역,領域,*,C,NNG
영웅,0,0,0,Noun,普通,*,*,*,영웅,영웅,英雄,*,C,NNG
영향,0,0,0,Noun,普通,動作,*,*,영향04,영향,影響,*,C,NNG
영향력,0,0,0,Noun,普通,*,*,*,영향력,영향력,影響力,*,C,NNG
영혼,0,0,0,Noun,普通,状態,*,*,영혼02,영혼,靈魂,*,C,NNG
영화관,0,0,0,Noun,普通,*,*,*,영화관01,영화관,映畵館,*,C,NNG
영화배우,0,0,0,Noun,普通,*,*,*,영화배우,영화배우,映畵俳優,*,C,NNG
영화제,0,0,0,Noun,普通,*,*,*,영화제,영화제,映畵祭,*,C,NNG
옆구리,0,0,0,Noun,普通,*,*,*,옆구리,옆구리,*,*,C,NNG
예,0,0,0,Noun,普通,*,*,*,예01,예,*,~나 지금이나,C,NNG
예감,0,0,0,Noun,普通,動作,*,*,예감03,예감,豫感,*,C,NNG
예방,0,0,0,Noun,普通,動作,*,*,예방02,예방,豫防,*,C,NNG
예보,0,0,0,Noun,普通,動作,*,*,예보,예보,豫報,*,C,NNG
예비,0,0,0,Noun,普通,動作,*,*,예비02,예비,豫備,*,C,NNG
예산,0,0,0,Noun,普通,*,*,*,예산02,예산,豫算,*,C,NNG
예선,0,0,0,Noun,普通,*,*,*,예선02,예선,豫選,*,C,NNG
예습,0,0,0,Noun,普通,動作,*,*,예습,예습,豫習,*,C,NNG
예식장,0,0,0,Noun,普通,*,*,*,예식장,예식장,禮式場,*,C,NNG
예외,0,0,0,Noun,普通,*,*,*,예외,예외,例外,*,C,NNG
예의,0,0,0,Noun,普通,*,*,*,예의06,예의,禮儀,*,C,NNG
오락,0,0,0,Noun,普通,動作,*,*,오락01,오락,娛樂,*,C,NNG
오염,0,0,0,Noun,普通,動作,*,*,오염,오염,汚染,*,C,NNG
오페라,0,0,0,Noun,普通,*,*,*,오페라,오페라,*,opera,C,NNG
오해,0,0,0,Noun,普通,動作,*,*,오해02,오해,誤解,*,C,NNG
옥상,0,0,0,Noun,普通,*,*,*,옥상03,옥상,屋上,*,C,NNG
온돌,0,0,0,Noun,普通,*,*,*,온돌,온돌,溫突,*,C,NNG
온라인,0,0,0,Noun,普通,*,*,*,온라인,온라인,*,on-line,C,NNG
온종일,0,0,0,Noun,普通,*,*,*,온종일,온종일,온終日,*,C,NNG
올,0,0,0,Noun,普通,*,*,*,올02,올,*,올해,C,NNG
올가을,0,0,0,Noun,普通,*,*,*,올가을,올가을,*,*,C,NNG
올여름,0,0,0,Noun,普通,*,*,*,올여름,올여름,*,*,C,NNG
옷차림,0,0,0,Noun,普通,*,*,*,옷차림,옷차림,*,*,C,NNG
와이셔츠,0,0,0,Noun,普通,*,*,*,와이셔츠,와이셔츠,*,white shirts,C,NNG
완성,0,0,0,Noun,普通,動作,*,*,완성01,완성,完成,*,C,NNG
완전,0,0,0,Noun,普通,状態,*,*,완전01,완전,完全,*,C,NNG
왕비,0,0,0,Noun,普通,*,*,*,왕비,왕비,王妃,*,C,NNG
왕자,0,0,0,Noun,普通,*,*,*,왕자01,왕자,王子,*,C,NNG
외갓집,0,0,0,Noun,普通,*,*,*,외갓집,외갓집,外家ㅅ집,*,C,NNG
외과,0,0,0,Noun,普通,*,*,*,외과01,외과,外科,*,C,NNG
외로움,0,0,0,Noun,普通,*,*,*,외로움,외로움,*,*,C,NNG
외모,0,0,0,Noun,普通,*,*,*,외모02,외모,外貌,*,C,NNG
외부,0,0,0,Noun,普通,*,*,*,외부02,외부,外部,*,C,NNG
외아들,0,0,0,Noun,普通,*,*,*,외아들,외아들,*,*,C,NNG
외제,0,0,0,Noun,普通,*,*,*,외제05,외제,外製,*,C,NNG
외침,0,0,0,Noun,普通,*,*,*,외침01,외침,*,*,C,NNG
외할아버지,0,0,0,Noun,普通,*,*,*,외할아버지,외할아버지,外할아버지,*,C,NNG
요구,0,0,0,Noun,普通,動作,*,*,요구03,요구,要求,*,C,NNG
요리사,0,0,0,Noun,普通,*,*,*,요리사,요리사,料理師,*,C,NNG
욕,0,0,0,Noun,普通,動作,*,*,욕02,욕,辱,*,C,NNG
용,0,0,0,Noun,普通,*,*,*,용09,용,龍,*,C,NNG
용기,0,0,0,Noun,普通,*,*,*,용기02,용기,勇氣,*,C,NNG
용기,0,0,0,Noun,普通,*,*,*,용기03,용기,容器,*,C,NNG
용도,0,0,0,Noun,普通,*,*,*,용도02,용도,用途,*,C,NNG
용서,0,0,0,Noun,普通,動作,*,*,용서01,용서,容恕,*,C,NNG
용어,0,0,0,Noun,普通,*,*,*,용어02,용어,用語,*,C,NNG
우려,0,0,0,Noun,普通,動作,*,*,우려01,우려,憂慮,*,C,NNG
우정,0,0,0,Noun,普通,*,*,*,우정02,우정,友情,*,C,NNG
우주,0,0,0,Noun,普通,状態,*,*,우주02,우주,宇宙,*,C,NNG
우편,0,0,0,Noun,普通,*,*,*,우편04,우편,郵便,*,C,NNG
운명,0,0,0,Noun,普通,*,*,*,운명01,운명,運命,*,C,NNG
운반,0,0,0,Noun,普通,動作,*,*,운반02,운반,運搬,*,C,NNG
운전사,0,0,0,Noun,普通,*,*,*,운전사,운전사,運轉士,*,C,NNG
운행,0,0,0,Noun,普通,動作,*,*,운행02,운행,運行,*,C,NNG
울음소리,0,0,0,Noun,普通,*,*,*,울음소리,울음소리,*,*,C,NNG
움직임,0,0,0,Noun,普通,*,*,*,움직임,움직임,*,*,C,NNG
웃음소리,0,0,0,Noun,普通,*,*,*,웃음소리,웃음소리,*,*,C,NNG
원,0,0,0,Noun,普通,*,*,*,원12,원,圓,~을 그리다,C,NNG
원고,0,0,0,Noun,普通,*,*,*,원고03,원고,原稿,*,C,NNG
원서,0,0,0,Noun,普通,*,*,*,원서05,원서,願書,*,C,NNG
원인,0,0,0,Noun,普通,*,*,*,원인02,원인,原因,*,C,NNG
원장,0,0,0,Noun,普通,*,*,*,원장07,원장,院長,*,C,NNG
월세,0,0,0,Noun,普通,*,*,*,월세,월세,月貰,*,C,NNG
위,0,0,0,Noun,普通,*,*,*,위06,위,胃,*,C,NNG
위기,0,0,0,Noun,普通,*,*,*,위기01,위기,危機,*,C,NNG
위로,0,0,0,Noun,普通,動作,*,*,위로02,위로,慰勞,*,C,NNG
위법,0,0,0,Noun,普通,動作,*,*,위법01,위법,違法,*,C,NNG
위성,0,0,0,Noun,普通,*,*,*,위성06,위성,衛星,*,C,NNG
위원,0,0,0,Noun,普通,*,*,*,위원01,위원,委員,*,C,NNG
위원장,0,0,0,Noun,普通,*,*,*,위원장,위원장,委員長,*,C,NNG
위주,0,0,0,Noun,普通,*,*,*,위주,위주,爲主,*,C,NNG
위협,0,0,0,Noun,普通,動作,*,*,위협,위협,威脅,*,C,NNG
윗몸,0,0,0,Noun,普通,*,*,*,윗몸,윗몸,*,*,C,NNG
윗사람,0,0,0,Noun,普通,*,*,*,윗사람,윗사람,*,*,C,NNG
유머,0,0,0,Noun,普通,*,*,*,유머,유머,*,humor,C,NNG
유물,0,0,0,Noun,普通,*,*,*,유물04,유물,遺物,*,C,NNG
유산,0,0,0,Noun,普通,*,*,*,유산07,유산,遺産,*,C,NNG
유적,0,0,0,Noun,普通,*,*,*,유적08,유적,遺跡,*,C,NNG
유적지,0,0,0,Noun,普通,*,*,*,유적지,유적지,遺跡地,*,C,NNG
유형,0,0,0,Noun,普通,*,*,*,유형07,유형,類型,*,C,NNG
육군,0,0,0,Noun,普通,*,*,*,육군02,육군,陸軍,*,C,NNG
육상,0,0,0,Noun,普通,*,*,*,육상02,육상,陸上,*,C,NNG
육체,0,0,0,Noun,普通,*,*,*,육체03,육체,肉體,*,C,NNG
은,0,0,0,Noun,普通,*,*,*,은03,은,銀,*,C,NNG
은행나무,0,0,0,Noun,普通,*,*,*,은행나무,은행나무,銀杏나무,*,C,NNG
음력,0,0,0,Noun,普通,*,*,*,음력02,음력,陰曆,*,C,NNG
음반,0,0,0,Noun,普通,*,*,*,음반,음반,音盤,*,C,NNG
음성,0,0,0,Noun,普通,*,*,*,음성02,음성,音聲,*,C,NNG
음식물,0,0,0,Noun,普通,*,*,*,음식물02,음식물,飮食物,*,C,NNG
음식점,0,0,0,Noun,普通,*,*,*,음식점,음식점,飮食店,*,C,NNG
음주,0,0,0,Noun,普通,動作,*,*,음주,음주,飮酒,*,C,NNG
의논,0,0,0,Noun,普通,動作,*,*,의논,의논,議論,*,C,NNG
의도,0,0,0,Noun,普通,動作,*,*,의도02,의도,意圖,*,C,NNG
의류,0,0,0,Noun,普通,*,*,*,의류,의류,衣類,*,C,NNG
의무,0,0,0,Noun,普通,*,*,*,의무01,의무,義務,*,C,NNG
의문,0,0,0,Noun,普通,状態,*,*,의문02,의문,疑問,*,C,NNG
의복,0,0,0,Noun,普通,*,*,*,의복01,의복,衣服,*,C,NNG
의사,0,0,0,Noun,普通,*,*,*,의사02,의사,意思,*,C,NNG
의식,0,0,0,Noun,普通,動作,*,*,의식03,의식,意識,*,C,NNG
의식,0,0,0,Noun,普通,*,*,*,의식04,의식,儀式,*,C,NNG
의심,0,0,0,Noun,普通,動作,*,*,의심03,의심,疑心,*,C,NNG
의욕,0,0,0,Noun,普通,*,*,*,의욕,의욕,意欲,*,C,NNG
의원,0,0,0,Noun,普通,*,*,*,의원05,의원,議員,*,C,NNG
의지,0,0,0,Noun,普通,*,*,*,의지06,의지,意志,*,C,NNG
의학,0,0,0,Noun,普通,*,*,*,의학02,의학,醫學,*,C,NNG
이내,0,0,0,Noun,普通,*,*,*,이내05,이내,以內,*,C,NNG
이념,0,0,0,Noun,普通,*,*,*,이념,이념,理念,*,C,NNG
이다음,0,0,0,Noun,普通,*,*,*,이다음,이다음,*,*,C,NNG
이달,0,0,0,Noun,普通,*,*,*,이달01,이달,*,*,C,NNG
이데올로기,0,0,0,Noun,普通,*,*,*,이데올로기,이데올로기,*,&독Ideologie,C,NNG
이력서,0,0,0,Noun,普通,*,*,*,이력서,이력서,履歷書,*,C,NNG
이민,0,0,0,Noun,普通,動作,*,*,이민03,이민,移民,*,C,NNG
이별,0,0,0,Noun,普通,動作,*,*,이별,이별,離別,*,C,NNG
이사장,0,0,0,Noun,普通,*,*,*,이사장,이사장,理事長,*,C,NNG
이성,0,0,0,Noun,普通,*,*,*,이성10,이성,異性,*,C,NNG
이슬,0,0,0,Noun,普通,*,*,*,이슬,이슬,*,*,C,NNG
이용자,0,0,0,Noun,普通,*,*,*,이용자,이용자,利用者,*,C,NNG
이자,0,0,0,Noun,普通,*,*,*,이자05,이자,利子,*,C,NNG
이중,0,0,0,Noun,普通,*,*,*,이중03,이중,二重,*,C,NNG
이해,0,0,0,Noun,普通,*,*,*,이해03,이해,利害,*,C,NNG
이해관계,0,0,0,Noun,普通,*,*,*,이해관계,이해관계,利害關係,*,C,NNG
인,0,0,0,Noun,普通,*,*,*,인02,인,人,*,C,NNG
인간관계,0,0,0,Noun,普通,*,*,*,인간관계,인간관계,人間關係,*,C,NNG
인격,0,0,0,Noun,普通,*,*,*,인격,인격,人格,*,C,NNG
인공,0,0,0,Noun,普通,*,*,*,인공01,인공,人工,*,C,NNG
인근,0,0,0,Noun,普通,*,*,*,인근,인근,隣近,*,C,NNG
인도,0,0,0,Noun,普通,*,*,*,인도02,인도,人道,보도,C,NNG
인류,0,0,0,Noun,普通,*,*,*,인류01,인류,人類,*,C,NNG
인물,0,0,0,Noun,普通,*,*,*,인물,인물,人物,*,C,NNG
인사,0,0,0,Noun,普通,*,*,*,인사03,인사,人事,*,C,NNG
인상,0,0,0,Noun,普通,動作,*,*,인상03,인상,引上,*,C,NNG
인쇄,0,0,0,Noun,普通,動作,*,*,인쇄,인쇄,印刷,*,C,NNG
인연,0,0,0,Noun,普通,動作,*,*,인연03,인연,因緣,*,C,NNG
인재,0,0,0,Noun,普通,*,*,*,인재02,인재,人材,*,C,NNG
인제,0,0,0,Noun,普通,*,*,*,인제01,인제,*,*,C,NNG
인종,0,0,0,Noun,普通,*,*,*,인종01,인종,人種,*,C,NNG
인체,0,0,0,Noun,普通,*,*,*,인체,인체,人體,*,C,NNG
인하,0,0,0,Noun,普通,動作,*,*,인하01,인하,引下,*,C,NNG
일반인,0,0,0,Noun,普通,*,*,*,일반인,일반인,一般人,*,C,NNG
일생,0,0,0,Noun,普通,*,*,*,일생01,일생,一生,*,C,NNG
일손,0,0,0,Noun,普通,*,*,*,일손,일손,*,*,C,NNG
일식,0,0,0,Noun,普通,*,*,*,일식04,일식,日食,*,C,NNG
일쑤,0,0,0,Noun,普通,*,*,*,일쑤,일쑤,*,*,C,NNG
일자,0,0,0,Noun,普通,*,*,*,일자05,일자,日子,*,C,NNG
일자리,0,0,0,Noun,普通,*,*,*,일자리,일자리,*,*,C,NNG
일종,0,0,0,Noun,普通,*,*,*,일종03,일종,一種,*,C,NNG
일체,0,0,0,Noun,普通,*,*,*,일체01,일체,一切,*,C,NNG
일치,0,0,0,Noun,普通,動作,*,*,일치01,일치,一致,*,C,NNG
일행,0,0,0,Noun,普通,*,*,*,일행01,일행,一行,*,C,NNG
임금,0,0,0,Noun,普通,*,*,*,임금01,임금,*,*,C,NNG
임무,0,0,0,Noun,普通,*,*,*,임무01,임무,任務,*,C,NNG
임신부,0,0,0,Noun,普通,*,*,*,임신부,임신부,妊娠婦,*,C,NNG
입국,0,0,0,Noun,普通,動作,*,*,입국02,입국,入國,*,C,NNG
입대,0,0,0,Noun,普通,動作,*,*,입대01,입대,入隊,*,C,NNG
입력,0,0,0,Noun,普通,動作,*,*,입력,입력,入力,*,C,NNG
입맛,0,0,0,Noun,普通,*,*,*,입맛,입맛,*,*,C,NNG
입사,0,0,0,Noun,普通,動作,*,*,입사03,입사,入社,*,C,NNG
입시,0,0,0,Noun,普通,*,*,*,입시04,입시,入試,*,C,NNG
입장,0,0,0,Noun,普通,*,*,*,입장04,입장,立場,*,C,NNG
자,0,0,0,Noun,普通,*,*,*,자01,자,*,~로 재다,C,NNG
자,0,0,0,Noun,普通,*,*,*,자14,자,字,이름 석 ~,C,NNG
자격증,0,0,0,Noun,普通,*,*,*,자격증,자격증,資格證,*,C,NNG
자극,0,0,0,Noun,普通,動作,*,*,자극01,자극,刺戟,*,C,NNG
자녀,0,0,0,Noun,普通,*,*,*,자녀01,자녀,子女,*,C,NNG
자랑,0,0,0,Noun,普通,動作,*,*,자랑01,자랑,*,*,C,NNG
자리,0,0,0,Noun,普通,*,*,*,자리02,자리,*,~를 깔다,C,NNG
자매,0,0,0,Noun,普通,*,*,*,자매03,자매,姉妹,*,C,NNG
자부심,0,0,0,Noun,普通,*,*,*,자부심,자부심,自負心,*,C,NNG
자살,0,0,0,Noun,普通,動作,*,*,자살01,자살,自殺,*,C,NNG
자세,0,0,0,Noun,普通,*,*,*,자세02,자세,姿勢,*,C,NNG
자신감,0,0,0,Noun,普通,*,*,*,자신감,자신감,自信感,*,C,NNG
자연현상,0,0,0,Noun,普通,*,*,*,자연현상,자연현상,自然現象,*,C,NNG
자연환경,0,0,0,Noun,普通,*,*,*,자연환경,자연환경,自然環境,*,C,NNG
자원,0,0,0,Noun,普通,*,*,*,자원04,자원,資源,*,C,NNG
자율,0,0,0,Noun,普通,*,*,*,자율,자율,自律,*,C,NNG
자정,0,0,0,Noun,普通,*,*,*,자정01,자정,子正,*,C,NNG
자존심,0,0,0,Noun,普通,*,*,*,자존심,자존심,自尊心,*,C,NNG
자취,0,0,0,Noun,普通,*,*,*,자취01,자취,*,*,C,NNG
자판,0,0,0,Noun,普通,*,*,*,자판01,자판,字板,*,C,NNG
작성,0,0,0,Noun,普通,動作,*,*,작성01,작성,作成,*,C,NNG
작업,0,0,0,Noun,普通,動作,*,*,작업01,작업,作業,*,C,NNG
작용,0,0,0,Noun,普通,動作,*,*,작용01,작용,作用,*,C,NNG
작은딸,0,0,0,Noun,普通,*,*,*,작은딸,작은딸,*,*,C,NNG
작은아들,0,0,0,Noun,普通,*,*,*,작은아들,작은아들,*,*,C,NNG
작은아버지,0,0,0,Noun,普通,*,*,*,작은아버지,작은아버지,*,*,C,NNG
작은어머니,0,0,0,Noun,普通,*,*,*,작은어머니,작은어머니,*,*,C,NNG
작품,0,0,0,Noun,普通,*,*,*,작품01,작품,作品,*,C,NNG
잔디,0,0,0,Noun,普通,*,*,*,잔디,잔디,*,*,C,NNG
잔디밭,0,0,0,Noun,普通,*,*,*,잔디밭,잔디밭,*,*,C,NNG
잠바,0,0,0,Noun,普通,*,*,*,잠바,잠바,*,jumper,C,NNG
잠수함,0,0,0,Noun,普通,*,*,*,잠수함02,잠수함,潛水艦,*,C,NNG
잠자리,0,0,0,Noun,普通,*,*,*,잠자리01,잠자리,*,~를 바꾸다,C,NNG
잠자리,0,0,0,Noun,普通,*,*,*,잠자리02,잠자리,*,곤충,C,NNG
장관,0,0,0,Noun,普通,*,*,*,장관02,장관,長官,*,C,NNG
장기간,0,0,0,Noun,普通,*,*,*,장기간,장기간,長期間,*,C,NNG
장난,0,0,0,Noun,普通,動作,*,*,장난,장난,*,*,C,NNG
장례,0,0,0,Noun,普通,*,*,*,장례02,장례,葬禮,*,C,NNG
장례식,0,0,0,Noun,普通,*,*,*,장례식,장례식,葬禮式,*,C,NNG
장르,0,0,0,Noun,普通,*,*,*,장르,장르,*,&프genre,C,NNG
장면,0,0,0,Noun,普通,*,*,*,장면04,장면,場面,*,C,NNG
장모,0,0,0,Noun,普通,*,*,*,장모01,장모,丈母,*,C,NNG
장모님,0,0,0,Noun,普通,*,*,*,장모님,장모님,丈母님,*,C,NNG
장비,0,0,0,Noun,普通,動作,*,*,장비07,장비,裝備,*,C,NNG
장사꾼,0,0,0,Noun,普通,*,*,*,장사꾼,장사꾼,*,*,C,NNG
장수,0,0,0,Noun,普通,*,*,*,장수01,장수,*,사과 ~,C,NNG
장식,0,0,0,Noun,普通,動作,*,*,장식05,장식,裝飾,*,C,NNG
장애인,0,0,0,Noun,普通,*,*,*,장애인,장애인,障碍人,*,C,NNG
장인,0,0,0,Noun,普通,*,*,*,장인02,장인,丈人,*,C,NNG
재능,0,0,0,Noun,普通,*,*,*,재능,재능,才能,*,C,NNG
재생,0,0,0,Noun,普通,動作,*,*,재생01,재생,再生,*,C,NNG
재수,0,0,0,Noun,普通,*,*,*,재수03,재수,財數,*,C,NNG
재정,0,0,0,Noun,普通,*,*,*,재정05,재정,財政,*,C,NNG
재주,0,0,0,Noun,普通,*,*,*,재주01,재주,*,*,C,NNG
재즈,0,0,0,Noun,普通,*,*,*,재즈,재즈,*,jazz,C,NNG
재판,0,0,0,Noun,普通,動作,*,*,재판06,재판,裁判,*,C,NNG
재학,0,0,0,Noun,普通,動作,*,*,재학02,재학,在學,*,C,NNG
재활용,0,0,0,Noun,普通,動作,*,*,재활용,재활용,再活用,*,C,NNG
재활용품,0,0,0,Noun,普通,*,*,*,재활용품,재활용품,再活用品,*,C,NNG
저고리,0,0,0,Noun,普通,*,*,*,저고리01,저고리,*,*,C,NNG
저울,0,0,0,Noun,普通,*,*,*,저울01,저울,*,*,C,NNG
적성,0,0,0,Noun,普通,*,*,*,적성05,적성,適性,*,C,NNG
적용,0,0,0,Noun,普通,動作,*,*,적용,적용,適用,*,C,NNG
적응,0,0,0,Noun,普通,動作,*,*,적응02,적응,適應,*,C,NNG
전개,0,0,0,Noun,普通,動作,*,*,전개02,전개,展開,*,C,NNG
전구,0,0,0,Noun,普通,*,*,*,전구10,전구,電球,*,C,NNG
전기,0,0,0,Noun,普通,*,*,*,전기09,전기,前期,*,C,NNG
전기,0,0,0,Noun,普通,*,*,*,전기12,전기,傳記,*,C,NNG
전달,0,0,0,Noun,普通,動作,*,*,전달03,전달,傳達,*,C,NNG
전망,0,0,0,Noun,普通,動作,*,*,전망03,전망,展望,*,C,NNG
전문점,0,0,0,Noun,普通,*,*,*,전문점,전문점,專門店,*,C,NNG
전문직,0,0,0,Noun,普通,*,*,*,전문직,전문직,專門職,*,C,NNG
전반,0,0,0,Noun,普通,*,*,*,전반03,전반,全般,*,C,NNG
전선,0,0,0,Noun,普通,*,*,*,전선10,전선,戰線,*,C,NNG
전설,0,0,0,Noun,普通,*,*,*,전설04,전설,傳說,*,C,NNG
전세,0,0,0,Noun,普通,*,*,*,전세07,전세,傳貰,*,C,NNG
전시,0,0,0,Noun,普通,動作,*,*,전시04,전시,展示,*,C,NNG
전시장,0,0,0,Noun,普通,*,*,*,전시장,전시장,展示場,*,C,NNG
전시회,0,0,0,Noun,普通,*,*,*,전시회,전시회,展示會,*,C,NNG
전용,0,0,0,Noun,普通,動作,*,*,전용04,전용,專用,*,C,NNG
전통문화,0,0,0,Noun,普通,*,*,*,전통문화,전통문화,傳統文化,*,C,NNG
전환,0,0,0,Noun,普通,動作,*,*,전환03,전환,轉換,*,C,NNG
전후,0,0,0,Noun,普通,動作,*,*,전후01,전후,前後,*,C,NNG
절,0,0,0,Noun,普通,*,*,*,절08,절,節,*,C,NNG
절대,0,0,0,Noun,普通,*,*,*,절대05,절대,絶對,*,C,NNG
절망,0,0,0,Noun,普通,動作,*,*,절망02,절망,絶望,*,C,NNG
절약,0,0,0,Noun,普通,動作,*,*,절약,절약,節約,*,C,NNG
절차,0,0,0,Noun,普通,*,*,*,절차02,절차,節次,*,C,NNG
젊음,0,0,0,Noun,普通,*,*,*,젊음,젊음,*,*,C,NNG
점검,0,0,0,Noun,普通,動作,*,*,점검,점검,點檢,*,C,NNG
접근,0,0,0,Noun,普通,動作,*,*,접근,접근,接近,*,C,NNG
접촉,0,0,0,Noun,普通,動作,*,*,접촉,접촉,接觸,*,C,NNG
정기,0,0,0,Noun,普通,*,*,*,정기07,정기,定期,*,C,NNG
정당,0,0,0,Noun,普通,*,*,*,정당07,정당,政黨,*,C,NNG
정면,0,0,0,Noun,普通,*,*,*,정면01,정면,正面,*,C,NNG
정반대,0,0,0,Noun,普通,動作,*,*,정반대,정반대,正反對,*,C,NNG
정보화,0,0,0,Noun,普通,*,*,*,정보화,정보화,情報化,*,C,NNG
정부,0,0,0,Noun,普通,*,*,*,정부08,정부,政府,*,C,NNG
정비,0,0,0,Noun,普通,動作,*,*,정비05,정비,整備,*,C,NNG
정상,0,0,0,Noun,普通,*,*,*,정상02,정상,正常,*,C,NNG
정성,0,0,0,Noun,普通,状態,*,*,정성11,정성,精誠,*,C,NNG
정신과,0,0,0,Noun,普通,*,*,*,정신과,정신과,精神科,*,C,NNG
정오,0,0,0,Noun,普通,*,*,*,정오01,정오,正午,*,C,NNG
정장,0,0,0,Noun,普通,動作,*,*,정장04,정장,正裝,*,C,NNG
정지,0,0,0,Noun,普通,動作,*,*,정지06,정지,停止,*,C,NNG
정치권,0,0,0,Noun,普通,*,*,*,정치권02,정치권,政治權,*,C,NNG
정치인,0,0,0,Noun,普通,*,*,*,정치인,정치인,政治人,*,C,NNG
정치학,0,0,0,Noun,普通,*,*,*,정치학,정치학,政治學,*,C,NNG
젖,0,0,0,Noun,普通,*,*,*,젖,젖,*,*,C,NNG
제공,0,0,0,Noun,普通,動作,*,*,제공04,제공,提供,*,C,NNG
제비,0,0,0,Noun,普通,*,*,*,제비02,제비,*,동물,C,NNG
제사,0,0,0,Noun,普通,動作,*,*,제사07,제사,祭祀,*,C,NNG
제삿날,0,0,0,Noun,普通,*,*,*,제삿날,제삿날,祭祀ㅅ날,*,C,NNG
제시,0,0,0,Noun,普通,動作,*,*,제시02,제시,提示,*,C,NNG
제안,0,0,0,Noun,普通,動作,*,*,제안02,제안,提案,*,C,NNG
제약,0,0,0,Noun,普通,動作,*,*,제약01,제약,制約,*,C,NNG
제의,0,0,0,Noun,普通,動作,*,*,제의04,제의,提議,*,C,NNG
제자,0,0,0,Noun,普通,*,*,*,제자01,제자,弟子,*,C,NNG
제자리,0,0,0,Noun,普通,*,*,*,제자리,제자리,*,*,C,NNG
제작,0,0,0,Noun,普通,動作,*,*,제작02,제작,製作,*,C,NNG
제출,0,0,0,Noun,普通,動作,*,*,제출02,제출,提出,*,C,NNG
조,0,0,0,Noun,普通,*,*,*,조15,조,組,*,C,NNG
조각,0,0,0,Noun,普通,*,*,*,조각01,조각,*,얼음 ~,C,NNG
조개,0,0,0,Noun,普通,*,*,*,조개01,조개,*,동물,C,NNG
조기,0,0,0,Noun,普通,*,*,*,조기05,조기,早期,*,C,NNG
조깅,0,0,0,Noun,普通,動作,*,*,조깅,조깅,*,jogging,C,NNG
조명,0,0,0,Noun,普通,動作,*,*,조명06,조명,照明,*,C,NNG
조미료,0,0,0,Noun,普通,*,*,*,조미료,조미료,調味料,*,C,NNG
조절,0,0,0,Noun,普通,動作,*,*,조절02,조절,調節,*,C,NNG
조정,0,0,0,Noun,普通,動作,*,*,조정09,조정,調整,*,C,NNG
조직,0,0,0,Noun,普通,動作,*,*,조직,조직,組織,*,C,NNG
존재,0,0,0,Noun,普通,動作,*,*,존재,존재,存在,*,C,NNG
졸음,0,0,0,Noun,普通,*,*,*,졸음01,졸음,*,*,C,NNG
종,0,0,0,Noun,普通,*,*,*,종13,종,鐘,*,C,NNG
종소리,0,0,0,Noun,普通,*,*,*,종소리,종소리,鐘소리,*,C,NNG
좌우,0,0,0,Noun,普通,動作,*,*,좌우01,좌우,左右,*,C,NNG
죄,0,0,0,Noun,普通,*,*,*,죄03,죄,罪,*,C,NNG
죄인,0,0,0,Noun,普通,*,*,*,죄인,죄인,罪人,*,C,NNG
주거,0,0,0,Noun,普通,*,*,*,주거02,주거,住居,*,C,NNG
주름,0,0,0,Noun,普通,*,*,*,주름01,주름,*,*,C,NNG
주름살,0,0,0,Noun,普通,*,*,*,주름살,주름살,*,*,C,NNG
주문,0,0,0,Noun,普通,*,*,*,주문03,주문,呪文,*,C,NNG
주문,0,0,0,Noun,普通,動作,*,*,주문04,주문,注文,*,C,NNG
주민,0,0,0,Noun,普通,*,*,*,주민,주민,住民,*,C,NNG
주방,0,0,0,Noun,普通,*,*,*,주방05,주방,廚房,*,C,NNG
주식,0,0,0,Noun,普通,*,*,*,주식03,주식,株式,*,C,NNG
주의,0,0,0,Noun,普通,動作,*,*,주의07,주의,注意,*,C,NNG
주일,0,0,0,Noun,普通,*,*,*,주일03,주일,週日,*,C,NNG
주장,0,0,0,Noun,普通,動作,*,*,주장03,주장,主張,*,C,NNG
주전자,0,0,0,Noun,普通,*,*,*,주전자,주전자,酒煎子,*,C,NNG
주한,0,0,0,Noun,普通,*,*,*,주한02,주한,駐韓,*,C,NNG
줄거리,0,0,0,Noun,普通,*,*,*,줄거리01,줄거리,*,*,C,NNG
중계방송,0,0,0,Noun,普通,動作,*,*,중계방송,중계방송,中繼放送,*,C,NNG
중년,0,0,0,Noun,普通,*,*,*,중년01,중년,中年,*,C,NNG
중단,0,0,0,Noun,普通,動作,*,*,중단04,중단,中斷,*,C,NNG
중독,0,0,0,Noun,普通,動作,*,*,중독01,중독,中毒,*,C,NNG
중반,0,0,0,Noun,普通,*,*,*,중반03,중반,中盤,*,C,NNG
중부,0,0,0,Noun,普通,*,*,*,중부03,중부,中部,*,C,NNG
중세,0,0,0,Noun,普通,*,*,*,중세02,중세,中世,*,C,NNG
중소기업,0,0,0,Noun,普通,*,*,*,중소기업,중소기업,中小企業,*,C,NNG
중순,0,0,0,Noun,普通,*,*,*,중순,중순,中旬,*,C,NNG
중식,0,0,0,Noun,普通,*,*,*,중식80,중식,中食,중국 음식,C,NNG
중심지,0,0,0,Noun,普通,*,*,*,중심지,중심지,中心地,*,C,NNG
중앙,0,0,0,Noun,普通,*,*,*,중앙01,중앙,中央,*,C,NNG
즉석,0,0,0,Noun,普通,*,*,*,즉석,즉석,卽席,*,C,NNG
증가,0,0,0,Noun,普通,動作,*,*,증가01,증가,增加,*,C,NNG
증거,0,0,0,Noun,普通,*,*,*,증거,증거,證據,*,C,NNG
증권,0,0,0,Noun,普通,*,*,*,증권01,증권,證券,*,C,NNG
증권사,0,0,0,Noun,普通,*,*,*,증권사,증권사,證券社,*,C,NNG
지각,0,0,0,Noun,普通,動作,*,*,지각04,지각,知覺,*,C,NNG
지급,0,0,0,Noun,普通,動作,*,*,지급01,지급,支給,*,C,NNG
지난날,0,0,0,Noun,普通,*,*,*,지난날,지난날,*,*,C,NNG
지능,0,0,0,Noun,普通,*,*,*,지능,지능,知能,*,C,NNG
지대,0,0,0,Noun,普通,*,*,*,지대07,지대,地帶,*,C,NNG
지도,0,0,0,Noun,普通,動作,*,*,지도09,지도,指導,*,C,NNG
지도자,0,0,0,Noun,普通,*,*,*,지도자,지도자,指導者,*,C,NNG
지름길,0,0,0,Noun,普通,*,*,*,지름길,지름길,*,*,C,NNG
지방,0,0,0,Noun,普通,*,*,*,지방09,지방,脂肪,*,C,NNG
지시,0,0,0,Noun,普通,動作,*,*,지시02,지시,指示,*,C,NNG
지식,0,0,0,Noun,普通,*,*,*,지식02,지식,知識,*,C,NNG
지식인,0,0,0,Noun,普通,*,*,*,지식인,지식인,知識人,*,C,NNG
지원,0,0,0,Noun,普通,動作,*,*,지원02,지원,支援,*,C,NNG
지위,0,0,0,Noun,普通,*,*,*,지위04,지위,地位,*,C,NNG
지적,0,0,0,Noun,普通,*,*,*,지적01,지적,知的,*,C,NNG
지적,0,0,0,Noun,普通,動作,*,*,지적05,지적,指摘,*,C,NNG
지점,0,0,0,Noun,普通,*,*,*,지점01,지점,支店,*,C,NNG
지지,0,0,0,Noun,普通,動作,*,*,지지06,지지,支持,*,C,NNG
지진,0,0,0,Noun,普通,*,*,*,지진02,지진,地震,*,C,NNG
지출,0,0,0,Noun,普通,動作,*,*,지출01,지출,支出,*,C,NNG
지폐,0,0,0,Noun,普通,*,*,*,지폐,지폐,紙幣,*,C,NNG
지혜,0,0,0,Noun,普通,*,*,*,지혜02,지혜,智慧,*,C,NNG
직선,0,0,0,Noun,普通,*,*,*,직선01,직선,直線,*,C,NNG
직장인,0,0,0,Noun,普通,*,*,*,직장인,직장인,職場人,*,C,NNG
직전,0,0,0,Noun,普通,*,*,*,직전02,직전,直前,*,C,NNG
직후,0,0,0,Noun,普通,*,*,*,직후,직후,直後,*,C,NNG
진급,0,0,0,Noun,普通,動作,*,*,진급,진급,進級,*,C,NNG
진단,0,0,0,Noun,普通,動作,*,*,진단02,진단,診斷,*,C,NNG
진동,0,0,0,Noun,普通,動作,*,*,진동03,진동,振動,*,C,NNG
진로,0,0,0,Noun,普通,*,*,*,진로02,진로,進路,*,C,NNG
진료,0,0,0,Noun,普通,動作,*,*,진료,진료,診療,*,C,NNG
진리,0,0,0,Noun,普通,動作,*,*,진리,진리,眞理,*,C,NNG
진실,0,0,0,Noun,普通,*,*,*,진실02,진실,眞實,*,C,NNG
진심,0,0,0,Noun,普通,*,*,*,진심01,진심,眞心,*,C,NNG
진찰,0,0,0,Noun,普通,動作,*,*,진찰02,진찰,診察,*,C,NNG
진통,0,0,0,Noun,普通,*,*,*,진통01,진통,陣痛,*,C,NNG
진행,0,0,0,Noun,普通,動作,*,*,진행02,진행,進行,*,C,NNG
진행자,0,0,0,Noun,普通,*,*,*,진행자,진행자,進行者,*,C,NNG
질병,0,0,0,Noun,普通,*,*,*,질병02,질병,疾病,*,C,NNG
짐작,0,0,0,Noun,普通,動作,*,*,짐작,짐작,斟酌,*,C,NNG
집단,0,0,0,Noun,普通,*,*,*,집단,집단,集團,*,C,NNG
집안일,0,0,0,Noun,普通,*,*,*,집안일,집안일,*,*,C,NNG
짝,0,0,0,Noun,普通,動作,*,*,짝01,짝,*,*,C,NNG
찌꺼기,0,0,0,Noun,普通,*,*,*,찌꺼기,찌꺼기,*,*,C,NNG
차,0,0,0,Noun,普通,*,*,*,차08,차,差,*,C,NNG
차량,0,0,0,Noun,普通,*,*,*,차량01,차량,車輛,*,C,NNG
차림,0,0,0,Noun,普通,*,*,*,차림,차림,*,*,C,NNG
차별,0,0,0,Noun,普通,動作,*,*,차별,차별,差別,*,C,NNG
차선,0,0,0,Noun,普通,*,*,*,차선03,차선,車線,*,C,NNG
차이점,0,0,0,Noun,普通,*,*,*,차이점,차이점,差異點,*,C,NNG
차창,0,0,0,Noun,普通,*,*,*,차창,차창,車窓,*,C,NNG
착각,0,0,0,Noun,普通,動作,*,*,착각03,착각,錯覺,*,C,NNG
찬성,0,0,0,Noun,普通,動作,*,*,찬성01,찬성,贊成,*,C,NNG
참가,0,0,0,Noun,普通,動作,*,*,참가01,참가,參加,*,C,NNG
참새,0,0,0,Noun,普通,*,*,*,참새01,참새,*,동물,C,NNG
참석,0,0,0,Noun,普通,動作,*,*,참석,참석,參席,*,C,NNG
참석자,0,0,0,Noun,普通,*,*,*,참석자,참석자,參席者,*,C,NNG
참여,0,0,0,Noun,普通,動作,*,*,참여,참여,參與,*,C,NNG
참외,0,0,0,Noun,普通,*,*,*,참외01,참외,*,식물,C,NNG
참조,0,0,0,Noun,普通,動作,*,*,참조02,참조,參照,*,C,NNG
창,0,0,0,Noun,普通,*,*,*,창09,창,窓,*,C,NNG
창가,0,0,0,Noun,普通,*,*,*,창가01,창가,窓가,*,C,NNG
창구,0,0,0,Noun,普通,*,*,*,창구01,창구,窓口,*,C,NNG
창작,0,0,0,Noun,普通,動作,*,*,창작,창작,創作,*,C,NNG
창조,0,0,0,Noun,普通,動作,*,*,창조03,창조,創造,*,C,NNG
채점,0,0,0,Noun,普通,動作,*,*,채점,채점,採點,*,C,NNG
책임감,0,0,0,Noun,普通,*,*,*,책임감,책임감,責任感,*,C,NNG
처녀,0,0,0,Noun,普通,*,*,*,처녀,처녀,處女,*,C,NNG
처리,0,0,0,Noun,普通,動作,*,*,처리02,처리,處理,*,C,NNG
처벌,0,0,0,Noun,普通,動作,*,*,처벌,처벌,處罰,*,C,NNG
처지,0,0,0,Noun,普通,*,*,*,처지,처지,處地,*,C,NNG
천,0,0,0,Noun,普通,*,*,*,천01,천,*,실로 짠 물건,C,NNG
천국,0,0,0,Noun,普通,*,*,*,천국01,천국,天國,*,C,NNG
천둥,0,0,0,Noun,普通,*,*,*,천둥,천둥,*,*,C,NNG
천장,0,0,0,Noun,普通,*,*,*,천장02,천장,天障,*,C,NNG
천재,0,0,0,Noun,普通,*,*,*,천재03,천재,天才,*,C,NNG
철,0,0,0,Noun,普通,*,*,*,철02,철,*,~이 들다,C,NNG
철,0,0,0,Noun,普通,*,*,*,철06,철,鐵,*,C,NNG
철도,0,0,0,Noun,普通,*,*,*,철도,철도,鐵道,*,C,NNG
철학,0,0,0,Noun,普通,*,*,*,철학,철학,哲學,*,C,NNG
철학자,0,0,0,Noun,普通,*,*,*,철학자,철학자,哲學者,*,C,NNG
청춘,0,0,0,Noun,普通,*,*,*,청춘01,청춘,靑春,*,C,NNG
체력,0,0,0,Noun,普通,*,*,*,체력,체력,體力,*,C,NNG
체온,0,0,0,Noun,普通,*,*,*,체온,체온,體溫,*,C,NNG
체육관,0,0,0,Noun,普通,*,*,*,체육관,체육관,體育館,*,C,NNG
체조,0,0,0,Noun,普通,動作,*,*,체조02,체조,體操,*,C,NNG
체험,0,0,0,Noun,普通,動作,*,*,체험,체험,體驗,*,C,NNG
초기,0,0,0,Noun,普通,*,*,*,초기04,초기,初期,*,C,NNG
초대,0,0,0,Noun,普通,*,*,*,초대04,초대,初代,*,C,NNG
초등학생,0,0,0,Noun,普通,*,*,*,초등학생,초등학생,初等學生,*,C,NNG
초반,0,0,0,Noun,普通,*,*,*,초반01,초반,初盤,*,C,NNG
초상화,0,0,0,Noun,普通,*,*,*,초상화,초상화,肖像畵,*,C,NNG
초순,0,0,0,Noun,普通,*,*,*,초순01,초순,初旬,*,C,NNG
초여름,0,0,0,Noun,普通,*,*,*,초여름,초여름,初여름,*,C,NNG
초원,0,0,0,Noun,普通,*,*,*,초원04,초원,草原,*,C,NNG
초저녁,0,0,0,Noun,普通,*,*,*,초저녁,초저녁,初저녁,*,C,NNG
초점,0,0,0,Noun,普通,*,*,*,초점03,초점,焦點,*,C,NNG
초청,0,0,0,Noun,普通,動作,*,*,초청01,초청,招請,*,C,NNG
촛불,0,0,0,Noun,普通,*,*,*,촛불,촛불,*,*,C,NNG
총,0,0,0,Noun,普通,*,*,*,총03,총,銃,*,C,NNG
총각,0,0,0,Noun,普通,*,*,*,총각01,총각,總角,*,C,NNG
총리,0,0,0,Noun,普通,*,*,*,총리01,총리,總理,*,C,NNG
최고급,0,0,0,Noun,普通,*,*,*,최고급,최고급,最高級,*,C,NNG
최대한,0,0,0,Noun,普通,*,*,*,최대한,최대한,最大限,*,C,NNG
최상,0,0,0,Noun,普通,*,*,*,최상02,최상,最上,*,C,NNG
최소,0,0,0,Noun,普通,状態,*,*,최소01,최소,最小,*,C,NNG
최신,0,0,0,Noun,普通,*,*,*,최신,최신,最新,*,C,NNG
최악,0,0,0,Noun,普通,*,*,*,최악,최악,最惡,*,C,NNG
최저,0,0,0,Noun,普通,*,*,*,최저01,최저,最低,*,C,NNG
최종,0,0,0,Noun,普通,*,*,*,최종,최종,最終,*,C,NNG
최후,0,0,0,Noun,普通,*,*,*,최후,최후,最後,*,C,NNG
추가,0,0,0,Noun,普通,動作,*,*,추가02,추가,追加,*,C,NNG
추석,0,0,0,Noun,普通,*,*,*,추석01,추석,秋夕,*,C,NNG
추진,0,0,0,Noun,普通,動作,*,*,추진02,추진,推進,*,C,NNG
추천,0,0,0,Noun,普通,動作,*,*,추천03,추천,推薦,*,C,NNG
추측,0,0,0,Noun,普通,動作,*,*,추측,추측,推測,*,C,NNG
축구장,0,0,0,Noun,普通,*,*,*,축구장,축구장,蹴球場,*,C,NNG
축소,0,0,0,Noun,普通,動作,*,*,축소02,축소,縮小,*,C,NNG
출국,0,0,0,Noun,普通,動作,*,*,출국,출국,出國,*,C,NNG
출발점,0,0,0,Noun,普通,*,*,*,출발점,출발점,出發點,*,C,NNG
출산,0,0,0,Noun,普通,動作,*,*,출산02,출산,出産,*,C,NNG
출신,0,0,0,Noun,普通,*,*,*,출신,출신,出身,*,C,NNG
출연,0,0,0,Noun,普通,動作,*,*,출연02,출연,出演,*,C,NNG
출입국,0,0,0,Noun,普通,*,*,*,출입국,출입국,出入國,*,C,NNG
출퇴근,0,0,0,Noun,普通,動作,*,*,출퇴근,출퇴근,出退勤,*,C,NNG
출판,0,0,0,Noun,普通,動作,*,*,출판02,출판,出版,*,C,NNG
출판사,0,0,0,Noun,普通,*,*,*,출판사,출판사,出版社,*,C,NNG
충고,0,0,0,Noun,普通,動作,*,*,충고,충고,忠告,*,C,NNG
충돌,0,0,0,Noun,普通,動作,*,*,충돌,충돌,衝突,*,C,NNG
취업,0,0,0,Noun,普通,動作,*,*,취업,취업,就業,*,C,NNG
취재,0,0,0,Noun,普通,動作,*,*,취재02,취재,取材,*,C,NNG
취향,0,0,0,Noun,普通,*,*,*,취향01,취향,趣向,*,C,NNG
치료법,0,0,0,Noun,普通,*,*,*,치료법,치료법,治療法,*,C,NNG
치아,0,0,0,Noun,普通,*,*,*,치아02,치아,齒牙,*,C,NNG
친정,0,0,0,Noun,普通,*,*,*,친정04,친정,親庭,*,C,NNG
침,0,0,0,Noun,普通,*,*,*,침01,침,*,~을 뱉다,C,NNG
침묵,0,0,0,Noun,普通,動作,*,*,침묵,침묵,沈默,*,C,NNG
칸,0,0,0,Noun,普通,*,*,*,칸01,칸,*,*,C,NNG
칼국수,0,0,0,Noun,普通,*,*,*,칼국수,칼국수,*,*,C,NNG
캐릭터,0,0,0,Noun,普通,*,*,*,캐릭터,캐릭터,*,character,C,NNG
캠페인,0,0,0,Noun,普通,*,*,*,캠페인,캠페인,*,campaign,C,NNG
컨디션,0,0,0,Noun,普通,*,*,*,컨디션,컨디션,*,condition,C,NNG
컬러,0,0,0,Noun,普通,*,*,*,컬러01,컬러,*,color,C,NNG
케첩,0,0,0,Noun,普通,*,*,*,케첩,케첩,*,ketchup,C,NNG
코끝,0,0,0,Noun,普通,*,*,*,코끝,코끝,*,*,C,NNG
코드,0,0,0,Noun,普通,*,*,*,코드02,코드,*,code,C,NNG
코미디,0,0,0,Noun,普通,*,*,*,코미디,코미디,*,comedy,C,NNG
코스,0,0,0,Noun,普通,*,*,*,코스,코스,*,course,C,NNG
코스모스,0,0,0,Noun,普通,*,*,*,코스모스01,코스모스,*,cosmos,C,NNG
코치,0,0,0,Noun,普通,動作,*,*,코치,코치,*,coach,C,NNG
코트,0,0,0,Noun,普通,*,*,*,코트03,코트,*,court,C,NNG
쾌감,0,0,0,Noun,普通,*,*,*,쾌감,쾌감,快感,*,C,NNG
쿠데타,0,0,0,Noun,普通,*,*,*,쿠데타,쿠데타,*,*,C,NNG
크림,0,0,0,Noun,普通,*,*,*,크림,크림,*,cream,C,NNG
큰딸,0,0,0,Noun,普通,*,*,*,큰딸,큰딸,*,*,C,NNG
큰아들,0,0,0,Noun,普通,*,*,*,큰아들,큰아들,*,*,C,NNG
큰아버지,0,0,0,Noun,普通,*,*,*,큰아버지,큰아버지,*,*,C,NNG
큰어머니,0,0,0,Noun,普通,*,*,*,큰어머니,큰어머니,*,*,C,NNG
큰절,0,0,0,Noun,普通,動作,*,*,큰절01,큰절,*,*,C,NNG
클래식,0,0,0,Noun,普通,*,*,*,클래식,클래식,*,classic,C,NNG
클럽,0,0,0,Noun,普通,*,*,*,클럽,클럽,*,club,C,NNG
키스,0,0,0,Noun,普通,動作,*,*,키스,키스,*,kiss,C,NNG
타락,0,0,0,Noun,普通,動作,*,*,타락02,타락,墮落,*,C,NNG
타입,0,0,0,Noun,普通,*,*,*,타입02,타입,*,type,C,NNG
타자기,0,0,0,Noun,普通,*,*,*,타자기,타자기,打字機,*,C,NNG
탁구,0,0,0,Noun,普通,*,*,*,탁구,탁구,卓球,*,C,NNG
탁자,0,0,0,Noun,普通,*,*,*,탁자01,탁자,卓子,*,C,NNG
탄생,0,0,0,Noun,普通,動作,*,*,탄생,탄생,誕生,*,C,NNG
탓,0,0,0,Noun,普通,*,*,*,탓,탓,*,*,C,NNG
태아,0,0,0,Noun,普通,*,*,*,태아02,태아,胎兒,*,C,NNG
터,0,0,0,Noun,普通,*,*,*,터01,터,*,*,C,NNG
테러,0,0,0,Noun,普通,*,*,*,테러,테러,*,terror,C,NNG
텍스트,0,0,0,Noun,普通,*,*,*,텍스트,텍스트,*,text,C,NNG
토대,0,0,0,Noun,普通,動作,*,*,토대,토대,土臺,*,C,NNG
토론자,0,0,0,Noun,普通,*,*,*,토론자,토론자,討論者,*,C,NNG
토론회,0,0,0,Noun,普通,*,*,*,토론회,토론회,討論會,*,C,NNG
통계,0,0,0,Noun,普通,動作,*,*,통계04,통계,統計,*,C,NNG
통과,0,0,0,Noun,普通,動作,*,*,통과,통과,通過,*,C,NNG
통로,0,0,0,Noun,普通,*,*,*,통로,통로,通路,*,C,NNG
통역,0,0,0,Noun,普通,動作,*,*,통역,통역,通譯,*,C,NNG
통제,0,0,0,Noun,普通,動作,*,*,통제02,통제,統制,*,C,NNG
통증,0,0,0,Noun,普通,*,*,*,통증,통증,痛症,*,C,NNG
통합,0,0,0,Noun,普通,動作,*,*,통합,통합,統合,*,C,NNG
통화,0,0,0,Noun,普通,*,*,*,통화03,통화,通貨,*,C,NNG
통화,0,0,0,Noun,普通,動作,*,*,통화04,통화,通話,*,C,NNG
퇴원,0,0,0,Noun,普通,動作,*,*,퇴원01,퇴원,退院,*,C,NNG
퇴직금,0,0,0,Noun,普通,*,*,*,퇴직금,퇴직금,退職金,*,C,NNG
투자,0,0,0,Noun,普通,動作,*,*,투자02,투자,投資,*,C,NNG
투표,0,0,0,Noun,普通,動作,*,*,투표01,투표,投票,*,C,NNG
튀김,0,0,0,Noun,普通,*,*,*,튀김01,튀김,*,*,C,NNG
트럭,0,0,0,Noun,普通,*,*,*,트럭,트럭,*,truck,C,NNG
특급,0,0,0,Noun,普通,*,*,*,특급02,특급,特級,*,C,NNG
특성,0,0,0,Noun,普通,*,*,*,특성01,특성,特性,*,C,NNG
특수,0,0,0,Noun,普通,状態,*,*,특수02,특수,特殊,*,C,NNG
틀,0,0,0,Noun,普通,*,*,*,틀01,틀,*,*,C,NNG
틈,0,0,0,Noun,普通,*,*,*,틈01,틈,*,*,C,NNG
파출소,0,0,0,Noun,普通,*,*,*,파출소,파출소,派出所,*,C,NNG
판,0,0,0,Noun,普通,*,*,*,판01,판,*,~이 벌어지다,C,NNG
판,0,0,0,Noun,普通,*,*,*,판08,판,板,*,C,NNG
판,0,0,0,Noun,普通,*,*,*,판10,판,版,*,C,NNG
판결,0,0,0,Noun,普通,動作,*,*,판결,판결,判決,*,C,NNG
판사,0,0,0,Noun,普通,*,*,*,판사01,판사,判事,*,C,NNG
팝송,0,0,0,Noun,普通,*,*,*,팝송,팝송,*,pop song,C,NNG
팩스,0,0,0,Noun,普通,*,*,*,팩스,팩스,*,fax,C,NNG
팩시밀리,0,0,0,Noun,普通,*,*,*,팩시밀리,팩시밀리,*,facsimile,C,NNG
페인트,0,0,0,Noun,普通,*,*,*,페인트02,페인트,*,paint,C,NNG
편견,0,0,0,Noun,普通,*,*,*,편견,편견,偏見,*,C,NNG
편,0,0,0,Noun,普通,*,*,*,편04,편,便,"우리 편/편을 가르다",C,NNG
편의,0,0,0,Noun,普通,*,*,*,편의02,편의,便宜,*,C,NNG
편의점,0,0,0,Noun,普通,*,*,*,편의점,편의점,便宜店,*,C,NNG
평,0,0,0,Noun,普通,*,*,*,평03,평,評,*,C,NNG
평가,0,0,0,Noun,普通,動作,*,*,평가03,평가,評價,*,C,NNG
평균,0,0,0,Noun,普通,*,*,*,평균,평균,平均,*,C,NNG
평상시,0,0,0,Noun,普通,*,*,*,평상시,평상시,平常時,*,C,NNG
폐지,0,0,0,Noun,普通,動作,*,*,폐지02,폐지,廢止,*,C,NNG
포인트,0,0,0,Noun,普通,*,*,*,포인트,포인트,*,point,C,NNG
포장마차,0,0,0,Noun,普通,*,*,*,포장마차,포장마차,布帳馬車,*,C,NNG
포크,0,0,0,Noun,普通,*,*,*,포크01,포크,*,fork,C,NNG
포함,0,0,0,Noun,普通,動作,*,*,포함02,포함,包含,*,C,NNG
폭력,0,0,0,Noun,普通,*,*,*,폭력,폭력,暴力,*,C,NNG
표,0,0,0,Noun,普通,*,*,*,표02,표,表,*,C,NNG
표면,0,0,0,Noun,普通,*,*,*,표면,표면,表面,*,C,NNG
표시,0,0,0,Noun,普通,動作,*,*,표시01,표시,表示,*,C,NNG
표시,0,0,0,Noun,普通,動作,*,*,표시02,표시,標示,*,C,NNG
표준,0,0,0,Noun,普通,*,*,*,표준01,표준,標準,*,C,NNG
품,0,0,0,Noun,普通,*,*,*,품01,품,*,옷이 ~이 크다,C,NNG
품목,0,0,0,Noun,普通,*,*,*,품목01,품목,品目,*,C,NNG
품질,0,0,0,Noun,普通,*,*,*,품질03,품질,品質,*,C,NNG
풍속,0,0,0,Noun,普通,*,*,*,풍속01,풍속,風俗,*,C,NNG
풍습,0,0,0,Noun,普通,*,*,*,풍습01,풍습,風習,*,C,NNG
프린터,0,0,0,Noun,普通,*,*,*,프린터,프린터,*,printer,C,NNG
피곤,0,0,0,Noun,普通,状態,*,*,피곤,피곤,疲困,*,C,NNG
피디,0,0,0,Noun,普通,*,*,*,피디,피디,*,PD,C,NNG
피망,0,0,0,Noun,普通,*,*,*,피망,피망,*,&프piment,C,NNG
피해,0,0,0,Noun,普通,*,*,*,피해01,피해,被害,*,C,NNG
피해자,0,0,0,Noun,普通,*,*,*,피해자,피해자,被害者,*,C,NNG
필수,0,0,0,Noun,普通,*,*,*,필수02,필수,必須,*,C,NNG
필자,0,0,0,Noun,普通,*,*,*,필자02,필자,筆者,*,C,NNG
핑계,0,0,0,Noun,普通,動作,*,*,핑계,핑계,*,*,C,NNG
하,0,0,0,Noun,普通,*,*,*,하04,하,下,*,C,NNG
하나님,0,0,0,Noun,普通,*,*,*,하나님,하나님,*,*,C,NNG
하나하나,0,0,0,Noun,普通,*,*,*,하나하나,하나하나,*,*,C,NNG
하느님,0,0,0,Noun,普通,*,*,*,하느님,하느님,*,*,C,NNG
하드웨어,0,0,0,Noun,普通,*,*,*,하드웨어,하드웨어,*,hardware,C,NNG
하룻밤,0,0,0,Noun,普通,*,*,*,하룻밤,하룻밤,*,*,C,NNG
하반기,0,0,0,Noun,普通,*,*,*,하반기,하반기,下半期,*,C,NNG
하순,0,0,0,Noun,普通,*,*,*,하순01,하순,下旬,*,C,NNG
하천,0,0,0,Noun,普通,*,*,*,하천02,하천,河川,*,C,NNG
학과,0,0,0,Noun,普通,*,*,*,학과01,학과,學科,*,C,NNG
학교생활,0,0,0,Noun,普通,動作,*,*,학교생활,학교생활,學校生活,*,C,NNG
학급,0,0,0,Noun,普通,*,*,*,학급,학급,學級,*,C,NNG
학력,0,0,0,Noun,普通,*,*,*,학력02,학력,學歷,*,C,NNG
학번,0,0,0,Noun,普通,*,*,*,학번,학번,學番,*,C,NNG
학부모,0,0,0,Noun,普通,*,*,*,학부모,학부모,學父母,*,C,NNG
학비,0,0,0,Noun,普通,*,*,*,학비,학비,學費,*,C,NNG
학술,0,0,0,Noun,普通,*,*,*,학술,학술,學術,*,C,NNG
학용품,0,0,0,Noun,普通,*,*,*,학용품,학용품,學用品,*,C,NNG
학위,0,0,0,Noun,普通,*,*,*,학위,학위,學位,*,C,NNG
학자,0,0,0,Noun,普通,*,*,*,학자01,학자,學者,*,C,NNG
학점,0,0,0,Noun,普通,*,*,*,학점,학점,學點,*,C,NNG
한,0,0,0,Noun,普通,動作,*,*,한05,한,恨,*,C,NNG
한,0,0,0,Noun,普通,動作,*,*,한06,한,限,*,C,NNG
한가운데,0,0,0,Noun,普通,*,*,*,한가운데,한가운데,*,*,C,NNG
한겨울,0,0,0,Noun,普通,*,*,*,한겨울,한겨울,*,*,C,NNG
한계,0,0,0,Noun,普通,*,*,*,한계,한계,限界,*,C,NNG
한구석,0,0,0,Noun,普通,*,*,*,한구석,한구석,*,*,C,NNG
한글날,0,0,0,Noun,普通,*,*,*,한글날,한글날,*,*,C,NNG
한낮,0,0,0,Noun,普通,*,*,*,한낮,한낮,*,*,C,NNG
한눈,0,0,0,Noun,普通,*,*,*,한눈01,한눈,*,~에 반하다,C,NNG
한때,0,0,0,Noun,普通,*,*,*,한때,한때,*,*,C,NNG
한마디,0,0,0,Noun,普通,*,*,*,한마디,한마디,*,*,C,NNG
한문,0,0,0,Noun,普通,*,*,*,한문03,한문,漢文,*,C,NNG
한밤중,0,0,0,Noun,普通,*,*,*,한밤중,한밤중,한밤中,*,C,NNG
한순간,0,0,0,Noun,普通,*,*,*,한순간,한순간,한瞬間,*,C,NNG
한식,0,0,0,Noun,普通,*,*,*,한식04,한식,韓食,*,C,NNG
한여름,0,0,0,Noun,普通,*,*,*,한여름,한여름,*,*,C,NNG
한평생,0,0,0,Noun,普通,*,*,*,한평생01,한평생,한平生,*,C,NNG
항공,0,0,0,Noun,普通,*,*,*,항공,항공,航空,*,C,NNG
항공기,0,0,0,Noun,普通,*,*,*,항공기,항공기,航空機,*,C,NNG
항구,0,0,0,Noun,普通,*,*,*,항구03,항구,港口,*,C,NNG
항의,0,0,0,Noun,普通,動作,*,*,항의01,항의,抗議,*,C,NNG
한창,0,0,0,Noun,普通,*,*,*,한창01,한창,*,*,C,NNG
해,0,0,0,Noun,普通,動作,*,*,해11,해,害,*,C,NNG
해군,0,0,0,Noun,普通,*,*,*,해군01,해군,海軍,*,C,NNG
해답,0,0,0,Noun,普通,動作,*,*,해답,해답,解答,*,C,NNG
해당,0,0,0,Noun,普通,動作,*,*,해당05,해당,該當,*,C,NNG
해물,0,0,0,Noun,普通,*,*,*,해물,해물,海物,*,C,NNG
해석,0,0,0,Noun,普通,動作,*,*,해석03,해석,解析,*,C,NNG
해설,0,0,0,Noun,普通,動作,*,*,해설03,해설,解說,*,C,NNG
해소,0,0,0,Noun,普通,動作,*,*,해소03,해소,解消,*,C,NNG
해수욕장,0,0,0,Noun,普通,*,*,*,해수욕장,해수욕장,海水浴場,*,C,NNG
해안,0,0,0,Noun,普通,*,*,*,해안02,해안,海岸,*,C,NNG
핵,0,0,0,Noun,普通,*,*,*,핵,핵,核,*,C,NNG
핵심,0,0,0,Noun,普通,*,*,*,핵심,핵심,核心,*,C,NNG
핸드백,0,0,0,Noun,普通,*,*,*,핸드백,핸드백,*,handbag,C,NNG
햄,0,0,0,Noun,普通,*,*,*,햄04,햄,*,ham,C,NNG
행사,0,0,0,Noun,普通,動作,*,*,행사02,행사,行使,*,C,NNG
행운,0,0,0,Noun,普通,*,*,*,행운02,행운,幸運,*,C,NNG
행위,0,0,0,Noun,普通,動作,*,*,행위,행위,行爲,*,C,NNG
향,0,0,0,Noun,普通,*,*,*,향03,향,香,*,C,NNG
향상,0,0,0,Noun,普通,動作,*,*,향상01,향상,向上,*,C,NNG
허가,0,0,0,Noun,普通,動作,*,*,허가01,허가,許可,*,C,NNG
허락,0,0,0,Noun,普通,動作,*,*,허락,허락,許諾,*,C,NNG
허용,0,0,0,Noun,普通,動作,*,*,허용,허용,許容,*,C,NNG
헬기,0,0,0,Noun,普通,*,*,*,헬기,헬기,헬機,helicopter機,C,NNG
현관문,0,0,0,Noun,普通,*,*,*,현관문,현관문,玄關門,*,C,NNG
현대인,0,0,0,Noun,普通,*,*,*,현대인,현대인,現代人,*,C,NNG
현상,0,0,0,Noun,普通,*,*,*,현상04,현상,現象,*,C,NNG
현실,0,0,0,Noun,普通,*,*,*,현실02,현실,現實,*,C,NNG
현장,0,0,0,Noun,普通,*,*,*,현장03,현장,現場,*,C,NNG
혈액,0,0,0,Noun,普通,*,*,*,혈액,혈액,血液,*,C,NNG
협력,0,0,0,Noun,普通,動作,*,*,협력,협력,協力,*,C,NNG
형,0,0,0,Noun,普通,*,*,*,형05,형,型,*,C,NNG
형사,0,0,0,Noun,普通,*,*,*,형사02,형사,刑事,*,C,NNG
형성,0,0,0,Noun,普通,動作,*,*,형성01,형성,形成,*,C,NNG
형수,0,0,0,Noun,普通,*,*,*,형수01,형수,兄嫂,*,C,NNG
형식,0,0,0,Noun,普通,*,*,*,형식01,형식,形式,*,C,NNG
형태,0,0,0,Noun,普通,*,*,*,형태,형태,形態,*,C,NNG
형편,0,0,0,Noun,普通,*,*,*,형편01,형편,形便,*,C,NNG
혜택,0,0,0,Noun,普通,*,*,*,혜택,혜택,惠澤,*,C,NNG
호기심,0,0,0,Noun,普通,*,*,*,호기심,호기심,好奇心,*,C,NNG
호박,0,0,0,Noun,普通,*,*,*,호박01,호박,*,*,C,NNG
호실,0,0,0,Noun,普通,*,*,*,호실01,호실,號室,*,C,NNG
호주머니,0,0,0,Noun,普通,*,*,*,호주머니,호주머니,胡주머니,*,C,NNG
호흡,0,0,0,Noun,普通,動作,*,*,호흡,호흡,呼吸,*,C,NNG
혼잣말,0,0,0,Noun,普通,動作,*,*,혼잣말,혼잣말,*,*,C,NNG
홍보,0,0,0,Noun,普通,動作,*,*,홍보01,홍보,弘報,*,C,NNG
홍수,0,0,0,Noun,普通,*,*,*,홍수02,홍수,洪水,*,C,NNG
화면,0,0,0,Noun,普通,*,*,*,화면05,화면,畵面,*,C,NNG
화살,0,0,0,Noun,普通,*,*,*,화살01,화살,*,*,C,NNG
화장,0,0,0,Noun,普通,動作,*,*,화장02,화장,化粧,*,C,NNG
화장지,0,0,0,Noun,普通,*,*,*,화장지01,화장지,化粧紙,*,C,NNG
화재,0,0,0,Noun,普通,*,*,*,화재01,화재,火災,*,C,NNG
화제,0,0,0,Noun,普通,*,*,*,화제07,화제,話題,*,C,NNG
화학,0,0,0,Noun,普通,*,*,*,화학01,화학,化學,*,C,NNG
확보,0,0,0,Noun,普通,動作,*,*,확보01,확보,確保,*,C,NNG
확신,0,0,0,Noun,普通,動作,*,*,확신01,확신,確信,*,C,NNG
확장,0,0,0,Noun,普通,動作,*,*,확장,확장,擴張,*,C,NNG
확정,0,0,0,Noun,普通,動作,*,*,확정02,확정,確定,*,C,NNG
환경오염,0,0,0,Noun,普通,*,*,*,환경오염,환경오염,環境汚染,*,C,NNG
환율,0,0,0,Noun,普通,*,*,*,환율,환율,換率,*,C,NNG
활기,0,0,0,Noun,普通,*,*,*,활기02,활기,活氣,*,C,NNG
활용,0,0,0,Noun,普通,動作,*,*,활용,활용,活用,*,C,NNG
회견,0,0,0,Noun,普通,*,*,*,회견,회견,會見,*,C,NNG
회관,0,0,0,Noun,普通,*,*,*,회관,회관,會館,*,C,NNG
회복,0,0,0,Noun,普通,動作,*,*,회복,회복,回復,*,C,NNG
회의,0,0,0,Noun,普通,動作,*,*,회의05,회의,懷疑,*,C,NNG
회전,0,0,0,Noun,普通,動作,*,*,회전04,회전,回轉,*,C,NNG
횟수,0,0,0,Noun,普通,*,*,*,횟수,횟수,回數,*,C,NNG
효도,0,0,0,Noun,普通,動作,*,*,효도01,효도,孝道,*,C,NNG
효자,0,0,0,Noun,普通,*,*,*,효자01,효자,孝子,*,C,NNG
후기,0,0,0,Noun,普通,*,*,*,후기03,후기,後期,*,C,NNG
후반,0,0,0,Noun,普通,*,*,*,후반01,후반,後半,*,C,NNG
후보,0,0,0,Noun,普通,*,*,*,후보04,후보,候補,*,C,NNG
후회,0,0,0,Noun,普通,動作,*,*,후회01,후회,後悔,*,C,NNG
훈련,0,0,0,Noun,普通,動作,*,*,훈련,훈련,訓練/訓鍊,*,C,NNG
휴식,0,0,0,Noun,普通,動作,*,*,휴식02,휴식,休息,*,C,NNG
흉내,0,0,0,Noun,普通,*,*,*,흉내,흉내,*,*,C,NNG
흐름,0,0,0,Noun,普通,*,*,*,흐름,흐름,*,*,C,NNG
흑백,0,0,0,Noun,普通,*,*,*,흑백,흑백,黑白,*,C,NNG
흑인,0,0,0,Noun,普通,*,*,*,흑인,흑인,黑人,*,C,NNG
흔적,0,0,0,Noun,普通,*,*,*,흔적,흔적,痕跡,*,C,NNG
흥분,0,0,0,Noun,普通,動作,*,*,흥분,흥분,興奮,*,C,NNG
희곡,0,0,0,Noun,普通,*,*,*,희곡,희곡,戱曲,*,C,NNG
희생,0,0,0,Noun,普通,動作,*,*,희생,희생,犧牲,*,C,NNG
