가우스,0,0,0,Noun,依存名詞,助数詞,*,*,가우스01,가우스,*,gauss,*,NNB
가지,0,0,0,Noun,依存名詞,助数詞,*,*,가지04,가지,*,한 ~,B,NNB
가호,0,0,0,Noun,依存名詞,助数詞,*,*,가호03,가호,家戶,*,*,NNB
각,0,0,0,Noun,依存名詞,助数詞,*,*,각05,각,角,*,*,NNB
각,0,0,0,Noun,依存名詞,助数詞,*,*,각08,각,刻,*,*,NNB
각수,0,0,0,Noun,依存名詞,名詞接続,*,*,각수02,각수,角數,*,*,NNB
간,0,0,0,Noun,依存名詞,助数詞,*,*,간09,간,間,*,*,NNB
간,0,0,0,Noun,依存名詞,名詞接続,*,*,간10,간,間,*,B,NNB
갈,0,0,0,Noun,依存名詞,助数詞,*,*,갈14,갈,*,gal,*,NNB
감마,0,0,0,Noun,依存名詞,助数詞,*,*,감마02,감마,*,(그리스 어)gamma,*,NNB
강,0,0,0,Noun,依存名詞,助数詞,*,*,강80,강,强,4~,*,NNB
개,0,0,0,Noun,依存名詞,助数詞,*,*,개10,개,個,*,A,NNB
개교,0,0,0,Noun,依存名詞,助数詞,*,*,개교80,개교,個校,*,*,NNB
개국,0,0,0,Noun,依存名詞,助数詞,*,*,개국01,개국,個國,*,C,NNB
개년,0,0,0,Noun,依存名詞,助数詞,*,*,개년03,개년,個年,*,*,NNB
개소,0,0,0,Noun,依存名詞,助数詞,*,*,개소01,개소,個所,*,*,NNB
개월,0,0,0,Noun,依存名詞,助数詞,*,*,개월,개월,個月,*,A,NNB
개조,0,0,0,Noun,依存名詞,助数詞,*,*,개조04,개조,個條,*,*,NNB
갤런,0,0,0,Noun,依存名詞,助数詞,*,*,갤런,갤런,*,gallon,*,NNB
거,0,0,0,Noun,依存名詞,*,*,*,거01,거,*,것,A,NNB
거리,0,0,0,Noun,依存名詞,*,*,*,거리02,거리,*,반찬~,A,NNB
거리,0,0,0,Noun,依存名詞,助数詞,*,*,거리03,거리,*,가지 두 ~,*,NNB
거리,0,0,0,Noun,依存名詞,助数詞,*,*,거리04,거리,*,*,*,NNB
건,0,0,0,Noun,依存名詞,助数詞,*,*,건04,건,件,*,C,NNB
것,0,0,0,Noun,依存名詞,*,*,*,것01,것,*,*,A,NNB
게,0,0,0,Noun,依存名詞,*,*,*,게80,게,*,것이,*,NNB
게라,0,0,0,Noun,依存名詞,助数詞,*,*,게라03,게라,*,(히브리 어)gerah,*,NNB
게브,0,0,0,Noun,依存名詞,助数詞,*,*,게브02,게브,*,Gev,*,NNB
겨를,0,0,0,Noun,依存名詞,*,*,*,겨를,겨를,*,*,*,NNB
격,0,0,0,Noun,依存名詞,*,*,*,격01,격,格,*,*,NNB
결,0,0,0,Noun,依存名詞,*,*,*,결04,결,*,꿈~,*,NNB
결,0,0,0,Noun,依存名詞,助数詞,*,*,결12,결,結,*,*,NNB
겸,0,0,0,Noun,依存名詞,*,*,*,겸01,겸,兼,*,*,NNB
겸,0,0,0,Noun,依存名詞,名詞接続,*,*,겸01,겸,兼,*,*,NNB
경,0,0,0,Noun,依存名詞,助数詞,*,*,경03,경,更,*,*,NNB
경,0,0,0,Noun,依存名詞,助数詞,*,*,경09,경,頃,*,*,NNB
고랑배미,0,0,0,Noun,依存名詞,助数詞,*,*,고랑배미,고랑배미,*,*,*,NNB
곤,0,0,0,Noun,依存名詞,助数詞,*,*,곤05,곤,梱,*,*,NNB
공,0,0,0,Noun,依存名詞,名詞接続,*,*,공07,공,公,*,*,NNB
과,0,0,0,Noun,依存名詞,助数詞,*,*,과80,과,*,사리를 세는 단위,*,NNB
관,0,0,0,Noun,依存名詞,助数詞,*,*,관04,관,貫,*,*,NNB
관왕,0,0,0,Noun,依存名詞,助数詞,*,*,관왕,관왕,冠王,*,*,NNB
광년,0,0,0,Noun,依存名詞,助数詞,*,*,광년01,광년,光年,*,*,NNB
괘,0,0,0,Noun,依存名詞,助数詞,*,*,괘03,괘,掛,*,*,NNB
교,0,0,0,Noun,依存名詞,助数詞,*,*,교02,교,校,*,*,NNB
교,0,0,0,Noun,依存名詞,助数詞,*,*,교06,교,絞,*,*,NNB
교시,0,0,0,Noun,依存名詞,助数詞,*,*,교시03,교시,校時,*,C,NNB
구,0,0,0,Noun,依存名詞,助数詞,*,*,구09,구,具,*,*,NNB
국,0,0,0,Noun,依存名詞,助数詞,*,*,국04,국,局,*,*,NNB
국제볼트,0,0,0,Noun,依存名詞,助数詞,*,*,국제볼트,국제볼트,國際볼트,國際volt,*,NNB
국제암페어,0,0,0,Noun,依存名詞,助数詞,*,*,국제암페어,국제암페어,國際암페어,國際ampere,*,NNB
국제옴,0,0,0,Noun,依存名詞,助数詞,*,*,국제옴,국제옴,國際옴,國際ohm,*,NNB
국제옹스트롬,0,0,0,Noun,依存名詞,助数詞,*,*,국제옹스트롬,국제옹스트롬,國際옹스트롬,國際angstrom,*,NNB
국제와트,0,0,0,Noun,依存名詞,助数詞,*,*,국제와트,국제와트,國際와트,國際watt,*,NNB
군,0,0,0,Noun,依存名詞,名詞接続,*,*,군04,군,君,*,B,NNB
군데,0,0,0,Noun,依存名詞,助数詞,*,*,군데,군데,*,*,B,NNB
권,0,0,0,Noun,依存名詞,助数詞,*,*,권01,권,卷,*,A,NNB
궤,0,0,0,Noun,依存名詞,助数詞,*,*,궤02,궤,几,*,*,NNB
그람원자,0,0,0,Noun,依存名詞,助数詞,*,*,그람원자,그람원자,그람原子,gram原子,*,NNB
그램,0,0,0,Noun,依存名詞,助数詞,*,*,그램,그램,*,gram,B,NNB
그램당량,0,0,0,Noun,依存名詞,助数詞,*,*,그램당량,그램당량,그램當量,gram當量,*,NNB
그램분자,0,0,0,Noun,依存名詞,助数詞,*,*,그램분자,그램분자,그램分子,gram分子,*,NNB
그램분자량,0,0,0,Noun,依存名詞,助数詞,*,*,그램분자량,그램분자량,그램分子量,gram分子量,*,NNB
그램분자부피,0,0,0,Noun,依存名詞,助数詞,*,*,그램분자부피,그램분자부피,그램分子부피,gram分子--,*,NNB
그램원자,0,0,0,Noun,依存名詞,助数詞,*,*,그램원자,그램원자,그램原子,gram原子,*,NNB
그램원자량,0,0,0,Noun,依存名詞,助数詞,*,*,그램원자량,그램원자량,그램原子量,gram原子量,*,NNB
그램이온,0,0,0,Noun,依存名詞,助数詞,*,*,그램이온,그램이온,*,gram ion,*,NNB
그램중,0,0,0,Noun,依存名詞,助数詞,*,*,그램중,그램중,그램重,gram重,*,NNB
그램칼로리,0,0,0,Noun,依存名詞,助数詞,*,*,그램칼로리,그램칼로리,*,gram calorie,*,NNB
그램톤,0,0,0,Noun,依存名詞,助数詞,*,*,그램톤,그램톤,*,gram ton,*,NNB
그램화학식량,0,0,0,Noun,依存名詞,助数詞,*,*,그램화학식량,그램화학식량,그램化學式量,gram化學式量,*,NNB
그레이,0,0,0,Noun,依存名詞,助数詞,*,*,그레이01,그레이,*,gray,*,NNB
그레이드,0,0,0,Noun,依存名詞,助数詞,*,*,그레이드,그레이드,*,grade,*,NNB
그레인,0,0,0,Noun,依存名詞,助数詞,*,*,그레인,그레인,*,grain,*,NNB
그로셴,0,0,0,Noun,依存名詞,助数詞,*,*,그로셴,그로셴,*,groschen,*,NNB
그로스,0,0,0,Noun,依存名詞,助数詞,*,*,그로스02,그로스,*,gross,*,NNB
그로스톤,0,0,0,Noun,依存名詞,助数詞,*,*,그로스톤,그로스톤,*,gross ton,*,NNB
그루,0,0,0,Noun,依存名詞,助数詞,*,*,그루01,그루,*,*,C,NNB
근,0,0,0,Noun,依存名詞,名詞接続,*,*,근02,근,斤,*,*,NNB
근,0,0,0,Noun,依存名詞,助数詞,*,*,근02,근,斤,*,*,NNB
근,0,0,0,Noun,依存名詞,助数詞,*,*,근03,근,听,*,*,NNB
근쭝,0,0,0,Noun,依存名詞,助数詞,*,*,근쭝,근쭝,斤重▼,*,*,NNB
급,0,0,0,Noun,依存名詞,助数詞,*,*,급04,급,級,*,*,NNB
기,0,0,0,Noun,依存名詞,助数詞,*,*,기19,기,基,*,*,NNB
기,0,0,0,Noun,依存名詞,助数詞,*,*,기21,기,期,*,*,NNB
기,0,0,0,Noun,依存名詞,助数詞,*,*,기29,기,器,*,*,NNB
기,0,0,0,Noun,依存名詞,助数詞,*,*,기33,기,騎,*,*,NNB
기,0,0,0,Noun,依存名詞,*,*,*,기80,기,*,'것'의 방언,*,NNB
기,0,0,0,Noun,依存名詞,助数詞,*,*,기82,기,機,907~,*,NNB
기가바이트,0,0,0,Noun,依存名詞,助数詞,*,*,기가바이트,기가바이트,*,gigabyte,*,NNB
기가전자볼트,0,0,0,Noun,依存名詞,助数詞,*,*,기가전자볼트,기가전자볼트,기가電子볼트,giga電子volt,*,NNB
기가헤르츠,0,0,0,Noun,依存名詞,助数詞,*,*,기가헤르츠,기가헤르츠,*,gigahertz,*,NNB
기니,0,0,0,Noun,依存名詞,助数詞,*,*,기니01,기니,*,guinea. 영국의 옛 화페 단위,*,NNB
길,0,0,0,Noun,依存名詞,助数詞,*,*,길06,길,*,단위,*,NNB
길더,0,0,0,Noun,依存名詞,助数詞,*,*,길더,길더,*,guilder,*,NNB
길버트,0,0,0,Noun,依存名詞,助数詞,*,*,길버트01,길버트,*,gilbert,*,NNB
김,0,0,0,Noun,依存名詞,*,*,*,김04,김,*,*,C,NNB
께,0,0,0,Noun,依存名詞,*,*,*,께80,께,*,'거'의 방언,*,NNB
끼,0,0,0,Noun,依存名詞,*,*,*,끼80,끼,*,'거'의 방언,*,NNB
나노미터,0,0,0,Noun,依存名詞,助数詞,*,*,나노미터,나노미터,*,nanometer,*,NNB
나노세컨드,0,0,0,Noun,依存名詞,助数詞,*,*,나노세컨드,나노세컨드,*,nanosecond,*,NNB
나노앰프,0,0,0,Noun,依存名詞,助数詞,*,*,나노앰프,나노앰프,*,nanoamp,*,NNB
나노초,0,0,0,Noun,依存名詞,助数詞,*,*,나노초,나노초,나노秒,nano秒,*,NNB
나름,0,0,0,Noun,依存名詞,*,*,*,나름,나름,*,*,C,NNB
나위,0,0,0,Noun,依存名詞,*,*,*,나위01,나위,*,*,*,NNB
나절,0,0,0,Noun,依存名詞,*,*,*,나절01,나절,*,*,*,NNB
낙,0,0,0,Noun,依存名詞,助数詞,*,*,낙80,낙,落,20당 15~,*,NNB
날,0,0,0,Noun,依存名詞,助数詞,*,*,날01,날,*,스무 ~,*,NNB
남짓,0,0,0,Noun,依存名詞,名詞接続,*,*,남짓,남짓,*,*,*,NNB
내,0,0,0,Noun,依存名詞,名詞接続,*,*,내09,내,內,*,C,NNB
냉동톤,0,0,0,Noun,依存名詞,助数詞,*,*,냉동톤,냉동톤,冷凍톤,冷凍ton,*,NNB
냥,0,0,0,Noun,依存名詞,助数詞,*,*,냥,냥,兩,*,*,NNB
냥쭝,0,0,0,Noun,依存名詞,助数詞,*,*,냥쭝,냥쭝,兩重▼,*,*,NNB
네퍼,0,0,0,Noun,依存名詞,助数詞,*,*,네퍼,네퍼,*,neper,*,NNB
녀석,0,0,0,Noun,依存名詞,*,*,*,녀석,녀석,*,*,B,NNB
녁,0,0,0,Noun,依存名詞,*,*,*,녁,녁,*,*,*,NNB
년,0,0,0,Noun,依存名詞,*,*,*,년01,년,*,여자,*,NNB
년,0,0,0,Noun,依存名詞,助数詞,*,*,년02,년,年,*,A,NNB
년대,0,0,0,Noun,依存名詞,助数詞,*,*,년대,년대,年代,*,B,NNB
년도,0,0,0,Noun,依存名詞,助数詞,*,*,년도,년도,年度,*,B,NNB
녘,0,0,0,Noun,依存名詞,*,*,*,녘,녘,*,*,*,NNB
노르말,0,0,0,Noun,依存名詞,助数詞,*,*,노르말,노르말,*,(독일어)Normal,*,NNB
노리,0,0,0,Noun,依存名詞,助数詞,*,*,노리04,노리,露里,*,*,NNB
노이,0,0,0,Noun,依存名詞,助数詞,*,*,노이,노이,*,noy,*,NNB
노트,0,0,0,Noun,依存名詞,助数詞,*,*,노트01,노트,*,knot,*,NNB
놈,0,0,0,Noun,依存名詞,*,*,*,놈01,놈,*,*,C,NNB
눌,0,0,0,Noun,依存名詞,助数詞,*,*,눌03,눌,*,우리02,*,NNB
눔,0,0,0,Noun,依存名詞,*,*,*,눔,눔,*,'놈'의 방언,*,NNB
뉴턴,0,0,0,Noun,依存名詞,助数詞,*,*,뉴턴01,뉴턴,*,newton,*,NNB
니트,0,0,0,Noun,依存名詞,助数詞,*,*,니트02,니트,*,nit,*,NNB
님,0,0,0,Noun,依存名詞,名詞接続,*,*,님01,님,*,*,*,NNB
님,0,0,0,Noun,依存名詞,助数詞,*,*,님02,님,*,*,*,NNB
닢,0,0,0,Noun,依存名詞,助数詞,*,*,닢01,닢,*,한 ~,*,NNB
다릭,0,0,0,Noun,依存名詞,助数詞,*,*,다릭,다릭,*,(히브리 어)daric,*,NNB
다스,0,0,0,Noun,依存名詞,助数詞,*,*,다스01,다스,*,(일본어)dâsu,*,NNB
다인,0,0,0,Noun,依存名詞,助数詞,*,*,다인03,다인,*,dyne,*,NNB
다임,0,0,0,Noun,依存名詞,助数詞,*,*,다임,다임,*,dime,*,NNB
단,0,0,0,Noun,依存名詞,助数詞,*,*,단07,단,段,*,*,NNB
단보,0,0,0,Noun,依存名詞,助数詞,*,*,단보01,단보,段步,*,*,NNB
달,0,0,0,Noun,依存名詞,助数詞,*,*,달05,달,*,*,A,NNB
달란트,0,0,0,Noun,依存名詞,助数詞,*,*,달란트,달란트,*,←talent,*,NNB
달러,0,0,0,Noun,依存名詞,助数詞,*,*,달러,달러,*,dollar,A,NNB
당,0,0,0,Noun,依存名詞,助数詞,*,*,당80,당,當,20~ 15낙,*,NNB
대,0,0,0,Noun,依存名詞,助数詞,*,*,대07,대,代,70 ~ 노인,C,NNB
대,0,0,0,Noun,依存名詞,助数詞,*,*,대01,대,*,담배 한 ~,C,NNB
대,0,0,0,Noun,依存名詞,*,*,*,대12,대,對,청군 ~ 백군 / 3 ~ 1,B,NNB
대,0,0,0,Noun,依存名詞,助数詞,*,*,대16,대,臺,*,B,NNB
대괵,0,0,0,Noun,依存名詞,助数詞,*,*,대괵,대괵,大斛,*,*,NNB
대로,0,0,0,Noun,依存名詞,*,*,*,대로01,대로,*,*,C,NNB
데,0,0,0,Noun,依存名詞,*,*,*,데01,데,*,*,B,NNB
데나리온,0,0,0,Noun,依存名詞,助数詞,*,*,데나리온,데나리온,*,←denarius,*,NNB
데니어,0,0,0,Noun,依存名詞,助数詞,*,*,데니어,데니어,*,denier,*,NNB
데시그램,0,0,0,Noun,依存名詞,助数詞,*,*,데시그램,데시그램,*,decigram,*,NNB
데시리터,0,0,0,Noun,依存名詞,助数詞,*,*,데시리터,데시리터,*,deciliter,*,NNB
데시미터,0,0,0,Noun,依存名詞,助数詞,*,*,데시미터,데시미터,*,decimeter,*,NNB
데시벨,0,0,0,Noun,依存名詞,助数詞,*,*,데시벨,데시벨,*,decibel,*,NNB
데시아르,0,0,0,Noun,依存名詞,助数詞,*,*,데시아르,데시아르,*,deciare,*,NNB
데카그램,0,0,0,Noun,依存名詞,助数詞,*,*,데카그램,데카그램,*,decagram,*,NNB
데카르,0,0,0,Noun,依存名詞,助数詞,*,*,데카르,데카르,*,decare,*,NNB
데카리터,0,0,0,Noun,依存名詞,助数詞,*,*,데카리터,데카리터,*,decaliter,*,NNB
데카미터,0,0,0,Noun,依存名詞,助数詞,*,*,데카미터,데카미터,*,decameter,*,NNB
도,0,0,0,Noun,依存名詞,助数詞,*,*,도05,도,度,*,C,NNB
도브슨단위,0,0,0,Noun,依存名詞,助数詞,*,*,도브슨단위,도브슨단위,도브슨單位,Dobson單位,*,NNB
도스,0,0,0,Noun,依存名詞,助数詞,*,*,도스80,도스,*,dose,*,NNB
도시,0,0,0,Noun,依存名詞,助数詞,*,*,도시80,도시,*,℃,*,NNB
도일,0,0,0,Noun,依存名詞,助数詞,*,*,도일03,도일,度日,*,*,NNB
도즈,0,0,0,Noun,依存名詞,助数詞,*,*,도즈,도즈,*,dose,*,NNB
돈,0,0,0,Noun,依存名詞,助数詞,*,*,돈01,돈,*,*,*,NNB
돈,0,0,0,Noun,依存名詞,助数詞,*,*,돈10,돈,噸,*,*,NNB
돈쭝,0,0,0,Noun,依存名詞,助数詞,*,*,돈쭝,돈쭝,돈重▼,*,*,NNB
돌,0,0,0,Noun,依存名詞,助数詞,*,*,돌01,돌,*,한 해,*,NNB
돌이,0,0,0,Noun,依存名詞,助数詞,*,*,돌이04,돌이,*,*,*,NNB
동,0,0,0,Noun,依存名詞,助数詞,*,*,동01,동,*,*,*,NNB
동,0,0,0,Noun,依存名詞,助数詞,*,*,동06,동,*,*,*,NNB
동,0,0,0,Noun,依存名詞,助数詞,*,*,동14,동,棟,*,C,NNB
동,0,0,0,Noun,依存名詞,助数詞,*,*,동19,동,*,dong,*,NNB
되,0,0,0,Noun,依存名詞,助数詞,*,*,되01,되,*,*,*,NNB
두,0,0,0,Noun,依存名詞,助数詞,*,*,두04,두,斗,*,*,NNB
두,0,0,0,Noun,依存名詞,助数詞,*,*,두08,두,頭,*,*,NNB
두락,0,0,0,Noun,依存名詞,助数詞,*,*,두락01,두락,斗落,*,*,NNB
두름,0,0,0,Noun,依存名詞,助数詞,*,*,두름01,두름,*,*,*,NNB
둘,0,0,0,Noun,依存名詞,*,*,*,둘80,둘,*,'줄'의 방언.,*,NNB
둥,0,0,0,Noun,依存名詞,*,*,*,둥04,둥,*,*,*,NNB
드라크마,0,0,0,Noun,依存名詞,助数詞,*,*,드라크마,드라크마,*,drachma,*,NNB
드램,0,0,0,Noun,依存名詞,助数詞,*,*,드램,드램,*,dram,*,NNB
들,0,0,0,Noun,依存名詞,名詞接続,*,*,들03,들,*,"공책, 신문, 지갑 들",*,NNB
듯,0,0,0,Noun,依存名詞,*,*,*,듯01,듯,*,*,C,NNB
듯이,0,0,0,Noun,依存名詞,*,*,*,듯이01,듯이,*,*,B,NNB
등,0,0,0,Noun,依存名詞,助数詞,*,*,등04,등,等,1~,B,NNB
등,0,0,0,Noun,依存名詞,*,*,*,등05,등,等,울산이나 창원 ~,B,NNB
등급,0,0,0,Noun,依存名詞,助数詞,*,*,등급,등급,等級,*,*,NNB
등등,0,0,0,Noun,依存名詞,名詞接続,*,*,등등01,등등,等等,*,C,NNB
등사,0,0,0,Noun,依存名詞,名詞接続,*,*,등사01,등사,等事,*,*,NNB
등성,0,0,0,Noun,依存名詞,助数詞,*,*,등성02,등성,等星,*,*,NNB
등속,0,0,0,Noun,依存名詞,名詞接続,*,*,등속02,등속,等屬,*,*,NNB
등지,0,0,0,Noun,依存名詞,名詞接続,*,*,등지02,등지,等地,*,*,NNB
디,0,0,0,Noun,依存名詞,*,*,*,디01,디,*,방언,*,NNB
디그리데이,0,0,0,Noun,依存名詞,助数詞,*,*,디그리데이,디그리데이,*,degree day,*,NNB
디나르,0,0,0,Noun,依存名詞,助数詞,*,*,디나르,디나르,*,dinar,*,NNB
디르함,0,0,0,Noun,依存名詞,助数詞,*,*,디르함,디르함,*,dirham,*,NNB
디바이,0,0,0,Noun,依存名詞,助数詞,*,*,디바이01,디바이,*,Debye,*,NNB
디옵터,0,0,0,Noun,依存名詞,助数詞,*,*,디옵터,디옵터,*,diopter,*,NNB
디피아이,0,0,0,Noun,依存名詞,助数詞,*,*,디피아이,디피아이,*,dpi,*,NNB
디피에스,0,0,0,Noun,依存名詞,助数詞,*,*,디피에스,디피에스,*,dps,*,NNB
따름,0,0,0,Noun,依存名詞,*,*,*,따름01,따름,*,*,*,NNB
따위,0,0,0,Noun,依存名詞,*,*,*,따위,따위,*,*,*,NNB
딴,0,0,0,Noun,依存名詞,名詞接続,*,*,딴02,딴,*,내 ~은,*,NNB
딸라,0,0,0,Noun,依存名詞,助数詞,*,*,딸라,딸라,*,dollar,*,NNB
때문,0,0,0,Noun,依存名詞,*,*,*,때문,때문,*,*,A,NNB
땜,0,0,0,Noun,依存名詞,*,*,*,땜03,땜,*,*,B,NNB
람다,0,0,0,Noun,依存名詞,助数詞,*,*,람다,람다,*,(그리스 어)lambda,*,NNB
래드,0,0,0,Noun,依存名詞,助数詞,*,*,래드,래드,*,rad,*,NNB
랜드,0,0,0,Noun,依存名詞,助数詞,*,*,랜드,랜드,*,rand,*,NNB
량,0,0,0,Noun,依存名詞,助数詞,*,*,량06,량,輛,*,*,NNB
럭스,0,0,0,Noun,依存名詞,助数詞,*,*,럭스,럭스,*,lux,*,NNB
럼,0,0,0,Noun,依存名詞,助数詞,*,*,럼,럼,rhm,*,*,NNB
레우,0,0,0,Noun,依存名詞,助数詞,*,*,레우,레우,*,(루마니아 어)leu,*,NNB
레프,0,0,0,Noun,依存名詞,助数詞,*,*,레프01,레프,*,(불가리아 어)lev,*,NNB
렌텐마르크,0,0,0,Noun,依存名詞,助数詞,*,*,렌텐마르크,렌텐마르크,*,(독일어)Rentenmark,*,NNB
렘,0,0,0,Noun,依存名詞,助数詞,*,*,렘,렘,*,rem,*,NNB
렙,0,0,0,Noun,依存名詞,助数詞,*,*,렙,렙,*,rep,*,NNB
령,0,0,0,Noun,依存名詞,助数詞,*,*,령05,령,齡,*,*,NNB
로드,0,0,0,Noun,依存名詞,助数詞,*,*,로드03,로드,*,rod,*,NNB
롱톤,0,0,0,Noun,依存名詞,助数詞,*,*,롱톤,롱톤,*,long ton,*,NNB
뢴트겐,0,0,0,Noun,依存名詞,助数詞,*,*,뢴트겐01,뢴트겐,*,(독일어)R&ouml;ntgen,*,NNB
루멘,0,0,0,Noun,依存名詞,助数詞,*,*,루멘,루멘,*,lumen,*,NNB
루멘시,0,0,0,Noun,依存名詞,助数詞,*,*,루멘시,루멘시,루멘時,lumen時,*,NNB
루멘초,0,0,0,Noun,依存名詞,助数詞,*,*,루멘초,루멘초,루멘秒,lumen秒,*,NNB
루블,0,0,0,Noun,依存名詞,助数詞,*,*,루블,루블,*,&러rubl’,*,NNB
루피,0,0,0,Noun,依存名詞,助数詞,*,*,루피,루피,*,rupee,*,NNB
루피아,0,0,0,Noun,依存名詞,助数詞,*,*,루피아,루피아,*,rupiah,*,NNB
리,0,0,0,Noun,依存名詞,助数詞,*,*,리02,리,里,*,C,NNB
리,0,0,0,Noun,依存名詞,助数詞,*,*,리04,리,哩,*,*,NNB
리,0,0,0,Noun,依存名詞,助数詞,*,*,리05,리,浬,*,*,NNB
리,0,0,0,Noun,依存名詞,*,*,*,리06,리,理,*,*,NNB
리,0,0,0,Noun,依存名詞,助数詞,*,*,리09,리,釐,*,*,NNB
리라,0,0,0,Noun,依存名詞,助数詞,*,*,리라01,리라,*,(이탈리아 어)lira,*,NNB
리브르,0,0,0,Noun,依存名詞,助数詞,*,*,리브르,리브르,*,(프랑스 어)livre,*,NNB
리알,0,0,0,Noun,依存名詞,助数詞,*,*,리알,리알,*,rial,*,NNB
리얄,0,0,0,Noun,依存名詞,助数詞,*,*,리얄,리얄,*,riyal,*,NNB
리엘,0,0,0,Noun,依存名詞,助数詞,*,*,리엘,리엘,*,riel,*,NNB
리터,0,0,0,Noun,依存名詞,助数詞,*,*,리터01,리터,*,liter,C,NNB
림,0,0,0,Noun,依存名詞,助数詞,*,*,림02,림,*,ream,*,NNB
립,0,0,0,Noun,依存名詞,助数詞,*,*,립,립,立,*,*,NNB
링크,0,0,0,Noun,依存名詞,助数詞,*,*,링크02,링크,*,link,*,NNB
마,0,0,0,Noun,依存名詞,助数詞,*,*,마08,마,碼,*,*,NNB
마극,0,0,0,Noun,依存名詞,助数詞,*,*,마극,마극,馬克,*,*,NNB
마당,0,0,0,Noun,依存名詞,*,*,*,마당,마당,*,*,C,NNB
마력,0,0,0,Noun,依存名詞,助数詞,*,*,마력01,마력,馬力,*,*,NNB
마력시,0,0,0,Noun,依存名詞,助数詞,*,*,마력시,마력시,馬力時,*,*,NNB
마련,0,0,0,Noun,依存名詞,*,*,*,마련,마련,*,*,C,NNB
마르카,0,0,0,Noun,依存名詞,助数詞,*,*,마르카,마르카,*,markkaa,*,NNB
마르크,0,0,0,Noun,依存名詞,助数詞,*,*,마르크03,마르크,*,Mark,*,NNB
마리,0,0,0,Noun,依存名詞,助数詞,*,*,마리01,마리,*,*,A,NNB
마이크로그램,0,0,0,Noun,依存名詞,助数詞,*,*,마이크로그램,마이크로그램,*,microgram,*,NNB
마이크로미크론,0,0,0,Noun,依存名詞,助数詞,*,*,마이크로미크론,마이크로미크론,*,micromicron,*,NNB
마이크로미터,0,0,0,Noun,依存名詞,助数詞,*,*,마이크로미터,마이크로미터,*,micrometer,*,NNB
마이크로세컨드,0,0,0,Noun,依存名詞,助数詞,*,*,마이크로세컨드,마이크로세컨드,*,microsecond,*,NNB
마이크로옴,0,0,0,Noun,依存名詞,助数詞,*,*,마이크로옴,마이크로옴,*,microhm,*,NNB
마이크로초,0,0,0,Noun,依存名詞,助数詞,*,*,마이크로초,마이크로초,마이크로秒,micro秒,*,NNB
마이크로퀴리,0,0,0,Noun,依存名詞,助数詞,*,*,마이크로퀴리,마이크로퀴리,*,microcurie,*,NNB
마이크로패럿,0,0,0,Noun,依存名詞,助数詞,*,*,마이크로패럿,마이크로패럿,*,microfarad,*,NNB
마일,0,0,0,Noun,依存名詞,助数詞,*,*,마일02,마일,*,mile,*,NNB
마장,0,0,0,Noun,依存名詞,助数詞,*,*,마장01,마장,*,*,*,NNB
마지기,0,0,0,Noun,依存名詞,助数詞,*,*,마지기01,마지기,*,*,*,NNB
마하,0,0,0,Noun,依存名詞,助数詞,*,*,마하02,마하,*,Mach,*,NNB
마하수,0,0,0,Noun,依存名詞,助数詞,*,*,마하수,마하수,마하數,Mach數,*,NNB
마헤,0,0,0,Noun,依存名詞,助数詞,*,*,마헤,마헤,*,(독일어)Mache,*,NNB
막,0,0,0,Noun,依存名詞,助数詞,*,*,막05,막,幕,*,*,NNB
만,0,0,0,Noun,依存名詞,名詞接続,*,*,만01,만,*,십 년 ~에,C,NNB
만,0,0,0,Noun,依存名詞,*,*,*,만02,만,*,화를 낼 ~도 하다,C,NNB
만치,0,0,0,Noun,依存名詞,*,*,*,만치,만치,*,*,*,NNB
만큼,0,0,0,Noun,依存名詞,*,*,*,만큼,만큼,*,*,B,NNB
말,0,0,0,Noun,依存名詞,助数詞,*,*,말03,말,斗,*,*,NNB
말,0,0,0,Noun,依存名詞,名詞接続,*,*,말11,말,末,*,B,NNB
망정,0,0,0,Noun,依存名詞,*,*,*,망정01,망정,*,*,*,NNB
맡,0,0,0,Noun,依存名詞,*,*,*,맡01,맡,*,*,*,NNB
매,0,0,0,Noun,依存名詞,助数詞,*,*,매04,매,*,*,*,NNB
매,0,0,0,Noun,依存名詞,助数詞,*,*,매07,매,*,젓가락 한 ~,*,NNB
매,0,0,0,Noun,依存名詞,助数詞,*,*,매15,매,枚,*,*,NNB
맥스웰,0,0,0,Noun,依存名詞,助数詞,*,*,맥스웰01,맥스웰,*,maxwell,*,NNB
메가,0,0,0,Noun,依存名詞,助数詞,*,*,메가,메가,*,mega,*,NNB
메가다인,0,0,0,Noun,依存名詞,助数詞,*,*,메가다인,메가다인,*,megadyne,*,NNB
메가데스,0,0,0,Noun,依存名詞,助数詞,*,*,메가데스,메가데스,*,megadeath,*,NNB
메가바,0,0,0,Noun,依存名詞,助数詞,*,*,메가바,메가바,*,megabar,*,NNB
메가바이트,0,0,0,Noun,依存名詞,助数詞,*,*,메가바이트,메가바이트,*,megabyte,*,NNB
메가비트,0,0,0,Noun,依存名詞,助数詞,*,*,메가비트,메가비트,*,megabit,*,NNB
메가비피에스,0,0,0,Noun,依存名詞,助数詞,*,*,메가비피에스,메가비피에스,*,Mbps,*,NNB
메가사이클,0,0,0,Noun,依存名詞,助数詞,*,*,메가사이클,메가사이클,*,megacycle,*,NNB
메가와트,0,0,0,Noun,依存名詞,助数詞,*,*,메가와트,메가와트,*,MW,*,NNB
메가와트일,0,0,0,Noun,依存名詞,助数詞,*,*,메가와트일,메가와트일,메가와트日,megawatt日,*,NNB
메가전자볼트,0,0,0,Noun,依存名詞,助数詞,*,*,메가전자볼트,메가전자볼트,메가電子볼트,mega電子volt,*,NNB
메가톤,0,0,0,Noun,依存名詞,助数詞,*,*,메가톤,메가톤,*,megaton,*,NNB
메가헤르츠,0,0,0,Noun,依存名詞,助数詞,*,*,메가헤르츠,메가헤르츠,*,megahertz,*,NNB
메그옴,0,0,0,Noun,依存名詞,助数詞,*,*,메그옴,메그옴,*,megohm,*,NNB
메브,0,0,0,Noun,依存名詞,助数詞,*,*,메브,메브,*,MeV,*,NNB
메시,0,0,0,Noun,依存名詞,助数詞,*,*,메시,메시,*,mesh,*,NNB
명,0,0,0,Noun,依存名詞,助数詞,*,*,명03,명,名,한 ~,A,NNB
모,0,0,0,Noun,依存名詞,助数詞,*,*,모04,모,*,*,*,NNB
모,0,0,0,Noun,依存名詞,助数詞,*,*,모11,모,毛,*,*,NNB
모,0,0,0,Noun,依存名詞,助数詞,*,*,모18,모,*,mho,*,NNB
모금,0,0,0,Noun,依存名詞,助数詞,*,*,모금01,모금,*,한 ~,C,NNB
모라,0,0,0,Noun,依存名詞,助数詞,*,*,모라02,모라,*,mora,*,NNB
모양,0,0,0,Noun,依存名詞,*,*,*,모양02,모양,模樣,*,B,NNB
몰,0,0,0,Noun,依存名詞,助数詞,*,*,몰08,몰,*,mole,*,NNB
묘,0,0,0,Noun,依存名詞,助数詞,*,*,묘04,묘,畝,*,*,NNB
무,0,0,0,Noun,依存名詞,助数詞,*,*,무07,무,畝,*,*,NNB
무,0,0,0,Noun,依存名詞,助数詞,*,*,무08,무,無,"1~ 2패(=무승부)",*,NNB
무렵,0,0,0,Noun,依存名詞,*,*,*,무렵,무렵,*,*,B,NNB
문,0,0,0,Noun,依存名詞,助数詞,*,*,문03,문,文,*,*,NNB
문,0,0,0,Noun,依存名詞,助数詞,*,*,문07,문,門,*,*,NNB
물,0,0,0,Noun,依存名詞,*,*,*,물04,물,*,*,*,NNB
물,0,0,0,Noun,依存名詞,*,*,*,물05,물,*,*,*,NNB
물리뢴트겐당량,0,0,0,Noun,依存名詞,助数詞,*,*,물리뢴트겐당량,물리뢴트겐당량,物理뢴트겐當量,物理(독일어)R&ouml;ntgen當量,*,NNB
미,0,0,0,Noun,依存名詞,助数詞,*,*,미13,미,尾,*,*,NNB
미국톤,0,0,0,Noun,依存名詞,助数詞,*,*,미국톤,미국톤,美國톤,美國ton,*,NNB
미돌,0,0,0,Noun,依存名詞,助数詞,*,*,미돌,미돌,米突,*,*,NNB
미크론,0,0,0,Noun,依存名詞,助数詞,*,*,미크론,미크론,*,micron,*,NNB
미터,0,0,0,Noun,依存名詞,助数詞,*,*,미터02,미터,*,meter,A,NNB
미터톤,0,0,0,Noun,依存名詞,助数詞,*,*,미터톤,미터톤,*,meter ton,*,NNB
미터퍼세크,0,0,0,Noun,依存名詞,助数詞,*,*,미터퍼세크,미터퍼세크,*,m/sec,*,NNB
밀,0,0,0,Noun,依存名詞,助数詞,*,*,밀04,밀,*,mil,*,NNB
밀리,0,0,0,Noun,依存名詞,助数詞,*,*,밀리,밀리,*,millimeter,*,NNB
밀리갈,0,0,0,Noun,依存名詞,助数詞,*,*,밀리갈,밀리갈,*,milligal,*,NNB
밀리그램,0,0,0,Noun,依存名詞,助数詞,*,*,밀리그램,밀리그램,*,milligram,*,NNB
밀리뢴트겐,0,0,0,Noun,依存名詞,助数詞,*,*,밀리뢴트겐,밀리뢴트겐,*,(독일어)Millir&ouml;ntgen,*,NNB
밀리리터,0,0,0,Noun,依存名詞,助数詞,*,*,밀리리터,밀리리터,*,milliliter,*,NNB
밀리몰,0,0,0,Noun,依存名詞,助数詞,*,*,밀리몰,밀리몰,*,millimole,*,NNB
밀리미크론,0,0,0,Noun,依存名詞,助数詞,*,*,밀리미크론,밀리미크론,*,millimicron,*,NNB
밀리미터,0,0,0,Noun,依存名詞,助数詞,*,*,밀리미터,밀리미터,*,millimeter,B,NNB
밀리바,0,0,0,Noun,依存名詞,助数詞,*,*,밀리바,밀리바,*,millibar,*,NNB
밀리볼트,0,0,0,Noun,依存名詞,助数詞,*,*,밀리볼트,밀리볼트,*,millivolt,*,NNB
밀리암페어,0,0,0,Noun,依存名詞,助数詞,*,*,밀리암페어,밀리암페어,*,milliampere,*,NNB
밀리와트,0,0,0,Noun,依存名詞,助数詞,*,*,밀리와트,밀리와트,*,milliwatt,*,NNB
밀리퀴리,0,0,0,Noun,依存名詞,助数詞,*,*,밀리퀴리,밀리퀴리,*,millicurie,*,NNB
밉스,0,0,0,Noun,依存名詞,助数詞,*,*,밉스,밉스,*,MIPS,*,NNB
바,0,0,0,Noun,依存名詞,*,*,*,바03,바,*,*,C,NNB
바,0,0,0,Noun,依存名詞,助数詞,*,*,바05,바,*,bar,*,NNB
바,0,0,0,Noun,依存名詞,助数詞,*,*,바06,바,*,var,*,NNB
바람,0,0,0,Noun,依存名詞,*,*,*,바람01,바람,*,눈이 오는 ~에,A,NNB
바람,0,0,0,Noun,依存名詞,助数詞,*,*,바람03,바람,*,*,*,NNB
바로,0,0,0,Noun,依存名詞,*,*,*,바로01,바로,*,"저 바로에 우리 학교가 있습니다.",*,NNB
바이트,0,0,0,Noun,依存名詞,助数詞,*,*,바이트02,바이트,*,byte,*,NNB
바퀴,0,0,0,Noun,依存名詞,助数詞,*,*,바퀴01,바퀴,*,네 ~,C,NNB
박,0,0,0,Noun,依存名詞,助数詞,*,*,박10,박,泊,*,C,NNB
박,0,0,0,Noun,依存名詞,助数詞,*,*,박02,박,*,*,*,NNB
반,0,0,0,Noun,依存名詞,助数詞,*,*,반14,반,*,barn,*,NNB
발,0,0,0,Noun,依存名詞,助数詞,*,*,발07,발,*,길이의 단위,*,NNB
발,0,0,0,Noun,依存名詞,助数詞,*,*,발09,발,發,*,*,NNB
발보아,0,0,0,Noun,依存名詞,助数詞,*,*,발보아01,발보아,*,balboa,*,NNB
발짝,0,0,0,Noun,依存名詞,助数詞,*,*,발짝01,발짝,*,*,*,NNB
방,0,0,0,Noun,依存名詞,助数詞,*,*,방11,방,放,*,*,NNB
방,0,0,0,Noun,依存名詞,助数詞,*,*,방17,방,磅,*,*,NNB
배,0,0,0,Noun,依存名詞,*,*,*,배05,배,杯,*,*,NNB
배럴,0,0,0,Noun,依存名詞,助数詞,*,*,배럴,배럴,*,barrel,*,NNB
번,0,0,0,Noun,依存名詞,助数詞,*,*,번04,번,番,*,A,NNB
번수,0,0,0,Noun,依存名詞,助数詞,*,*,번수02,번수,番手,*,*,NNB
번째,0,0,0,Noun,依存名詞,助数詞,*,*,번째,번째,番째,*,B,NNB
벌,0,0,0,Noun,依存名詞,助数詞,*,*,벌02,벌,*,옷 한 ~,C,NNB
벌,0,0,0,Noun,依存名詞,助数詞,*,*,벌04,벌,*,*,*,NNB
벌,0,0,0,Noun,依存名詞,助数詞,*,*,벌05,벌,*,김을 세 ~ 매다,*,NNB
범,0,0,0,Noun,依存名詞,助数詞,*,*,범04,범,犯,*,*,NNB
법,0,0,0,Noun,依存名詞,*,*,*,법01,법,法,*,B,NNB
법,0,0,0,Noun,依存名詞,助数詞,*,*,법02,법,法,*,*,NNB
베가톤,0,0,0,Noun,依存名詞,助数詞,*,*,베가톤,베가톤,*,begaton,*,NNB
베브,0,0,0,Noun,依存名詞,助数詞,*,*,베브,베브,*,Bev,*,NNB
베크렐,0,0,0,Noun,依存名詞,助数詞,*,*,베크렐01,베크렐,*,becquerel,*,NNB
보,0,0,0,Noun,依存名詞,助数詞,*,*,보03,보,*,*,*,NNB
보,0,0,0,Noun,依存名詞,助数詞,*,*,보04,보,步,*,*,NNB
보,0,0,0,Noun,依存名詞,名詞接続,*,*,보05,보,甫,*,*,NNB
보,0,0,0,Noun,依存名詞,助数詞,*,*,보21,보,*,(프랑스 어)baud,*,NNB
보루,0,0,0,Noun,依存名詞,助数詞,*,*,보루03,보루,*,&일boru,*,NNB
보메,0,0,0,Noun,依存名詞,助数詞,*,*,보메,보메,*,(프랑스 어)baum&eacute;,*,NNB
복,0,0,0,Noun,依存名詞,助数詞,*,*,복04,복,卜,*,*,NNB
본,0,0,0,Noun,依存名詞,助数詞,*,*,본02,본,本,*,*,NNB
볼트,0,0,0,Noun,依存名詞,助数詞,*,*,볼트02,볼트,*,volt,*,NNB
볼트암페어,0,0,0,Noun,依存名詞,助数詞,*,*,볼트암페어,볼트암페어,*,voltampere,*,NNB
봉도,0,0,0,Noun,依存名詞,助数詞,*,*,봉도02,봉도,封度,*,*,NNB
부,0,0,0,Noun,依存名詞,助数詞,*,*,부02,부,*,*,*,NNB
부,0,0,0,Noun,依存名詞,助数詞,*,*,부12,부,負,*,*,NNB
부,0,0,0,Noun,依存名詞,助数詞,*,*,부15,부,部,*,B,NNB
부셸,0,0,0,Noun,依存名詞,助数詞,*,*,부셸,부셸,*,bushel,*,NNB
분,0,0,0,Noun,依存名詞,*,*,*,분01,분,*,*,A,NNB
분,0,0,0,Noun,依存名詞,助数詞,*,*,분08,분,分,*,A,NNB
분네,0,0,0,Noun,依存名詞,*,*,*,분네,분네,*,*,*,NNB
불,0,0,0,Noun,依存名詞,助数詞,*,*,불08,불,弗,*,*,NNB
비르,0,0,0,Noun,依存名詞,助数詞,*,*,비르,비르,*,birr,*,NNB
비트,0,0,0,Noun,依存名詞,助数詞,*,*,비트04,비트,*,bit,*,NNB
비트플레인,0,0,0,Noun,依存名詞,助数詞,*,*,비트플레인,비트플레인,*,bitplane,*,NNB
비티유,0,0,0,Noun,依存名詞,助数詞,*,*,비티유,비티유,*,BTU,*,NNB
비피아이,0,0,0,Noun,依存名詞,助数詞,*,*,비피아이,비피아이,*,BPI,*,NNB
비피에스,0,0,0,Noun,依存名詞,助数詞,*,*,비피에스,비피에스,*,BPS,*,NNB
빌리언일렉트론볼트,0,0,0,Noun,依存名詞,助数詞,*,*,빌리언일렉트론볼트,빌리언일렉트론볼트,*,billion electron volt,*,NNB
뻔,0,0,0,Noun,依存名詞,*,*,*,뻔01,뻔,*,*,*,NNB
뼘,0,0,0,Noun,依存名詞,助数詞,*,*,뼘02,뼘,*,*,*,NNB
뿐,0,0,0,Noun,依存名詞,*,*,*,뿐01,뿐,*,*,B,NNB
사,0,0,0,Noun,依存名詞,*,*,*,사16,사,事,*,*,NNB
사이,0,0,0,Noun,依存名詞,助数詞,*,*,사이07,사이,*,(일본어)sai[才],*,NNB
사이클,0,0,0,Noun,依存名詞,助数詞,*,*,사이클,사이클,*,cycle,*,NNB
삭,0,0,0,Noun,依存名詞,*,*,*,삭03,삭,朔,*,*,NNB
살,0,0,0,Noun,依存名詞,助数詞,*,*,살04,살,*,한 ~,A,NNB
상팀,0,0,0,Noun,依存名詞,助数詞,*,*,상팀,상팀,*,centime,*,NNB
새,0,0,0,Noun,依存名詞,助数詞,*,*,새05,새,*,*,*,NNB
서큘러밀,0,0,0,Noun,依存名詞,助数詞,*,*,서큘러밀,서큘러밀,*,circular mil,*,NNB
석,0,0,0,Noun,依存名詞,助数詞,*,*,석07,석,石,*,*,NNB
석,0,0,0,Noun,依存名詞,助数詞,*,*,석09,석,席,*,C,NNB
석유환산톤,0,0,0,Noun,依存名詞,助数詞,*,*,석유환산톤,석유환산톤,石油換算톤,石油換算ton,*,NNB
선,0,0,0,Noun,依存名詞,助数詞,*,*,선05,선,仙,*,*,NNB
선,0,0,0,Noun,依存名詞,助数詞,*,*,선15,선,選,*,*,NNB
섬,0,0,0,Noun,依存名詞,助数詞,*,*,섬01,섬,*,*,*,NNB
성,0,0,0,Noun,依存名詞,*,*,*,성03,성,*,*,*,NNB
세,0,0,0,Noun,依存名詞,助数詞,*,*,세13,세,歲,*,A,NNB
세,0,0,0,Noun,依存名詞,助数詞,*,*,세07,세,世,*,C,NNB
세겔,0,0,0,Noun,依存名詞,助数詞,*,*,세겔,세겔,*,←(히브리 어)Sheqel,*,NNB
세제곱미터,0,0,0,Noun,依存名詞,助数詞,*,*,세제곱미터,세제곱미터,*,세제곱meter,*,NNB
세제곱센티미터,0,0,0,Noun,依存名詞,助数詞,*,*,세제곱센티미터,세제곱센티미터,*,세제곱centimeter,*,NNB
센트,0,0,0,Noun,依存名詞,助数詞,*,*,센트,센트,*,cent,*,NNB
센티,0,0,0,Noun,依存名詞,助数詞,*,*,센티,센티,*,centimeter,*,NNB
센티그램,0,0,0,Noun,依存名詞,助数詞,*,*,센티그램,센티그램,*,centigram,*,NNB
센티리터,0,0,0,Noun,依存名詞,助数詞,*,*,센티리터,센티리터,*,centiliter,*,NNB
센티미터,0,0,0,Noun,依存名詞,助数詞,*,*,센티미터,센티미터,*,centimeter,A,NNB
셈,0,0,0,Noun,依存名詞,*,*,*,셈01,셈,*,*,C,NNB
소괵,0,0,0,Noun,依存名詞,助数詞,*,*,소괵,소괵,小斛,*,*,NNB
소사,0,0,0,Noun,依存名詞,名詞接続,*,*,소사12,소사,召史,*,*,NNB
속,0,0,0,Noun,依存名詞,助数詞,*,*,속03,속,束,*,*,NNB
손,0,0,0,Noun,依存名詞,*,*,*,손04,손,*,*,*,NNB
손,0,0,0,Noun,依存名詞,助数詞,*,*,손05,손,*,조기 한 ~,*,NNB
쇼트톤,0,0,0,Noun,依存名詞,助数詞,*,*,쇼트톤,쇼트톤,*,short ton,*,NNB
수,0,0,0,Noun,依存名詞,*,*,*,수02,수,*,방법,A,NNB
수,0,0,0,Noun,依存名詞,*,*,*,수04,수,手,*,*,NNB
수,0,0,0,Noun,依存名詞,助数詞,*,*,수17,수,首,*,*,NNB
수,0,0,0,Noun,依存名詞,助数詞,*,*,수31,수,*,(프랑스 어)sou,*,NNB
순,0,0,0,Noun,依存名詞,*,*,*,순12,순,順,*,*,NNB
수은주미터,0,0,0,Noun,依存名詞,助数詞,*,*,수은주미터,수은주미터,水銀柱미터,水銀柱meter,*,NNB
수은주밀리미터,0,0,0,Noun,依存名詞,助数詞,*,*,수은주밀리미터,수은주밀리미터,水銀柱밀리미터,水銀柱millimeter,*,NNB
수주미터,0,0,0,Noun,依存名詞,助数詞,*,*,수주미터,수주미터,水柱미터,水柱meter,*,NNB
술,0,0,0,Noun,依存名詞,助数詞,*,*,술06,술,*,밥 한 ~,A,NNB
스테라디안,0,0,0,Noun,依存名詞,助数詞,*,*,스테라디안,스테라디안,*,steradian,*,NNB
스토크스,0,0,0,Noun,依存名詞,助数詞,*,*,스토크스03,스토크스,*,stokes,*,NNB
스틸브,0,0,0,Noun,依存名詞,助数詞,*,*,스틸브,스틸브,*,stilb,*,NNB
스핀들,0,0,0,Noun,依存名詞,助数詞,*,*,스핀들,스핀들,*,spindle,*,NNB
승,0,0,0,Noun,依存名詞,助数詞,*,*,승02,승,升,*,*,NNB
승,0,0,0,Noun,依存名詞,助数詞,*,*,승03,승,升,*,*,NNB
승,0,0,0,Noun,依存名詞,助数詞,*,*,승11,승,乘,*,*,NNB
승,0,0,0,Noun,依存名詞,助数詞,*,*,승12,승,勝,*,*,NNB
시,0,0,0,Noun,依存名詞,*,*,*,시10,시,時,*,A,NNB
시간,0,0,0,Noun,依存名詞,助数詞,*,*,시간04,시간,時間,*,A,NNB
시버트,0,0,0,Noun,依存名詞,助数詞,*,*,시버트,시버트,*,sivert,*,NNB
시시,0,0,0,Noun,依存名詞,助数詞,*,*,시시05,시시,*,cc,*,NNB
식,0,0,0,Noun,依存名詞,*,*,*,식02,식,式,*,B,NNB
식,0,0,0,Noun,依存名詞,助数詞,*,*,식06,식,息,*,*,NNB
신촉광,0,0,0,Noun,依存名詞,助数詞,*,*,신촉광,신촉광,新燭光,*,*,NNB
실,0,0,0,Noun,依存名詞,助数詞,*,*,실05,실,室,*,*,NNB
실링,0,0,0,Noun,依存名詞,助数詞,*,*,실링02,실링,*,Schilling,*,NNB
실링,0,0,0,Noun,依存名詞,助数詞,*,*,실링03,실링,*,shilling,*,NNB
씨,0,0,0,Noun,依存名詞,名詞接続,*,*,씨07,씨,氏,김 ~,A,NNB
아르,0,0,0,Noun,依存名詞,助数詞,*,*,아르01,아르,*,are,*,NNB
아르피엠,0,0,0,Noun,依存名詞,助数詞,*,*,아르피엠,아르피엠,*,rpm,*,NNB
아름,0,0,0,Noun,依存名詞,助数詞,*,*,아름01,아름,*,*,*,NNB
아보그램,0,0,0,Noun,依存名詞,助数詞,*,*,아보그램,아보그램,*,avogram,*,NNB
아인슈타인,0,0,0,Noun,依存名詞,助数詞,*,*,아인슈타인03,아인슈타인,*,Einstein,*,NNB
알,0,0,0,Noun,依存名詞,助数詞,*,*,알01,알,*,*,*,NNB
암페어,0,0,0,Noun,依存名詞,助数詞,*,*,암페어,암페어,*,ampere,*,NNB
암페어시,0,0,0,Noun,依存名詞,助数詞,*,*,암페어시,암페어시,암페어時,ampere時,*,NNB
암페어횟수,0,0,0,Noun,依存名詞,助数詞,*,*,암페어횟수,암페어횟수,암페어回數,ampere回數,*,NNB
액트,0,0,0,Noun,依存名詞,助数詞,*,*,액트,액트,*,act,*,NNB
앵커,0,0,0,Noun,依存名詞,助数詞,*,*,앵커02,앵커,*,anker,*,NNB
야드,0,0,0,Noun,依存名詞,助数詞,*,*,야드,야드,*,yard,*,NNB
약용온스,0,0,0,Noun,依存名詞,助数詞,*,*,약용온스,약용온스,藥用온스,藥用ounce,*,NNB
양,0,0,0,Noun,依存名詞,*,*,*,양02,양,*,*,*,NNB
양,0,0,0,Noun,依存名詞,名詞接続,*,*,양25,양,孃,*,C,NNB
에르그,0,0,0,Noun,依存名詞,助数詞,*,*,에르그,에르그,*,erg,*,NNB
에르스텟,0,0,0,Noun,依存名詞,助数詞,*,*,에르스텟,에르스텟,*,oersted,*,NNB
에이유,0,0,0,Noun,依存名詞,助数詞,*,*,에이유,에이유,*,AU,*,NNB
에이치에프유,0,0,0,Noun,依存名詞,助数詞,*,*,에이치에프유,에이치에프유,*,HFU,*,NNB
에이치피,0,0,0,Noun,依存名詞,助数詞,*,*,에이치피,에이치피,*,HP,*,NNB
에이커,0,0,0,Noun,依存名詞,助数詞,*,*,에이커,에이커,*,acre,*,NNB
에이피아이도,0,0,0,Noun,依存名詞,助数詞,*,*,에이피아이도,에이피아이도,에이피아이度,API度,*,NNB
엑스단위,0,0,0,Noun,依存名詞,助数詞,*,*,엑스단위,엑스단위,엑스單位,X單位,*,NNB
엔,0,0,0,Noun,依存名詞,助数詞,*,*,엔01,엔,*,&일en,B,NNB
엘레,0,0,0,Noun,依存名詞,助数詞,*,*,엘레,엘레,*,(독일어)Elle,*,NNB
엠더블유디,0,0,0,Noun,依存名詞,助数詞,*,*,엠더블유디,엠더블유디,*,MWD,*,NNB
엠엠시,0,0,0,Noun,依存名詞,助数詞,*,*,엠엠시02,엠엠시,*,MMC,*,NNB
엠피에이치,0,0,0,Noun,依存名詞,助数詞,*,*,엠피에이치,엠피에이치,*,mph,*,NNB
여지,0,0,0,Noun,依存名詞,*,*,*,여지02,여지,餘地,*,*,NNB
역시간,0,0,0,Noun,依存名詞,助数詞,*,*,역시간,역시간,逆時間,*,*,NNB
역표년,0,0,0,Noun,依存名詞,助数詞,*,*,역표년,역표년,曆表年,*,*,NNB
연,0,0,0,Noun,依存名詞,助数詞,*,*,연06,연,連,*,*,NNB
엽,0,0,0,Noun,依存名詞,助数詞,*,*,엽03,엽,葉,*,*,NNB
영,0,0,0,Noun,依存名詞,助数詞,*,*,영10,영,令,*,*,NNB
영국톤,0,0,0,Noun,依存名詞,助数詞,*,*,영국톤,영국톤,英國톤,英國ton ,*,NNB
영리,0,0,0,Noun,依存名詞,助数詞,*,*,영리02,영리,英里,*,*,NNB
영척,0,0,0,Noun,依存名詞,助数詞,*,*,영척02,영척,英尺,*,*,NNB
영톤,0,0,0,Noun,依存名詞,助数詞,*,*,영톤,영톤,英톤,英ton,*,NNB
옥타브,0,0,0,Noun,依存名詞,助数詞,*,*,옥타브,옥타브,*,octave,*,NNB
온스,0,0,0,Noun,依存名詞,助数詞,*,*,온스,온스,*,ounce,*,NNB
옴,0,0,0,Noun,依存名詞,助数詞,*,*,옴04,옴,*,ohm,*,NNB
옴큼,0,0,0,Noun,依存名詞,助数詞,*,*,옴큼,옴큼,*,*,*,NNB
옹,0,0,0,Noun,依存名詞,名詞接続,*,*,옹04,옹,翁,*,*,NNB
옹스트롬,0,0,0,Noun,依存名詞,助数詞,*,*,옹스트롬,옹스트롬,*,angstrom,*,NNB
와트,0,0,0,Noun,依存名詞,助数詞,*,*,와트02,와트,*,watt,*,NNB
와트시,0,0,0,Noun,依存名詞,助数詞,*,*,와트시,와트시,와트時,watt時,*,NNB
와트초,0,0,0,Noun,依存名詞,助数詞,*,*,와트초,와트초,와트秒,watt秒,*,NNB
외,0,0,0,Noun,依存名詞,名詞接続,*,*,외04,외,外,*,B,NNB
외레,0,0,0,Noun,依存名詞,助数詞,*,*,외레,외레,*,(스웨덴 어)&ouml;re,*,NNB
움큼,0,0,0,Noun,依存名詞,助数詞,*,*,움큼,움큼,*,*,*,NNB
원,0,0,0,Noun,依存名詞,助数詞,*,*,원01,원,*,화폐 단위,A,NNB
원,0,0,0,Noun,依存名詞,助数詞,*,*,원07,원,元,*,*,NNB
원,0,0,0,Noun,依存名詞,助数詞,*,*,원13,원,圓,*,*,NNB
월,0,0,0,Noun,依存名詞,助数詞,*,*,월02,월,月,*,A,NNB
웨버,0,0,0,Noun,依存名詞,助数詞,*,*,웨버,웨버,*,weber,*,NNB
위,0,0,0,Noun,依存名詞,助数詞,*,*,위05,위,位,*,C,NNB
위안,0,0,0,Noun,依存名詞,助数詞,*,*,위안03,위안,*,Yuan[元],*,NNB
유로,0,0,0,Noun,依存名詞,助数詞,*,*,유로06,유로,*,Euro,*,NNB
유카와,0,0,0,Noun,依存名詞,助数詞,*,*,유카와,유카와,*,Yukawa,*,NNB
육리,0,0,0,Noun,依存名詞,助数詞,*,*,육리01,육리,陸里,*,*,NNB
은량,0,0,0,Noun,依存名詞,助数詞,*,*,은량,은량,銀量,*,*,NNB
음향옴,0,0,0,Noun,依存名詞,助数詞,*,*,음향옴,음향옴,音響옴,音響ohm,*,NNB
이,0,0,0,Noun,依存名詞,*,*,*,이04,이,*,*,C,NNB
이래,0,0,0,Noun,依存名詞,*,*,*,이래03,이래,以來,*,C,NNB
이환,0,0,0,Noun,依存名詞,*,*,*,이환01,이환,以還,이래03,*,NNB
인,0,0,0,Noun,依存名詞,助数詞,*,*,인02,인,人,3~,C,NNB
인,0,0,0,Noun,依存名詞,助数詞,*,*,인06,인,引,*,*,NNB
인마일,0,0,0,Noun,依存名詞,助数詞,*,*,인마일,인마일,人마일,人mile,*,NNB
인분,0,0,0,Noun,依存名詞,助数詞,*,*,인분80,인분,人分,3~,B,NNB
인시,0,0,0,Noun,依存名詞,助数詞,*,*,인시02,인시,人時,*,*,NNB
인조,0,0,0,Noun,依存名詞,助数詞,*,*,인조80,인조,人組,*,*,NNB
인치,0,0,0,Noun,依存名詞,助数詞,*,*,인치03,인치,*,inch,*,NNB
인킬로,0,0,0,Noun,依存名詞,助数詞,*,*,인킬로,인킬로,人킬로,人kilo,*,NNB
일,0,0,0,Noun,依存名詞,助数詞,*,*,일07,일,日,하루,A,NNB
일렉트론볼트,0,0,0,Noun,依存名詞,助数詞,*,*,일렉트론볼트,일렉트론볼트,*,electron volt,*,NNB
입방,0,0,0,Noun,依存名詞,助数詞,*,*,입방01,입방,立方,*,*,NNB
입방미터,0,0,0,Noun,依存名詞,助数詞,*,*,입방미터,입방미터,立方미터,立方meter,*,NNB
입평,0,0,0,Noun,依存名詞,助数詞,*,*,입평,입평,立坪,*,*,NNB
자,0,0,0,Noun,依存名詞,助数詞,*,*,자03,자,*,*,*,NNB
자,0,0,0,Noun,依存名詞,助数詞,*,*,자15,자,字,*,*,NNB
자,0,0,0,Noun,依存名詞,*,*,*,자17,자,者,*,C,NNB
자오,0,0,0,Noun,依存名詞,助数詞,*,*,자오02,자오,*,Jiao[角],*,NNB
작,0,0,0,Noun,依存名詞,助数詞,*,*,작03,작,勺,*,*,NNB
장,0,0,0,Noun,依存名詞,助数詞,*,*,장21,장,張,종이 한 ~,A,NNB
장,0,0,0,Noun,依存名詞,助数詞,*,*,장03,장,*,*,*,NNB
장,0,0,0,Noun,依存名詞,助数詞,*,*,장08,장,丈,*,*,NNB
장,0,0,0,Noun,依存名詞,助数詞,*,*,장10,장,杖,*,*,NNB
장,0,0,0,Noun,依存名詞,助数詞,*,*,장29,장,場,*,*,NNB
장도막,0,0,0,Noun,依存名詞,助数詞,*,*,장도막,장도막,場도막,*,*,NNB
재,0,0,0,Noun,依存名詞,助数詞,*,*,재04,재,*,*,*,NNB
재,0,0,0,Noun,依存名詞,助数詞,*,*,재05,재,才,*,*,NNB
잰스키,0,0,0,Noun,依存名詞,助数詞,*,*,잰스키01,잰스키,*,jansky,*,NNB
적,0,0,0,Noun,依存名詞,*,*,*,적03,적,*,*,B,NNB
전,0,0,0,Noun,依存名詞,助数詞,*,*,전02,전,*,*,*,NNB
전,0,0,0,Noun,依存名詞,助数詞,*,*,전25,전,錢,*,*,NNB
전석,0,0,0,Noun,依存名詞,助数詞,*,*,전석01,전석,全石,*,*,NNB
전자볼트,0,0,0,Noun,依存名詞,助数詞,*,*,전자볼트,전자볼트,電子볼트,電子volt,*,NNB
점,0,0,0,Noun,依存名詞,助数詞,*,*,점10,점,點,*,B,NNB
점,0,0,0,Noun,依存名詞,助数詞,*,*,점08,점,苫,*,*,NNB
정,0,0,0,Noun,依存名詞,助数詞,*,*,정14,정,町,*,*,NNB
정,0,0,0,Noun,依存名詞,助数詞,*,*,정22,정,梃,*,*,NNB
정,0,0,0,Noun,依存名詞,助数詞,*,*,정33,정,錠,*,*,NNB
정보,0,0,0,Noun,依存名詞,助数詞,*,*,정보05,정보,町步,*,*,NNB
제,0,0,0,Noun,依存名詞,*,*,*,제25,제,*,"적에",*,NNB
제,0,0,0,Noun,依存名詞,助数詞,*,*,제13,제,劑,*,*,NNB
제곱미터,0,0,0,Noun,依存名詞,助数詞,*,*,제곱미터,제곱미터,*,제곱meter,*,NNB
제곱센티미터,0,0,0,Noun,依存名詞,助数詞,*,*,제곱센티미터,제곱센티미터,*,제곱centimeter,*,NNB
제곱킬로미터,0,0,0,Noun,依存名詞,助数詞,*,*,제곱킬로미터,제곱킬로미터,*,제곱kilometer,*,NNB
조,0,0,0,Noun,依存名詞,*,*,*,조12,조,條,*,C,NNB
조,0,0,0,Noun,依存名詞,助数詞,*,*,조12,조,條,*,C,NNB
조,0,0,0,Noun,依存名詞,助数詞,*,*,조15,조,組,*,C,NNB
조,0,0,0,Noun,依存名詞,*,*,*,조20,조,調,*,*,NNB
족족,0,0,0,Noun,依存名詞,*,*,*,족족01,족족,*,*,*,NNB
주,0,0,0,Noun,依存名詞,助数詞,*,*,주24,주,週,*,A,NNB
주,0,0,0,Noun,依存名詞,助数詞,*,*,주09,주,周,*,*,NNB
주,0,0,0,Noun,依存名詞,助数詞,*,*,주22,주,株,"느티나무 한 ~/그루",*,NNB
주간,0,0,0,Noun,依存名詞,助数詞,*,*,주간05,주간,週間,*,*,NNB
주기,0,0,0,Noun,依存名詞,助数詞,*,*,주기08,주기,周忌/週忌,25~,*,NNB
주년,0,0,0,Noun,依存名詞,助数詞,*,*,주년02,주년,周年,*,C,NNB
주세,0,0,0,Noun,依存名詞,助数詞,*,*,주세02,주세,周歲,*,*,NNB
주일,0,0,0,Noun,依存名詞,助数詞,*,*,주일03,주일,週日,*,C,NNB
줄,0,0,0,Noun,依存名詞,*,*,*,줄04,줄,*,방법,B,NNB
줄,0,0,0,Noun,依存名詞,*,*,*,줄01,줄,*,오십 ~의 아내,*,NNB
줄,0,0,0,Noun,依存名詞,助数詞,*,*,줄09,줄,*,joule,*,NNB
중,0,0,0,Noun,依存名詞,*,*,*,중04,중,中,*,B,NNB
중량톤,0,0,0,Noun,依存名詞,助数詞,*,*,중량톤,중량톤,重量톤,重量ton,*,NNB
즈워티,0,0,0,Noun,依存名詞,助数詞,*,*,즈워티,즈워티,*,Złoty,*,NNB
즈음,0,0,0,Noun,依存名詞,*,*,*,즈음,즈음,*,*,*,NNB
즘,0,0,0,Noun,依存名詞,*,*,*,즘01,즘,*,'즈음'의 준말,*,NNB
지,0,0,0,Noun,依存名詞,*,*,*,지02,지,*,만난 ~ 오래되다,B,NNB
지,0,0,0,Noun,依存名詞,名詞接続,*,*,지15,지,指,*,*,NNB
지,0,0,0,Noun,依存名詞,名詞接続,*,*,지16,지,指,*,*,NNB
지경,0,0,0,Noun,依存名詞,*,*,*,지경02,지경,地境,*,C,NNB
지멘스,0,0,0,Noun,依存名詞,助数詞,*,*,지멘스03,지멘스,*,siemens,*,NNB
질,0,0,0,Noun,依存名詞,助数詞,*,*,질06,질,帙,*,*,NNB
질,0,0,0,Noun,依存名詞,助数詞,*,*,질10,질,*,gill,*,NNB
집,0,0,0,Noun,依存名詞,助数詞,*,*,집03,집,輯,*,*,NNB
짝,0,0,0,Noun,依存名詞,名詞接続,*,*,짝02,짝,*,아무 ~에도,*,NNB
짝,0,0,0,Noun,依存名詞,助数詞,*,*,짝03,짝,*,"갈비 한 ~;짐 두 ~",*,NNB
쪽,0,0,0,Noun,依存名詞,助数詞,*,*,쪽03,쪽,*,부분,C,NNB
쪽,0,0,0,Noun,依存名詞,*,*,*,쪽05,쪽,*,방향,A,NNB
차,0,0,0,Noun,依存名詞,*,*,*,차03,차,次,*,C,NNB
착,0,0,0,Noun,依存名詞,助数詞,*,*,착06,착,着,*,*,NNB
참,0,0,0,Noun,依存名詞,*,*,*,참03,참,*,*,C,NNB
채,0,0,0,Noun,依存名詞,助数詞,*,*,채08,채,*,집 한 ~,C,NNB
채,0,0,0,Noun,依存名詞,*,*,*,채09,채,*,옷을 입은 ~로,C,NNB
척,0,0,0,Noun,依存名詞,*,*,*,척01,척,*,못 이기는 ~,C,NNB
척,0,0,0,Noun,依存名詞,助数詞,*,*,척06,척,尺,*,*,NNB
척,0,0,0,Noun,依存名詞,助数詞,*,*,척08,척,隻,*,C,NNB
천문단위,0,0,0,Noun,依存名詞,助数詞,*,*,천문단위,천문단위,天文單位,*,*,NNB
첩,0,0,0,Noun,依存名詞,助数詞,*,*,첩02,첩,*,*,*,NNB
첩,0,0,0,Noun,依存名詞,助数詞,*,*,첩05,첩,貼,*,*,NNB
체,0,0,0,Noun,依存名詞,*,*,*,체02,체,*,척,*,NNB
체르보네츠,0,0,0,Noun,依存名詞,助数詞,*,*,체르보네츠,체르보네츠,*,(러시아 어)chervonets,*,NNB
초,0,0,0,Noun,依存名詞,名詞接続,*,*,초03,초,初,학기 ~,B,NNB
초,0,0,0,Noun,依存名詞,助数詞,*,*,초07,초,秒,*,B,NNB
촉,0,0,0,Noun,依存名詞,助数詞,*,*,촉08,촉,燭,*,*,NNB
촉광,0,0,0,Noun,依存名詞,助数詞,*,*,촉광,촉광,燭光,*,*,NNB
촉력,0,0,0,Noun,依存名詞,助数詞,*,*,촉력,촉력,燭力,*,*,NNB
촌,0,0,0,Noun,依存名詞,助数詞,*,*,촌02,촌,寸,*,*,NNB
총,0,0,0,Noun,依存名詞,助数詞,*,*,총05,총,總,*,*,NNB
축,0,0,0,Noun,依存名詞,*,*,*,축01,축,*,*,*,NNB
축,0,0,0,Noun,依存名詞,助数詞,*,*,축02,축,*,*,*,NNB
축,0,0,0,Noun,依存名詞,助数詞,*,*,축11,축,軸,*,*,NNB
축머리,0,0,0,Noun,依存名詞,助数詞,*,*,축머리02,축머리,軸머리,*,*,NNB
측,0,0,0,Noun,依存名詞,*,*,*,측,측,側,*,*,NNB
층,0,0,0,Noun,依存名詞,助数詞,*,*,층02,층,層,표준 명사로만 등록,*,NNB
치,0,0,0,Noun,依存名詞,*,*,*,치03,치,*,사람,*,NNB
치,0,0,0,Noun,依存名詞,助数詞,*,*,치04,치,*,길이,*,NNB
칭,0,0,0,Noun,依存名詞,助数詞,*,*,칭02,칭,秤,*,*,NNB
카셀,0,0,0,Noun,依存名詞,助数詞,*,*,카셀01,카셀,*,carcel,*,NNB
카운트,0,0,0,Noun,依存名詞,助数詞,*,*,카운트02,카운트,*,count,*,NNB
카이저,0,0,0,Noun,依存名詞,助数詞,*,*,카이저04,카이저,*,Keiser,*,NNB
칸,0,0,0,Noun,依存名詞,助数詞,*,*,칸06,칸,*,kahn,*,NNB
칸델라,0,0,0,Noun,依存名詞,助数詞,*,*,칸델라,칸델라,*,candela,*,NNB
칼로리,0,0,0,Noun,依存名詞,助数詞,*,*,칼로리,칼로리,*,calorie,*,NNB
캐럿,0,0,0,Noun,依存名詞,助数詞,*,*,캐럿,캐럿,*,carat,*,NNB
케이,0,0,0,Noun,依存名詞,助数詞,*,*,케이02,케이,*,K/k,*,NNB
켈빈,0,0,0,Noun,依存名詞,助数詞,*,*,켈빈01,켈빈,*,kelvin,*,NNB
켠,0,0,0,Noun,依存名詞,*,*,*,켠02,켠,*,편,*,NNB
켤레,0,0,0,Noun,依存名詞,助数詞,*,*,켤레02,켤레,*,*,*,NNB
코드,0,0,0,Noun,依存名詞,助数詞,*,*,코드04,코드,*,cord,*,NNB
코루나,0,0,0,Noun,依存名詞,助数詞,*,*,코루나,코루나,*,Koruna,*,NNB
쿨롬,0,0,0,Noun,依存名詞,助数詞,*,*,쿨롬,쿨롬,*,coulomb,*,NNB
쿼터,0,0,0,Noun,依存名詞,助数詞,*,*,쿼터01,쿼터,*,quarter,*,NNB
쿼트,0,0,0,Noun,依存名詞,助数詞,*,*,쿼트,쿼트,*,quart,*,NNB
퀴리,0,0,0,Noun,依存名詞,助数詞,*,*,퀴리01,퀴리,*,(프랑스 어)curie,*,NNB
퀸틀,0,0,0,Noun,依存名詞,助数詞,*,*,퀸틀,퀸틀,*,quintal,*,NNB
큐,0,0,0,Noun,依存名詞,助数詞,*,*,큐04,큐,*,Q/q,*,NNB
큐빗,0,0,0,Noun,依存名詞,助数詞,*,*,큐빗,큐빗,*,cubit,*,NNB
큐섹,0,0,0,Noun,依存名詞,助数詞,*,*,큐섹,큐섹,*,cusec,*,NNB
크로나,0,0,0,Noun,依存名詞,助数詞,*,*,크로나01,크로나,*,(스웨덴 어)krona,*,NNB
크로나,0,0,0,Noun,依存名詞,助数詞,*,*,크로나02,크로나,*,kr&oacute;na,*,NNB
크로네,0,0,0,Noun,依存名詞,助数詞,*,*,크로네,크로네,*,krone,*,NNB
크로커다일,0,0,0,Noun,依存名詞,助数詞,*,*,크로커다일02,크로커다일,*,crocodile,*,NNB
크루제이루,0,0,0,Noun,依存名詞,助数詞,*,*,크루제이루,크루제이루,*,cruzeiro,*,NNB
킬로,0,0,0,Noun,依存名詞,助数詞,*,*,킬로,킬로,*,kilo,B,NNB
킬로그램,0,0,0,Noun,依存名詞,助数詞,*,*,킬로그램,킬로그램,*,kilogram,B,NNB
킬로그램미터,0,0,0,Noun,依存名詞,助数詞,*,*,킬로그램미터,킬로그램미터,*,kilogrammeter,*,NNB
킬로그램중,0,0,0,Noun,依存名詞,助数詞,*,*,킬로그램중,킬로그램중,킬로그램重,kilogram重,*,NNB
킬로그램칼로리,0,0,0,Noun,依存名詞,助数詞,*,*,킬로그램칼로리,킬로그램칼로리,*,kilogramcalorie,*,NNB
킬로리터,0,0,0,Noun,依存名詞,助数詞,*,*,킬로리터,킬로리터,*,kiloliter,*,NNB
킬로메가사이클,0,0,0,Noun,依存名詞,助数詞,*,*,킬로메가사이클,킬로메가사이클,*,kilomegacycle,*,NNB
킬로미터,0,0,0,Noun,依存名詞,助数詞,*,*,킬로미터,킬로미터,*,kilometer,B,NNB
킬로바이트,0,0,0,Noun,依存名詞,助数詞,*,*,킬로바이트,킬로바이트,*,kilobyte,*,NNB
킬로볼트,0,0,0,Noun,依存名詞,助数詞,*,*,킬로볼트,킬로볼트,*,kilovolt,*,NNB
킬로볼트암페어,0,0,0,Noun,依存名詞,助数詞,*,*,킬로볼트암페어,킬로볼트암페어,*,kilovolt-ampere,*,NNB
킬로비트,0,0,0,Noun,依存名詞,助数詞,*,*,킬로비트,킬로비트,*,kilobit,*,NNB
킬로사이클,0,0,0,Noun,依存名詞,助数詞,*,*,킬로사이클,킬로사이클,*,kilocycle,*,NNB
킬로스터,0,0,0,Noun,依存名詞,助数詞,*,*,킬로스터,킬로스터,*,kiloster,*,NNB
킬로암페어,0,0,0,Noun,依存名詞,助数詞,*,*,킬로암페어,킬로암페어,*,kiloampere,*,NNB
킬로암페어시,0,0,0,Noun,依存名詞,助数詞,*,*,킬로암페어시,킬로암페어시,킬로암페어時,kiloampere時,*,NNB
킬로옴,0,0,0,Noun,依存名詞,助数詞,*,*,킬로옴,킬로옴,*,kilohm,*,NNB
킬로와트,0,0,0,Noun,依存名詞,助数詞,*,*,킬로와트,킬로와트,*,kilowatt,*,NNB
킬로와트시,0,0,0,Noun,依存名詞,助数詞,*,*,킬로와트시,킬로와트시,킬로와트時,kilowatt時,*,NNB
킬로전자볼트,0,0,0,Noun,依存名詞,助数詞,*,*,킬로전자볼트,킬로전자볼트,킬로電子볼트,kilo電子volt,*,NNB
킬로줄,0,0,0,Noun,依存名詞,助数詞,*,*,킬로줄,킬로줄,*,kilojoule,*,NNB
킬로칼로리,0,0,0,Noun,依存名詞,助数詞,*,*,킬로칼로리,킬로칼로리,*,kilocalorie,*,NNB
킬로퀴리,0,0,0,Noun,依存名詞,助数詞,*,*,킬로퀴리,킬로퀴리,*,kilocurie,*,NNB
킬로톤,0,0,0,Noun,依存名詞,助数詞,*,*,킬로톤,킬로톤,*,kiloton,*,NNB
킬로파섹,0,0,0,Noun,依存名詞,助数詞,*,*,킬로파섹,킬로파섹,*,kiloparsec,*,NNB
킬로헤르츠,0,0,0,Noun,依存名詞,助数詞,*,*,킬로헤르츠,킬로헤르츠,*,kilohertz,*,NNB
타,0,0,0,Noun,依存名詞,助数詞,*,*,타03,타,打,*,*,NNB
타,0,0,0,Noun,依存名詞,助数詞,*,*,타04,타,朶,*,*,NNB
탈러,0,0,0,Noun,依存名詞,助数詞,*,*,탈러,탈러,*,(독일어)Taler,*,NNB
탓,0,0,0,Noun,依存名詞,*,*,*,탓,탓,*,표준 명사로만 등록,*,NNB
터,0,0,0,Noun,依存名詞,*,*,*,터02,터,*,*,B,NNB
테,0,0,0,Noun,依存名詞,*,*,*,터02,테,*,指定詞融合,B,NNB
턱,0,0,0,Noun,依存名詞,*,*,*,턱04,턱,*,*,C,NNB
테라바이트,0,0,0,Noun,依存名詞,助数詞,*,*,테라바이트,테라바이트,*,terabyte,*,NNB
테슬라,0,0,0,Noun,依存名詞,助数詞,*,*,테슬라01,테슬라,*,tesla,*,NNB
테일,0,0,0,Noun,依存名詞,助数詞,*,*,테일,테일,*,tael,*,NNB
텍스,0,0,0,Noun,依存名詞,助数詞,*,*,텍스,텍스,*,←texture,*,NNB
토르,0,0,0,Noun,依存名詞,助数詞,*,*,토르02,토르,*,torr,*,NNB
토리첼리,0,0,0,Noun,依存名詞,助数詞,*,*,토리첼리02,토리첼리,*,Torricelli,*,NNB
톤,0,0,0,Noun,依存名詞,助数詞,*,*,톤01,톤,*,ton,B,NNB
톤킬로,0,0,0,Noun,依存名詞,助数詞,*,*,톤킬로,톤킬로,*,ton-kilo,*,NNB
톤킬로미터,0,0,0,Noun,依存名詞,助数詞,*,*,톤킬로미터,톤킬로미터,*,ton-kilometer,*,NNB
톨,0,0,0,Noun,依存名詞,助数詞,*,*,톨,톨,*,*,*,NNB
통,0,0,0,Noun,依存名詞,*,*,*,통06,통,*,*,*,NNB
통,0,0,0,Noun,依存名詞,助数詞,*,*,통12,통,通,*,B,NNB
투,0,0,0,Noun,依存名詞,名詞接続,*,*,투,투,套,*,*,NNB
트로이온스,0,0,0,Noun,依存名詞,助数詞,*,*,트로이온스,트로이온스,*,troy ounce,*,NNB
트로이파운드,0,0,0,Noun,依存名詞,助数詞,*,*,트로이파운드,트로이파운드,*,troy pound,*,NNB
티오이,0,0,0,Noun,依存名詞,助数詞,*,*,티오이,티오이,*,TOE,*,NNB
파,0,0,0,Noun,依存名詞,助数詞,*,*,파02,파,把,*,*,NNB
파딩,0,0,0,Noun,依存名詞,助数詞,*,*,파딩,파딩,*,farthing,*,NNB
파섹,0,0,0,Noun,依存名詞,助数詞,*,*,파섹,파섹,*,parsec,*,NNB
파스칼,0,0,0,Noun,依存名詞,助数詞,*,*,파스칼01,파스칼,*,pascal,*,NNB
파운달,0,0,0,Noun,依存名詞,助数詞,*,*,파운달,파운달,*,poundal,*,NNB
파운드,0,0,0,Noun,依存名詞,助数詞,*,*,파운드01,파운드,*,pound,*,NNB
파인트,0,0,0,Noun,依存名詞,助数詞,*,*,파인트,파인트,*,pint,*,NNB
판,0,0,0,Noun,依存名詞,*,*,*,판01,판,*,*,C,NNB
패,0,0,0,Noun,依存名詞,助数詞,*,*,패01,패,敗,*,*,NNB
패덤,0,0,0,Noun,依存名詞,助数詞,*,*,패덤,패덤,*,fathom,*,NNB
패럿,0,0,0,Noun,依存名詞,助数詞,*,*,패럿,패럿,*,farad,*,NNB
퍼밀,0,0,0,Noun,依存名詞,助数詞,*,*,퍼밀,퍼밀,*,permill,*,NNB
퍼센트,0,0,0,Noun,依存名詞,助数詞,*,*,퍼센트,퍼센트,*,percent,A,NNB
펀,0,0,0,Noun,依存名詞,助数詞,*,*,펀03,펀,*,(중국어)fen[分],*,NNB
펄롱,0,0,0,Noun,依存名詞,助数詞,*,*,펄롱,펄롱,*,furlong,*,NNB
페니,0,0,0,Noun,依存名詞,助数詞,*,*,페니,페니,*,penny,*,NNB
페니웨이트,0,0,0,Noun,依存名詞,助数詞,*,*,페니웨이트,페니웨이트,*,pennyweight,*,NNB
페니히,0,0,0,Noun,依存名詞,助数詞,*,*,페니히,페니히,*,(독일어)Pfennig,*,NNB
페르미,0,0,0,Noun,依存名詞,助数詞,*,*,페르미01,페르미,*,fermi,*,NNB
페세타,0,0,0,Noun,依存名詞,助数詞,*,*,페세타,페세타,*,&에peseta,*,NNB
페소,0,0,0,Noun,依存名詞,助数詞,*,*,페소,페소,*,(에스파냐 어)peso,*,NNB
펜스,0,0,0,Noun,依存名詞,助数詞,*,*,펜스02,펜스,*,pence,*,NNB
편,0,0,0,Noun,依存名詞,*,*,*,편04,편,便,바람이 부는 ~,C,NNB
편,0,0,0,Noun,依存名詞,名詞接続,*,*,편05,편,便,기차 ~,C,NNB
편,0,0,0,Noun,依存名詞,*,*,*,편06,편,便/偏,편짝,*,NNB
편,0,0,0,Noun,依存名詞,*,*,*,편09,편,篇,*,B,NNB
편거리,0,0,0,Noun,依存名詞,助数詞,*,*,편거리,편거리,片거리,*,*,NNB
편짝,0,0,0,Noun,依存名詞,*,*,*,편짝,편짝,便짝,*,*,NNB
평,0,0,0,Noun,依存名詞,助数詞,*,*,평02,평,坪,*,C,NNB
평방미터,0,0,0,Noun,依存名詞,助数詞,*,*,평방미터,평방미터,平方미터,平方meter,*,NNB
평석,0,0,0,Noun,依存名詞,助数詞,*,*,평석01,평석,平石,*,*,NNB
포,0,0,0,Noun,依存名詞,助数詞,*,*,포18,포,*,←point,*,NNB
포기,0,0,0,Noun,依存名詞,助数詞,*,*,포기01,포기,*,*,*,NNB
포린트,0,0,0,Noun,依存名詞,助数詞,*,*,포린트,포린트,*,forint,*,NNB
포인트,0,0,0,Noun,依存名詞,助数詞,*,*,포인트,포인트,*,point. 20 ~,*,NNB
포트,0,0,0,Noun,依存名詞,助数詞,*,*,포트01,포트,*,phot,*,NNB
폭,0,0,0,Noun,依存名詞,*,*,*,폭01,폭,*,*,*,NNB
폰,0,0,0,Noun,依存名詞,助数詞,*,*,폰,폰,*,phon,*,NNB
푸드,0,0,0,Noun,依存名詞,助数詞,*,*,푸드,푸드,*,pud,*,NNB
푸아즈,0,0,0,Noun,依存名詞,助数詞,*,*,푸아즈,푸아즈,*,(프랑스 어)poise,*,NNB
푼,0,0,0,Noun,依存名詞,助数詞,*,*,푼01,푼,*,*,*,NNB
푼쭝,0,0,0,Noun,依存名詞,助数詞,*,*,푼쭝,푼쭝,푼重▼,*,*,NNB
푼트,0,0,0,Noun,依存名詞,助数詞,*,*,푼트,푼트,*,(러시아 어)funt,*,NNB
품,0,0,0,Noun,依存名詞,*,*,*,품03,품,*,~이 어른 같다,*,NNB
품,0,0,0,Noun,依存名詞,助数詞,*,*,품06,품,品,*,*,NNB
풋파운드,0,0,0,Noun,依存名詞,助数詞,*,*,풋파운드,풋파운드,*,foot-pound,*,NNB
프랑,0,0,0,Noun,依存名詞,助数詞,*,*,프랑,프랑,*,&프franc,*,NNB
프레임,0,0,0,Noun,依存名詞,助数詞,*,*,프레임,프레임,*,frame,*,NNB
프로,0,0,0,Noun,依存名詞,助数詞,*,*,프로01,프로,*,&네procent,*,NNB
프로밀,0,0,0,Noun,依存名詞,助数詞,*,*,프로밀,프로밀,*,(포르투갈 어)promile,*,NNB
프루프,0,0,0,Noun,依存名詞,助数詞,*,*,프루프,프루프,*,proof,*,NNB
프사이,0,0,0,Noun,依存名詞,助数詞,*,*,프사이,프사이,*,psi,*,NNB
프사이그,0,0,0,Noun,依存名詞,助数詞,*,*,프사이그,프사이그,*,psig,*,NNB
플로린,0,0,0,Noun,依存名詞,助数詞,*,*,플로린,플로린,*,(네덜란드 어)florin,*,NNB
피리어드,0,0,0,Noun,依存名詞,助数詞,*,*,피리어드,피리어드,*,period,*,NNB
피에스,0,0,0,Noun,依存名詞,助数詞,*,*,피에스02,피에스,*,PS,*,NNB
피컬,0,0,0,Noun,依存名詞,助数詞,*,*,피컬,피컬,*,picul,*,NNB
피코세컨드,0,0,0,Noun,依存名詞,助数詞,*,*,피코세컨드,피코세컨드,*,picosecond,*,NNB
피코패럿,0,0,0,Noun,依存名詞,助数詞,*,*,피코패럿,피코패럿,*,picofarad,*,NNB
피트,0,0,0,Noun,依存名詞,助数詞,*,*,피트01,피트,*,feet,*,NNB
피피비,0,0,0,Noun,依存名詞,助数詞,*,*,피피비,피피비,*,ppb,*,NNB
피피에이치엠,0,0,0,Noun,依存名詞,助数詞,*,*,피피에이치엠,피피에이치엠,*,pphm,*,NNB
피피엠,0,0,0,Noun,依存名詞,助数詞,*,*,피피엠,피피엠,*,ppm,*,NNB
피피엠,0,0,0,Noun,依存名詞,助数詞,*,*,피피엠01,피피엠,*,ppm,*,NNB
필,0,0,0,Noun,依存名詞,助数詞,*,*,필02,필,疋,*,*,NNB
필,0,0,0,Noun,依存名詞,助数詞,*,*,필03,필,匹,*,*,NNB
필,0,0,0,Noun,依存名詞,助数詞,*,*,필07,필,筆,*,*,NNB
필지,0,0,0,Noun,依存名詞,助数詞,*,*,필지03,필지,筆地,*,*,NNB
하,0,0,0,Noun,依存名詞,助数詞,*,*,하07,하,夏,*,*,NNB
할,0,0,0,Noun,依存名詞,助数詞,*,*,할02,할,割,*,*,NNB
항공마일,0,0,0,Noun,依存名詞,助数詞,*,*,항공마일,항공마일,航空마일,航空mile,*,NNB
해,0,0,0,Noun,依存名詞,助数詞,*,*,해01,해,*,*,A,NNB
해리,0,0,0,Noun,依存名詞,助数詞,*,*,해리01,해리,海里,*,*,NNB
헤르츠,0,0,0,Noun,依存名詞,助数詞,*,*,헤르츠03,헤르츠,*,Hertz,*,NNB
헤프너촉,0,0,0,Noun,依存名詞,助数詞,*,*,헤프너촉,헤프너촉,헤프너燭,Hefner燭,*,NNB
헥타르,0,0,0,Noun,依存名詞,助数詞,*,*,헥타르,헥타르,*,hectare,*,NNB
헥토그램,0,0,0,Noun,依存名詞,助数詞,*,*,헥토그램,헥토그램,*,hectogram,*,NNB
헥토리터,0,0,0,Noun,依存名詞,助数詞,*,*,헥토리터,헥토리터,*,hectoliter,*,NNB
헥토미터,0,0,0,Noun,依存名詞,助数詞,*,*,헥토미터,헥토미터,*,hectometer,*,NNB
헥토파스칼,0,0,0,Noun,依存名詞,助数詞,*,*,헥토파스칼,헥토파스칼,*,hectopascal,*,NNB
헨리,0,0,0,Noun,依存名詞,助数詞,*,*,헨리01,헨리,*,henry,*,NNB
호,0,0,0,Noun,依存名詞,助数詞,*,*,호04,호,戶,*,*,NNB
호,0,0,0,Noun,依存名詞,助数詞,*,*,호09,호,毫,*,*,NNB
호,0,0,0,Noun,依存名詞,助数詞,*,*,호14,호,號,*,A,NNB
호선,0,0,0,Noun,依存名詞,助数詞,*,*,호선80,호선,號線,*,B,NNB
홉,0,0,0,Noun,依存名詞,助数詞,*,*,홉01,홉,*,*,*,NNB
환,0,0,0,Noun,依存名詞,助数詞,*,*,환10,환,圜,*,*,NNB
회,0,0,0,Noun,依存名詞,助数詞,*,*,회08,회,回,*,C,NNB
회전,0,0,0,Noun,依存名詞,助数詞,*,*,회전03,회전,回戰,*,*,NNB
센치,0,0,0,Noun,依存名詞,助数詞,*,*,센치,센치,*,"←centimeter, → 센티.",*,NNB
평방킬로미터,0,0,0,Noun,依存名詞,助数詞,*,*,평방킬로미터,평방킬로미터,平方킬로미터,平方kilometer,*,NNB
차전,0,0,0,Noun,依存名詞,助数詞,*,*,차전80,차전,次戰,*,*,NNB
포인트,0,0,0,Noun,依存名詞,助数詞,*,*,포인트80,포인트,*,"퍼센트 포인트",*,NNB
개관,0,0,0,Noun,依存名詞,助数詞,*,*,개관80,개관,個館,*,*,NNB
