가게,0,0,0,Noun,普通,*,*,*,가게,가게,*,*,A,NNG
가방,0,0,0,Noun,普通,*,*,*,가방01,가방,*,*,A,NNG
가수,0,0,0,Noun,普通,*,*,*,가수11,가수,歌手,*,A,NNG
가슴,0,0,0,Noun,普通,*,*,*,가슴01,가슴,*,*,A,NNG
가운데,0,0,0,Noun,普通,*,*,*,가운데,가운데,*,*,A,NNG
가을,0,0,0,Noun,普通,*,*,*,가을01,가을,*,*,A,NNG
가족,0,0,0,Noun,普通,*,*,*,가족01,가족,家族,*,A,NNG
간호사,0,0,0,Noun,普通,*,*,*,간호사,간호사,看護師,*,A,NNG
갈비,0,0,0,Noun,普通,*,*,*,갈비01,갈비,*,*,A,NNG
감기,0,0,0,Noun,普通,*,*,*,감기04,감기,感氣,*,A,NNG
감사,0,0,0,Noun,普通,*,*,*,감사08,감사,感謝,*,A,NNG
값,0,0,0,Noun,普通,動作,*,*,값,값,*,*,A,NNG
강,0,0,0,Noun,普通,*,*,*,강01,강,江,*,A,NNG
개,0,0,0,Noun,普通,*,*,*,개03,개,*,동물,A,NNG
거리,0,0,0,Noun,普通,*,*,*,거리01,거리,*,*,A,NNG
거울,0,0,0,Noun,普通,*,*,*,거울01,거울,*,*,A,NNG
걱정,0,0,0,Noun,普通,動作,*,*,걱정,걱정,*,*,A,NNG
건강,0,0,0,Noun,普通,状態,*,*,건강03,건강,健康,*,A,NNG
건물,0,0,0,Noun,普通,*,*,*,건물03,건물,建物,*,A,NNG
검은색,0,0,0,Noun,普通,*,*,*,검은색,검은색,검은色,*,A,NNG
게임,0,0,0,Noun,普通,動作,*,*,게임,게임,*,game,A,NNG
겨울,0,0,0,Noun,普通,*,*,*,겨울,겨울,*,*,A,NNG
결혼,0,0,0,Noun,普通,動作,*,*,결혼,결혼,結婚,*,A,NNG
결혼식,0,0,0,Noun,普通,*,*,*,결혼식,결혼식,結婚式,*,A,NNG
경찰,0,0,0,Noun,普通,*,*,*,경찰04,경찰,警察,*,A,NNG
경찰관,0,0,0,Noun,普通,*,*,*,경찰관,경찰관,警察官,*,A,NNG
경찰서,0,0,0,Noun,普通,*,*,*,경찰서,경찰서,警察署,*,A,NNG
경치,0,0,0,Noun,普通,*,*,*,경치02,경치,景致,*,A,NNG
계란,0,0,0,Noun,普通,*,*,*,계란,계란,鷄卵,*,A,NNG
계속,0,0,0,Noun,普通,動作,*,*,계속04,계속,繼續,*,A,NNG
계절,0,0,0,Noun,普通,*,*,*,계절01,계절,季節,*,A,NNG
계획,0,0,0,Noun,普通,動作,*,*,계획01,계획,計劃,*,A,NNG
고기,0,0,0,Noun,普通,*,*,*,고기01,고기,*,*,A,NNG
고등학교,0,0,0,Noun,普通,*,*,*,고등학교,고등학교,高等學校,*,A,NNG
고등학생,0,0,0,Noun,普通,*,*,*,고등학생,고등학생,高等學生,*,A,NNG
고양이,0,0,0,Noun,普通,*,*,*,고양이,고양이,*,*,A,NNG
고향,0,0,0,Noun,普通,*,*,*,고향02,고향,故鄕,*,A,NNG
공,0,0,0,Noun,普通,*,*,*,공01,공,*,*,A,NNG
공부,0,0,0,Noun,普通,動作,*,*,공부01,공부,工夫,*,A,NNG
공원,0,0,0,Noun,普通,*,*,*,공원03,공원,公園,*,A,NNG
공중전화,0,0,0,Noun,普通,*,*,*,공중전화,공중전화,公衆電話,*,A,NNG
공책,0,0,0,Noun,普通,*,*,*,공책01,공책,空冊,*,A,NNG
공항,0,0,0,Noun,普通,*,*,*,공항02,공항,空港,*,A,NNG
공휴일,0,0,0,Noun,普通,*,*,*,공휴일,공휴일,公休日,*,A,NNG
과,0,0,0,Noun,普通,*,*,*,과10,과,課,*,A,NNG
과일,0,0,0,Noun,普通,*,*,*,과일01,과일,*,*,A,NNG
과자,0,0,0,Noun,普通,*,*,*,과자02,과자,菓子,*,A,NNG
교과서,0,0,0,Noun,普通,*,*,*,교과서,교과서,敎科書,*,A,NNG
교수,0,0,0,Noun,普通,*,*,*,교수06,교수,敎授,*,A,NNG
교실,0,0,0,Noun,普通,*,*,*,교실,교실,敎室,*,A,NNG
교통,0,0,0,Noun,普通,動作,*,*,교통01,교통,交通,*,A,NNG
교회,0,0,0,Noun,普通,*,*,*,교회02,교회,敎會,*,A,NNG
구경,0,0,0,Noun,普通,動作,*,*,구경01,구경,*,*,A,NNG
구두,0,0,0,Noun,普通,*,*,*,구두01,구두,*,*,A,NNG
구름,0,0,0,Noun,普通,*,*,*,구름01,구름,*,*,A,NNG
구월,0,0,0,Noun,普通,*,*,*,구월02,구월,九月,*,A,NNG
군인,0,0,0,Noun,普通,*,*,*,군인,군인,軍人,*,A,NNG
귀,0,0,0,Noun,普通,*,*,*,귀01,귀,*,*,A,NNG
그날,0,0,0,Noun,普通,*,*,*,그날,그날,*,*,A,NNG
그동안,0,0,0,Noun,普通,*,*,*,그동안,그동안,*,*,A,NNG
그때,0,0,0,Noun,普通,*,*,*,그때,그때,*,*,A,NNG
그릇,0,0,0,Noun,普通,*,*,*,그릇01,그릇,*,*,A,NNG
그림,0,0,0,Noun,普通,*,*,*,그림01,그림,*,*,A,NNG
극장,0,0,0,Noun,普通,*,*,*,극장,극장,劇場,*,A,NNG
근처,0,0,0,Noun,普通,*,*,*,근처,근처,近處,*,A,NNG
금요일,0,0,0,Noun,普通,*,*,*,금요일,금요일,金曜日,*,A,NNG
급,0,0,0,Noun,普通,*,*,*,급04,급,級,*,A,NNG
기분,0,0,0,Noun,普通,*,*,*,기분01,기분,氣分,*,A,NNG
기숙사,0,0,0,Noun,普通,*,*,*,기숙사,기숙사,寄宿舍,*,A,NNG
기차,0,0,0,Noun,普通,*,*,*,기차01,기차,汽車,*,A,NNG
길,0,0,0,Noun,普通,*,*,*,길01,길,*,도로,A,NNG
김밥,0,0,0,Noun,普通,*,*,*,김밥,김밥,*,*,A,NNG
김치,0,0,0,Noun,普通,*,*,*,김치01,김치,*,*,A,NNG
꽃,0,0,0,Noun,普通,*,*,*,꽃01,꽃,*,*,A,NNG
꿈,0,0,0,Noun,普通,*,*,*,꿈01,꿈,*,*,A,NNG
끝,0,0,0,Noun,普通,*,*,*,끝01,끝,*,*,A,NNG
나라,0,0,0,Noun,普通,*,*,*,나라01,나라,*,*,A,NNG
나무,0,0,0,Noun,普通,*,*,*,나무01,나무,*,*,A,NNG
나이,0,0,0,Noun,普通,*,*,*,나이01,나이,*,*,A,NNG
나중,0,0,0,Noun,普通,*,*,*,나중01,나중,*,*,A,NNG
날,0,0,0,Noun,普通,*,*,*,날01,날,*,*,A,NNG
날씨,0,0,0,Noun,普通,*,*,*,날씨01,날씨,*,*,A,NNG
날짜,0,0,0,Noun,普通,*,*,*,날짜01,날짜,*,*,A,NNG
남녀,0,0,0,Noun,普通,*,*,*,남녀,남녀,男女,*,A,NNG
남동생,0,0,0,Noun,普通,*,*,*,남동생,남동생,男동생,*,A,NNG
남자,0,0,0,Noun,普通,*,*,*,남자02,남자,男子,*,A,NNG
남쪽,0,0,0,Noun,普通,*,*,*,남쪽,남쪽,南쪽,*,A,NNG
남편,0,0,0,Noun,普通,*,*,*,남편01,남편,男便,*,A,NNG
남학생,0,0,0,Noun,普通,*,*,*,남학생,남학생,男學生,*,A,NNG
낮,0,0,0,Noun,普通,*,*,*,낮,낮,*,*,A,NNG
내년,0,0,0,Noun,普通,*,*,*,내년,내년,來年,*,A,NNG
내일,0,0,0,Noun,普通,*,*,*,내일,내일,來日,*,A,NNG
냉면,0,0,0,Noun,普通,*,*,*,냉면,냉면,冷麵,*,A,NNG
냉장고,0,0,0,Noun,普通,*,*,*,냉장고,냉장고,冷藏庫,*,A,NNG
넥타이,0,0,0,Noun,普通,*,*,*,넥타이,넥타이,*,*,A,NNG
넷째,0,0,0,Noun,普通,*,*,*,넷째,넷째,*,*,A,NNG
노란색,0,0,0,Noun,普通,*,*,*,노란색,노란색,노란色,*,A,NNG
노래,0,0,0,Noun,普通,動作,*,*,노래01,노래,*,*,A,NNG
노트,0,0,0,Noun,普通,*,*,*,노트02,노트,*,*,A,NNG
누나,0,0,0,Noun,普通,*,*,*,누나01,누나,*,*,A,NNG
눈,0,0,0,Noun,普通,*,*,*,눈01,눈,*,신체의 일부,A,NNG
눈,0,0,0,Noun,普通,*,*,*,눈04,눈,*,*,A,NNG
눈물,0,0,0,Noun,普通,*,*,*,눈물01,눈물,*,*,A,NNG
뉴스,0,0,0,Noun,普通,*,*,*,뉴스,뉴스,*,*,A,NNG
다,0,0,0,Noun,普通,*,*,*,다03,다,*,*,A,NNG
다리,0,0,0,Noun,普通,*,*,*,다리01,다리,*,신체의 일부,A,NNG
다리,0,0,0,Noun,普通,*,*,*,다리02,다리,*,교량,A,NNG
다섯째,0,0,0,Noun,普通,*,*,*,다섯째,다섯째,*,*,A,NNG
다음,0,0,0,Noun,普通,*,*,*,다음01,다음,*,*,A,NNG
단어,0,0,0,Noun,普通,*,*,*,단어,단어,單語,*,A,NNG
달,0,0,0,Noun,普通,*,*,*,달05,달,*,*,A,NNG
달러,0,0,0,Noun,普通,*,*,*,달러,달러,*,dollar,A,NNG
달력,0,0,0,Noun,普通,*,*,*,달력,달력,달曆,*,A,NNG
닭,0,0,0,Noun,普通,*,*,*,닭,닭,*,*,A,NNG
닭고기,0,0,0,Noun,普通,*,*,*,닭고기,닭고기,*,*,A,NNG
담배,0,0,0,Noun,普通,*,*,*,담배,담배,*,*,A,NNG
대답,0,0,0,Noun,普通,動作,*,*,대답,대답,對答,*,A,NNG
대사관,0,0,0,Noun,普通,*,*,*,대사관,대사관,大使館,*,A,NNG
대학,0,0,0,Noun,普通,*,*,*,대학01,대학,大學,*,A,NNG
대학교,0,0,0,Noun,普通,*,*,*,대학교,대학교,大學校,*,A,NNG
대학생,0,0,0,Noun,普通,*,*,*,대학생,대학생,大學生,*,A,NNG
대화,0,0,0,Noun,普通,*,*,*,대화06,대화,對話,*,A,NNG
댁,0,0,0,Noun,普通,*,*,*,댁01,댁,宅,*,A,NNG
도서관,0,0,0,Noun,普通,*,*,*,도서관,도서관,圖書館,*,A,NNG
도시,0,0,0,Noun,普通,*,*,*,도시03,도시,都市,*,A,NNG
도착,0,0,0,Noun,普通,動作,*,*,도착01,도착,到着,*,A,NNG
돈,0,0,0,Noun,普通,*,*,*,돈01,돈,*,*,A,NNG
동물,0,0,0,Noun,普通,*,*,*,동물,동물,動物,*,A,NNG
동생,0,0,0,Noun,普通,*,*,*,동생01,동생,*,*,A,NNG
동안,0,0,0,Noun,普通,*,*,*,동안01,동안,*,시간의 길이,A,NNG
동쪽,0,0,0,Noun,普通,*,*,*,동쪽,동쪽,東쪽,*,A,NNG
돼지,0,0,0,Noun,普通,*,*,*,돼지,돼지,*,*,A,NNG
돼지고기,0,0,0,Noun,普通,*,*,*,돼지고기,돼지고기,*,*,A,NNG
둘째,0,0,0,Noun,普通,*,*,*,둘째,둘째,*,*,A,NNG
뒤,0,0,0,Noun,普通,*,*,*,뒤01,뒤,*,*,A,NNG
등산,0,0,0,Noun,普通,動作,*,*,등산,등산,登山,*,A,NNG
딸,0,0,0,Noun,普通,*,*,*,딸01,딸,*,*,A,NNG
딸기,0,0,0,Noun,普通,*,*,*,딸기,딸기,*,*,A,NNG
때,0,0,0,Noun,普通,*,*,*,때01,때,*,시간,A,NNG
떡,0,0,0,Noun,普通,*,*,*,떡01,떡,*,*,A,NNG
라디오,0,0,0,Noun,普通,*,*,*,라디오,라디오,*,*,A,NNG
라면,0,0,0,Noun,普通,*,*,*,라면01,라면,*,*,A,NNG
마음,0,0,0,Noun,普通,*,*,*,마음01,마음,*,*,A,NNG
마지막,0,0,0,Noun,普通,*,*,*,마지막,마지막,*,*,A,NNG
말,0,0,0,Noun,普通,動作,*,*,말01,말,*,*,A,NNG
말씀,0,0,0,Noun,普通,動作,*,*,말씀,말씀,*,*,A,NNG
맛,0,0,0,Noun,普通,*,*,*,맛01,맛,*,*,A,NNG
매일,0,0,0,Noun,普通,*,*,*,매일,매일,每日,*,A,NNG
맥주,0,0,0,Noun,普通,*,*,*,맥주,맥주,麥酒,*,A,NNG
머리,0,0,0,Noun,普通,*,*,*,머리01,머리,*,*,A,NNG
먼저,0,0,0,Noun,普通,*,*,*,먼저,먼저,*,*,A,NNG
메뉴,0,0,0,Noun,普通,*,*,*,메뉴,메뉴,*,*,A,NNG
며칠,0,0,0,Noun,普通,*,*,*,며칠,며칠,*,*,A,NNG
모두,0,0,0,Noun,普通,*,*,*,모두01,모두,*,*,A,NNG
모자,0,0,0,Noun,普通,*,*,*,모자08,모자,帽子,*,A,NNG
목,0,0,0,Noun,普通,*,*,*,목01,목,*,*,A,NNG
목요일,0,0,0,Noun,普通,*,*,*,목요일,목요일,木曜日,*,A,NNG
목욕,0,0,0,Noun,普通,動作,*,*,목욕,목욕,沐浴,*,A,NNG
몸,0,0,0,Noun,普通,*,*,*,몸01,몸,*,*,A,NNG
문,0,0,0,Noun,普通,*,*,*,문05,문,門,*,A,NNG
문제,0,0,0,Noun,普通,*,*,*,문제06,문제,問題,*,A,NNG
물,0,0,0,Noun,普通,*,*,*,물01,물,*,*,A,NNG
물건,0,0,0,Noun,普通,*,*,*,물건,물건,物件,*,A,NNG
밑,0,0,0,Noun,普通,*,*,*,밑01,밑,*,*,A,NNG
바나나,0,0,0,Noun,普通,*,*,*,바나나,바나나,*,banana,A,NNG
바다,0,0,0,Noun,普通,*,*,*,바다,바다,*,*,A,NNG
바람,0,0,0,Noun,普通,*,*,*,바람01,바람,*,*,A,NNG
바지,0,0,0,Noun,普通,*,*,*,바지01,바지,*,*,A,NNG
박물관,0,0,0,Noun,普通,*,*,*,박물관,박물관,博物館,*,A,NNG
밖,0,0,0,Noun,普通,*,*,*,밖,밖,*,*,A,NNG
반,0,0,0,Noun,普通,*,*,*,반07,반,半,*,A,NNG
반,0,0,0,Noun,普通,*,*,*,반10,반,班,*,A,NNG
발,0,0,0,Noun,普通,*,*,*,발01,발,*,신체의 일부,A,NNG
발음,0,0,0,Noun,普通,動作,*,*,발음01,발음,發音,*,A,NNG
밤,0,0,0,Noun,普通,*,*,*,밤01,밤,*,어두운 때,A,NNG
밥,0,0,0,Noun,普通,動作,*,*,밥01,밥,*,*,A,NNG
방,0,0,0,Noun,普通,*,*,*,방07,방,房,*,A,NNG
방학,0,0,0,Noun,普通,*,*,*,방학,방학,放學,*,A,NNG
배,0,0,0,Noun,普通,*,*,*,배01,배,*,신체의 일부,A,NNG
배,0,0,0,Noun,普通,*,*,*,배02,배,*,*,A,NNG
배,0,0,0,Noun,普通,*,*,*,배03,배,*,열매,A,NNG
백화점,0,0,0,Noun,普通,*,*,*,백화점,백화점,百貨店,*,A,NNG
버스,0,0,0,Noun,普通,*,*,*,버스02,버스,*,*,A,NNG
번호,0,0,0,Noun,普通,*,*,*,번호02,번호,番號,*,A,NNG
별,0,0,0,Noun,普通,*,*,*,별01,별,*,*,A,NNG
병,0,0,0,Noun,普通,*,*,*,병04,병,病,*,A,NNG
병,0,0,0,Noun,普通,*,*,*,병05,병,甁,*,A,NNG
병원,0,0,0,Noun,普通,*,*,*,병원02,병원,病院,*,A,NNG
보통,0,0,0,Noun,普通,*,*,*,보통,보통,普通,*,A,NNG
볼펜,0,0,0,Noun,普通,*,*,*,볼펜02,볼펜,*,*,A,NNG
봄,0,0,0,Noun,普通,*,*,*,봄01,봄,*,*,A,NNG
부모,0,0,0,Noun,普通,*,*,*,부모01,부모,父母,*,A,NNG
부모님,0,0,0,Noun,普通,*,*,*,부모님,부모님,父母님,*,A,NNG
부부,0,0,0,Noun,普通,*,*,*,부부03,부부,夫婦,*,A,NNG
부엌,0,0,0,Noun,普通,*,*,*,부엌,부엌,*,*,A,NNG
부인,0,0,0,Noun,普通,*,*,*,부인01,부인,夫人,*,A,NNG
북쪽,0,0,0,Noun,普通,*,*,*,북쪽,북쪽,北쪽,*,A,NNG
불,0,0,0,Noun,普通,*,*,*,불01,불,*,*,A,NNG
불고기,0,0,0,Noun,普通,*,*,*,불고기,불고기,*,*,A,NNG
비,0,0,0,Noun,普通,*,*,*,비01,비,*,*,A,NNG
비누,0,0,0,Noun,普通,*,*,*,비누,비누,*,*,A,NNG
비디오,0,0,0,Noun,普通,*,*,*,비디오,비디오,*,*,A,NNG
비빔밥,0,0,0,Noun,普通,*,*,*,비빔밥,비빔밥,*,*,A,NNG
비행기,0,0,0,Noun,普通,*,*,*,비행기,비행기,飛行機,*,A,NNG
빨간색,0,0,0,Noun,普通,*,*,*,빨간색,빨간색,빨간色,*,A,NNG
빵,0,0,0,Noun,普通,*,*,*,빵01,빵,*,*,A,NNG
사과,0,0,0,Noun,普通,*,*,*,사과05,사과,沙果,*,A,NNG
사람,0,0,0,Noun,普通,*,*,*,사람,사람,*,*,A,NNG
사랑,0,0,0,Noun,普通,動作,*,*,사랑01,사랑,*,*,A,NNG
사무실,0,0,0,Noun,普通,*,*,*,사무실,사무실,事務室,*,A,NNG
사월,0,0,0,Noun,普通,*,*,*,사월02,사월,四月,*,A,NNG
사이,0,0,0,Noun,普通,*,*,*,사이01,사이,*,*,A,NNG
사장,0,0,0,Noun,普通,*,*,*,사장15,사장,社長,*,A,NNG
사전,0,0,0,Noun,普通,*,*,*,사전22,사전,辭典,*,A,NNG
사진,0,0,0,Noun,普通,*,*,*,사진07,사진,寫眞,*,A,NNG
사탕,0,0,0,Noun,普通,*,*,*,사탕02,사탕,沙糖,*,A,NNG
산,0,0,0,Noun,普通,*,*,*,산01,산,山,*,A,NNG
산책,0,0,0,Noun,普通,動作,*,*,산책,산책,散策,*,A,NNG
삼월,0,0,0,Noun,普通,*,*,*,삼월,삼월,三月,*,A,NNG
새,0,0,0,Noun,普通,*,*,*,새03,새,*,날짐승,A,NNG
색,0,0,0,Noun,普通,*,*,*,색03,색,色,*,A,NNG
색깔,0,0,0,Noun,普通,*,*,*,색깔,색깔,色깔,*,A,NNG
샌드위치,0,0,0,Noun,普通,*,*,*,샌드위치,샌드위치,*,sandwich,A,NNG
생각,0,0,0,Noun,普通,動作,*,*,생각01,생각,*,*,A,NNG
생선,0,0,0,Noun,普通,*,*,*,생선,생선,生鮮,*,A,NNG
생일,0,0,0,Noun,普通,*,*,*,생일02,생일,生日,*,A,NNG
생활,0,0,0,Noun,普通,動作,*,*,생활,생활,生活,*,A,NNG
샤워,0,0,0,Noun,普通,動作,*,*,샤워,샤워,*,shower,A,NNG
서점,0,0,0,Noun,普通,*,*,*,서점03,서점,書店,*,A,NNG
서쪽,0,0,0,Noun,普通,*,*,*,서쪽,서쪽,西쪽,*,A,NNG
선물,0,0,0,Noun,普通,動作,*,*,선물03,선물,膳物,*,A,NNG
선생,0,0,0,Noun,普通,*,*,*,선생01,선생,先生,*,A,NNG
선생님,0,0,0,Noun,普通,*,*,*,선생님,선생님,先生님,*,A,NNG
설명,0,0,0,Noun,普通,動作,*,*,설명,설명,說明,*,A,NNG
설탕,0,0,0,Noun,普通,*,*,*,설탕,설탕,雪糖,*,A,NNG
세수,0,0,0,Noun,普通,動作,*,*,세수04,세수,洗手,*,A,NNG
세탁기,0,0,0,Noun,普通,*,*,*,세탁기,세탁기,洗濯機,*,A,NNG
셋째,0,0,0,Noun,普通,*,*,*,셋째,셋째,*,*,A,NNG
소금,0,0,0,Noun,普通,*,*,*,소금01,소금,*,*,A,NNG
소파,0,0,0,Noun,普通,*,*,*,소파06,소파,*,sofa,A,NNG
소풍,0,0,0,Noun,普通,*,*,*,소풍02,소풍,逍風,*,A,NNG
속,0,0,0,Noun,普通,*,*,*,속01,속,*,*,A,NNG
손,0,0,0,Noun,普通,*,*,*,손01,손,*,신체의 일부,A,NNG
손가락,0,0,0,Noun,普通,*,*,*,손가락,손가락,*,*,A,NNG
손님,0,0,0,Noun,普通,*,*,*,손님,손님,*,*,A,NNG
쇠고기,0,0,0,Noun,普通,*,*,*,쇠고기,쇠고기,*,*,A,NNG
쇼핑,0,0,0,Noun,普通,動作,*,*,쇼핑,쇼핑,*,shopping,A,NNG
수건,0,0,0,Noun,普通,*,*,*,수건,수건,手巾,*,A,NNG
수박,0,0,0,Noun,普通,*,*,*,수박01,수박,*,과일,A,NNG
수업,0,0,0,Noun,普通,動作,*,*,수업04,수업,授業,*,A,NNG
수영,0,0,0,Noun,普通,動作,*,*,수영02,수영,水泳,*,A,NNG
수영장,0,0,0,Noun,普通,*,*,*,수영장,수영장,水泳場,*,A,NNG
수요일,0,0,0,Noun,普通,*,*,*,수요일,수요일,水曜日,*,A,NNG
숙제,0,0,0,Noun,普通,*,*,*,숙제03,숙제,宿題,*,A,NNG
숟가락,0,0,0,Noun,普通,*,*,*,숟가락,숟가락,*,*,A,NNG
술,0,0,0,Noun,普通,*,*,*,술01,술,*,~을 먹다,A,NNG
슈퍼마켓,0,0,0,Noun,普通,*,*,*,슈퍼마켓,슈퍼마켓,*,supermarket,A,NNG
스키,0,0,0,Noun,普通,*,*,*,스키,스키,*,ski,A,NNG
스트레스,0,0,0,Noun,普通,*,*,*,스트레스,스트레스,*,stress,A,NNG
스포츠,0,0,0,Noun,普通,動作,*,*,스포츠,스포츠,*,sports,A,NNG
시,0,0,0,Noun,普通,*,*,*,시06,시,市,*,A,NNG
시간,0,0,0,Noun,普通,*,*,*,시간04,시간,時間,*,A,NNG
시계,0,0,0,Noun,普通,*,*,*,시계01,시계,時計,*,A,NNG
시월,0,0,0,Noun,普通,*,*,*,시월01,시월,十月,*,A,NNG
시작,0,0,0,Noun,普通,動作,*,*,시작01,시작,始作,*,A,NNG
시장,0,0,0,Noun,普通,*,*,*,시장04,시장,市場,*,A,NNG
시험,0,0,0,Noun,普通,動作,*,*,시험03,시험,試驗,*,A,NNG
식당,0,0,0,Noun,普通,*,*,*,식당,식당,食堂,*,A,NNG
식사,0,0,0,Noun,普通,*,*,*,식사03,식사,食事,*,A,NNG
식탁,0,0,0,Noun,普通,*,*,*,식탁,식탁,食卓,*,A,NNG
신문,0,0,0,Noun,普通,*,*,*,신문10,신문,新聞,*,A,NNG
신발,0,0,0,Noun,普通,*,*,*,신발,신발,*,*,A,NNG
실례,0,0,0,Noun,普通,動作,*,*,실례01,실례,失禮,*,A,NNG
십이월,0,0,0,Noun,普通,*,*,*,십이월,십이월,十二月,*,A,NNG
십일월,0,0,0,Noun,普通,*,*,*,십일월,십일월,十一月,*,A,NNG
쓰레기,0,0,0,Noun,普通,*,*,*,쓰레기,쓰레기,*,*,A,NNG
아기,0,0,0,Noun,普通,*,*,*,아기01,아기,*,*,A,NNG
아내,0,0,0,Noun,普通,*,*,*,아내01,아내,*,*,A,NNG
아들,0,0,0,Noun,普通,*,*,*,아들,아들,*,*,A,NNG
아래,0,0,0,Noun,普通,*,*,*,아래01,아래,*,*,A,NNG
아버지,0,0,0,Noun,普通,*,*,*,아버지,아버지,*,*,A,NNG
아빠,0,0,0,Noun,普通,*,*,*,아빠,아빠,*,*,A,NNG
아이,0,0,0,Noun,普通,*,*,*,아이01,아이,*,*,A,NNG
아이스크림,0,0,0,Noun,普通,*,*,*,아이스크림,아이스크림,*,ice-cream,A,NNG
아저씨,0,0,0,Noun,普通,*,*,*,아저씨,아저씨,*,*,A,NNG
아주머니,0,0,0,Noun,普通,*,*,*,아주머니,아주머니,*,*,A,NNG
아줌마,0,0,0,Noun,普通,*,*,*,아줌마,아줌마,*,*,A,NNG
아침,0,0,0,Noun,普通,*,*,*,아침,아침,*,*,A,NNG
아파트,0,0,0,Noun,普通,*,*,*,아파트,아파트,*,apartment,A,NNG
안,0,0,0,Noun,普通,*,*,*,안01,안,*,집 ~,A,NNG
안경,0,0,0,Noun,普通,*,*,*,안경03,안경,眼鏡,*,A,NNG
안녕,0,0,0,Noun,普通,状態,*,*,안녕,안녕,安寧,*,A,NNG
앞,0,0,0,Noun,普通,*,*,*,앞,앞,*,*,A,NNG
야구,0,0,0,Noun,普通,*,*,*,야구02,야구,野球,*,A,NNG
약,0,0,0,Noun,普通,*,*,*,약07,약,藥,*,A,NNG
약국,0,0,0,Noun,普通,*,*,*,약국02,약국,藥局,*,A,NNG
약속,0,0,0,Noun,普通,動作,*,*,약속,약속,約束,*,A,NNG
양말,0,0,0,Noun,普通,*,*,*,양말01,양말,洋襪,*,A,NNG
양복,0,0,0,Noun,普通,*,*,*,양복01,양복,洋服,*,A,NNG
얘기,0,0,0,Noun,普通,動作,*,*,얘기,얘기,*,*,A,NNG
어깨,0,0,0,Noun,普通,*,*,*,어깨01,어깨,*,*,A,NNG
어른,0,0,0,Noun,普通,*,*,*,어른01,어른,*,*,A,NNG
어린이,0,0,0,Noun,普通,*,*,*,어린이01,어린이,*,*,A,NNG
어머니,0,0,0,Noun,普通,*,*,*,어머니01,어머니,*,*,A,NNG
어제,0,0,0,Noun,普通,*,*,*,어제01,어제,*,어저께,A,NNG
언니,0,0,0,Noun,普通,*,*,*,언니,언니,*,*,A,NNG
얼굴,0,0,0,Noun,普通,*,*,*,얼굴01,얼굴,*,*,A,NNG
얼마,0,0,0,Noun,普通,*,*,*,얼마,얼마,*,*,A,NNG
엄마,0,0,0,Noun,普通,*,*,*,엄마,엄마,*,*,A,NNG
에어컨,0,0,0,Noun,普通,*,*,*,에어컨,에어컨,*,air,A,NNG
여권,0,0,0,Noun,普通,*,*,*,여권02,여권,旅券,*,A,NNG
여동생,0,0,0,Noun,普通,*,*,*,여동생,여동생,女同生,*,A,NNG
여름,0,0,0,Noun,普通,*,*,*,여름01,여름,*,*,A,NNG
여자,0,0,0,Noun,普通,*,*,*,여자02,여자,女子,*,A,NNG
여학생,0,0,0,Noun,普通,*,*,*,여학생,여학생,女學生,*,A,NNG
여행,0,0,0,Noun,普通,*,*,*,여행02,여행,旅行,*,A,NNG
역,0,0,0,Noun,普通,*,*,*,역14,역,驛,*,A,NNG
역사,0,0,0,Noun,普通,*,*,*,역사04,역사,歷史,*,A,NNG
연습,0,0,0,Noun,普通,動作,*,*,연습03,연습,練習,*,A,NNG
연필,0,0,0,Noun,普通,*,*,*,연필,연필,鉛筆,*,A,NNG
열쇠,0,0,0,Noun,普通,*,*,*,열쇠,열쇠,*,*,A,NNG
영화,0,0,0,Noun,普通,*,*,*,영화01,영화,映畵,*,A,NNG
옆,0,0,0,Noun,普通,*,*,*,옆,옆,*,*,A,NNG
옛날,0,0,0,Noun,普通,*,*,*,옛날,옛날,*,*,A,NNG
오늘,0,0,0,Noun,普通,*,*,*,오늘,오늘,*,*,A,NNG
오래간만,0,0,0,Noun,普通,*,*,*,오래간만,오래간만,*,*,A,NNG
오랜만,0,0,0,Noun,普通,*,*,*,오랜만,오랜만,*,*,A,NNG
오렌지,0,0,0,Noun,普通,*,*,*,오렌지,오렌지,*,orange,A,NNG
오른쪽,0,0,0,Noun,普通,*,*,*,오른쪽,오른쪽,*,*,A,NNG
오빠,0,0,0,Noun,普通,*,*,*,오빠,오빠,*,*,A,NNG
오월,0,0,0,Noun,普通,*,*,*,오월01,오월,五月,*,A,NNG
오전,0,0,0,Noun,普通,*,*,*,오전02,오전,午前,*,A,NNG
오후,0,0,0,Noun,普通,*,*,*,오후02,오후,午後,*,A,NNG
올해,0,0,0,Noun,普通,*,*,*,올해,올해,*,*,A,NNG
옷,0,0,0,Noun,普通,*,*,*,옷01,옷,*,*,A,NNG
외국,0,0,0,Noun,普通,*,*,*,외국02,외국,外國,*,A,NNG
외국어,0,0,0,Noun,普通,*,*,*,외국어,외국어,外國語,*,A,NNG
외국인,0,0,0,Noun,普通,*,*,*,외국인,외국인,外國人,*,A,NNG
왼쪽,0,0,0,Noun,普通,*,*,*,왼쪽,왼쪽,*,*,A,NNG
요리,0,0,0,Noun,普通,動作,*,*,요리05,요리,料理,*,A,NNG
요일,0,0,0,Noun,普通,*,*,*,요일,요일,曜日,*,A,NNG
요즈음,0,0,0,Noun,普通,*,*,*,요즈음,요즈음,*,*,A,NNG
요즘,0,0,0,Noun,普通,*,*,*,요즘,요즘,*,*,A,NNG
우리나라,0,0,0,Noun,普通,*,*,*,우리나라,우리나라,*,*,A,NNG
우산,0,0,0,Noun,普通,*,*,*,우산01,우산,雨傘,*,A,NNG
우유,0,0,0,Noun,普通,*,*,*,우유02,우유,牛乳,*,A,NNG
우체국,0,0,0,Noun,普通,*,*,*,우체국,우체국,郵遞局,*,A,NNG
운동,0,0,0,Noun,普通,動作,*,*,운동02,운동,運動,*,A,NNG
운동장,0,0,0,Noun,普通,*,*,*,운동장,운동장,運動場,*,A,NNG
운동화,0,0,0,Noun,普通,*,*,*,운동화,운동화,運動靴,*,A,NNG
운전,0,0,0,Noun,普通,動作,*,*,운전02,운전,運轉,*,A,NNG
월,0,0,0,Noun,普通,*,*,*,월02,월,月,*,A,NNG
월요일,0,0,0,Noun,普通,*,*,*,월요일,월요일,月曜日,*,A,NNG
위,0,0,0,Noun,普通,*,*,*,위01,위,*,~아래,A,NNG
위험,0,0,0,Noun,普通,状態,*,*,위험,위험,危險,*,A,NNG
유월,0,0,0,Noun,普通,*,*,*,유월01,유월,六月,*,A,NNG
은행,0,0,0,Noun,普通,*,*,*,은행02,은행,銀行,*,A,NNG
음식,0,0,0,Noun,普通,*,*,*,음식,음식,飮食,*,A,NNG
음악,0,0,0,Noun,普通,動作,*,*,음악01,음악,音樂,*,A,NNG
의사,0,0,0,Noun,普通,*,*,*,의사12,의사,醫師,*,A,NNG
의자,0,0,0,Noun,普通,*,*,*,의자03,의자,椅子,*,A,NNG
이,0,0,0,Noun,普通,*,*,*,이03,이,*,신체,A,NNG
이때,0,0,0,Noun,普通,*,*,*,이때,이때,*,*,A,NNG
이름,0,0,0,Noun,普通,動作,*,*,이름,이름,*,*,A,NNG
이번,0,0,0,Noun,普通,*,*,*,이번01,이번,이番,*,A,NNG
이야기,0,0,0,Noun,普通,動作,*,*,이야기,이야기,*,*,A,NNG
이월,0,0,0,Noun,普通,*,*,*,이월01,이월,二月,*,A,NNG
이제,0,0,0,Noun,普通,*,*,*,이제01,이제,*,*,A,NNG
인사,0,0,0,Noun,普通,*,*,*,인사01,인사,人士,*,A,NNG
인사,0,0,0,Noun,普通,動作,*,*,인사02,인사,人事,*,A,NNG
일,0,0,0,Noun,普通,動作,*,*,일01,일,*,*,A,NNG
일,0,0,0,Noun,普通,*,*,*,일07,일,日,"하루 동안",A,NNG
일요일,0,0,0,Noun,普通,*,*,*,일요일,일요일,日曜日,*,A,NNG
일월,0,0,0,Noun,普通,*,*,*,일월01,일월,一月,*,A,NNG
일주일,0,0,0,Noun,普通,*,*,*,일주일,일주일,一週日,*,A,NNG
입,0,0,0,Noun,普通,*,*,*,입,입,*,*,A,NNG
잎,0,0,0,Noun,普通,*,*,*,잎01,잎,*,*,A,NNG
자동차,0,0,0,Noun,普通,*,*,*,자동차,자동차,自動車,*,A,NNG
자리,0,0,0,Noun,普通,動作,*,*,자리01,자리,*,*,A,NNG
자장면,0,0,0,Noun,普通,*,*,*,자장면,자장면,*,*,A,NNG
자전거,0,0,0,Noun,普通,*,*,*,자전거,자전거,自轉車,*,A,NNG
작년,0,0,0,Noun,普通,*,*,*,작년,작년,昨年,*,A,NNG
잔,0,0,0,Noun,普通,*,*,*,잔02,잔,盞,*,A,NNG
잠,0,0,0,Noun,普通,*,*,*,잠01,잠,*,*,A,NNG
잠깐,0,0,0,Noun,普通,*,*,*,잠깐,잠깐,*,*,A,NNG
잡지,0,0,0,Noun,普通,*,*,*,잡지,잡지,雜誌,*,A,NNG
장미,0,0,0,Noun,普通,*,*,*,장미05,장미,薔薇,*,A,NNG
장소,0,0,0,Noun,普通,*,*,*,장소05,장소,場所,*,A,NNG
재미,0,0,0,Noun,普通,*,*,*,재미01,재미,*,*,A,NNG
저녁,0,0,0,Noun,普通,*,*,*,저녁,저녁,*,*,A,NNG
전,0,0,0,Noun,普通,*,*,*,전08,전,前,*,A,NNG
전화,0,0,0,Noun,普通,動作,*,*,전화07,전화,電話,*,A,NNG
전화번호,0,0,0,Noun,普通,*,*,*,전화번호,전화번호,電話番號,*,A,NNG
점심,0,0,0,Noun,普通,*,*,*,점심,점심,點心,*,A,NNG
점심시간,0,0,0,Noun,普通,*,*,*,점심시간,점심시간,點心時間,*,A,NNG
젓가락,0,0,0,Noun,普通,*,*,*,젓가락,젓가락,*,*,A,NNG
정류장,0,0,0,Noun,普通,*,*,*,정류장,정류장,停留場,*,A,NNG
제일,0,0,0,Noun,普通,*,*,*,제일04,제일,第一,*,A,NNG
조금,0,0,0,Noun,普通,*,*,*,조금01,조금,*,*,A,NNG
졸업,0,0,0,Noun,普通,動作,*,*,졸업,졸업,卒業,*,A,NNG
종이,0,0,0,Noun,普通,*,*,*,종이01,종이,*,*,A,NNG
주,0,0,0,Noun,普通,*,*,*,주24,주,週,*,A,NNG
주말,0,0,0,Noun,普通,*,*,*,주말02,주말,週末,*,A,NNG
주소,0,0,0,Noun,普通,*,*,*,주소01,주소,住所,*,A,NNG
주스,0,0,0,Noun,普通,*,*,*,주스,주스,*,juice,A,NNG
주인,0,0,0,Noun,普通,*,*,*,주인01,주인,主人,*,A,NNG
준비,0,0,0,Noun,普通,動作,*,*,준비,준비,準備,*,A,NNG
중학교,0,0,0,Noun,普通,*,*,*,중학교,중학교,中學校,*,A,NNG
중학생,0,0,0,Noun,普通,*,*,*,중학생,중학생,中學生,*,A,NNG
지갑,0,0,0,Noun,普通,*,*,*,지갑03,지갑,紙匣,*,A,NNG
지금,0,0,0,Noun,普通,*,*,*,지금03,지금,只今,*,A,NNG
지난달,0,0,0,Noun,普通,*,*,*,지난달,지난달,*,*,A,NNG
지난주,0,0,0,Noun,普通,*,*,*,지난주,지난주,지난週,*,A,NNG
지도,0,0,0,Noun,普通,*,*,*,지도03,지도,地圖,*,A,NNG
지우개,0,0,0,Noun,普通,*,*,*,지우개,지우개,*,*,A,NNG
지하,0,0,0,Noun,普通,*,*,*,지하,지하,地下,*,A,NNG
지하철,0,0,0,Noun,普通,*,*,*,지하철,지하철,地下鐵,*,A,NNG
질문,0,0,0,Noun,普通,動作,*,*,질문,질문,質問,*,A,NNG
집,0,0,0,Noun,普通,*,*,*,집01,집,*,*,A,NNG
찌개,0,0,0,Noun,普通,*,*,*,찌개01,찌개,*,*,A,NNG
차,0,0,0,Noun,普通,*,*,*,차05,차,車,*,A,NNG
차,0,0,0,Noun,普通,*,*,*,차09,차,茶,*,A,NNG
창문,0,0,0,Noun,普通,*,*,*,창문,창문,窓門,*,A,NNG
책,0,0,0,Noun,普通,*,*,*,책01,책,冊,*,A,NNG
책상,0,0,0,Noun,普通,*,*,*,책상01,책상,冊床,*,A,NNG
처음,0,0,0,Noun,普通,*,*,*,처음,처음,*,*,A,NNG
첫째,0,0,0,Noun,普通,*,*,*,첫째,첫째,*,*,A,NNG
청바지,0,0,0,Noun,普通,*,*,*,청바지,청바지,靑바지,*,A,NNG
청소,0,0,0,Noun,普通,動作,*,*,청소06,청소,淸掃,*,A,NNG
초대,0,0,0,Noun,普通,動作,*,*,초대06,초대,招待,*,A,NNG
초등학교,0,0,0,Noun,普通,*,*,*,초등학교,초등학교,初等學校,*,A,NNG
초콜릿,0,0,0,Noun,普通,*,*,*,초콜릿,초콜릿,*,chocolate,A,NNG
축구,0,0,0,Noun,普通,動作,*,*,축구04,축구,蹴球,*,A,NNG
춤,0,0,0,Noun,普通,*,*,*,춤01,춤,*,*,A,NNG
취미,0,0,0,Noun,普通,*,*,*,취미04,취미,趣味,*,A,NNG
층,0,0,0,Noun,普通,*,*,*,층02,층,層,*,A,NNG
치마,0,0,0,Noun,普通,*,*,*,치마01,치마,*,*,A,NNG
치약,0,0,0,Noun,普通,*,*,*,치약,치약,齒藥,*,A,NNG
친구,0,0,0,Noun,普通,*,*,*,친구02,친구,親舊,*,A,NNG
칠월,0,0,0,Noun,普通,*,*,*,칠월,칠월,七月,*,A,NNG
칠판,0,0,0,Noun,普通,*,*,*,칠판,칠판,漆板,*,A,NNG
침대,0,0,0,Noun,普通,*,*,*,침대02,침대,寢臺,*,A,NNG
칫솔,0,0,0,Noun,普通,*,*,*,칫솔,칫솔,齒ㅅ솔,*,A,NNG
카드,0,0,0,Noun,普通,*,*,*,카드,카드,*,card,A,NNG
카메라,0,0,0,Noun,普通,*,*,*,카메라,카메라,*,camera,A,NNG
칼,0,0,0,Noun,普通,*,*,*,칼01,칼,*,베는 도구,A,NNG
커피,0,0,0,Noun,普通,*,*,*,커피,커피,*,coffee,A,NNG
컴퓨터,0,0,0,Noun,普通,*,*,*,컴퓨터,컴퓨터,*,computer,A,NNG
컵,0,0,0,Noun,普通,*,*,*,컵,컵,*,cup,A,NNG
코,0,0,0,Noun,普通,*,*,*,코01,코,*,*,A,NNG
콜라,0,0,0,Noun,普通,*,*,*,콜라,콜라,*,cola,A,NNG
크리스마스,0,0,0,Noun,普通,*,*,*,크리스마스,크리스마스,*,Christmas,A,NNG
키,0,0,0,Noun,普通,*,*,*,키01,키,*,신장,A,NNG
태권도,0,0,0,Noun,普通,*,*,*,태권도,태권도,跆拳道,*,A,NNG
택시,0,0,0,Noun,普通,*,*,*,택시,택시,*,taxi,A,NNG
테니스,0,0,0,Noun,普通,*,*,*,테니스,테니스,*,tennis,A,NNG
테이블,0,0,0,Noun,普通,*,*,*,테이블,테이블,*,table,A,NNG
텔레비전,0,0,0,Noun,普通,*,*,*,텔레비전,텔레비전,*,television,A,NNG
토요일,0,0,0,Noun,普通,*,*,*,토요일,토요일,土曜日,*,A,NNG
티브이,0,0,0,Noun,普通,*,*,*,티브이,티브이,*,TV,A,NNG
팀,0,0,0,Noun,普通,*,*,*,팀01,팀,*,team,A,NNG
파란색,0,0,0,Noun,普通,*,*,*,파란색,파란색,파란色,*,A,NNG
파티,0,0,0,Noun,普通,動作,*,*,파티,파티,*,party,A,NNG
팔,0,0,0,Noun,普通,*,*,*,팔01,팔,*,신체의 일부,A,NNG
팔월,0,0,0,Noun,普通,*,*,*,팔월,팔월,八月,*,A,NNG
편지,0,0,0,Noun,普通,動作,*,*,편지02,편지,便紙,*,A,NNG
포도,0,0,0,Noun,普通,*,*,*,포도06,포도,葡萄,*,A,NNG
표,0,0,0,Noun,普通,*,*,*,표04,표,票,*,A,NNG
피아노,0,0,0,Noun,普通,*,*,*,피아노01,피아노,*,piano,A,NNG
피자,0,0,0,Noun,普通,*,*,*,피자,피자,*,&이pizza,A,NNG
필요,0,0,0,Noun,普通,状態,*,*,필요,필요,必要,*,A,NNG
하늘,0,0,0,Noun,普通,*,*,*,하늘01,하늘,*,*,A,NNG
학교,0,0,0,Noun,普通,*,*,*,학교,학교,學校,*,A,NNG
학년,0,0,0,Noun,普通,*,*,*,학년,학년,學年,*,A,NNG
학생,0,0,0,Noun,普通,*,*,*,학생,학생,學生,*,A,NNG
한국말,0,0,0,Noun,普通,*,*,*,한국말,한국말,韓國말,*,A,NNG
한글,0,0,0,Noun,普通,*,*,*,한글01,한글,*,*,A,NNG
한번,0,0,0,Noun,普通,*,*,*,한번,한번,한番,*,A,NNG
한복,0,0,0,Noun,普通,*,*,*,한복,한복,韓服,*,A,NNG
한자,0,0,0,Noun,普通,*,*,*,한자02,한자,漢字,*,A,NNG
할머니,0,0,0,Noun,普通,*,*,*,할머니,할머니,*,*,A,NNG
할아버지,0,0,0,Noun,普通,*,*,*,할아버지,할아버지,*,*,A,NNG
해,0,0,0,Noun,普通,*,*,*,해01,해,*,*,A,NNG
핸드폰,0,0,0,Noun,普通,*,*,*,핸드폰,핸드폰,*,hand phone,A,NNG
햄버거,0,0,0,Noun,普通,*,*,*,햄버거,햄버거,*,hamburger,A,NNG
허리,0,0,0,Noun,普通,*,*,*,허리01,허리,*,*,A,NNG
형,0,0,0,Noun,普通,*,*,*,형01,형,兄,*,A,NNG
호텔,0,0,0,Noun,普通,*,*,*,호텔,호텔,*,hotel,A,NNG
혼자,0,0,0,Noun,普通,*,*,*,혼자01,혼자,*,*,A,NNG
화,0,0,0,Noun,普通,*,*,*,화06,화,火,~를 내다,A,NNG
화요일,0,0,0,Noun,普通,*,*,*,화요일,화요일,火曜日,*,A,NNG
화장실,0,0,0,Noun,普通,*,*,*,화장실,화장실,化粧室,*,A,NNG
환자,0,0,0,Noun,普通,*,*,*,환자03,환자,患者,*,A,NNG
회사,0,0,0,Noun,普通,*,*,*,회사04,회사,會社,*,A,NNG
회의,0,0,0,Noun,普通,動作,*,*,회의04,회의,會議,*,A,NNG
후,0,0,0,Noun,普通,*,*,*,후08,후,後,*,A,NNG
휴일,0,0,0,Noun,普通,*,*,*,휴일,휴일,休日,*,A,NNG
휴지,0,0,0,Noun,普通,*,*,*,휴지02,휴지,休紙,*,A,NNG
휴지통,0,0,0,Noun,普通,*,*,*,휴지통,휴지통,休紙桶,*,A,NNG
흰색,0,0,0,Noun,普通,*,*,*,흰색,흰색,흰色,*,A,NNG
힘,0,0,0,Noun,普通,*,*,*,힘01,힘,*,*,A,NNG
