가능해지,0,0,0,Verb,自立,*,語基1,*,가능해지다,가능해지,可能해지,*,C,VV
가능해지,0,0,0,Verb,自立,*,語基2,*,가능해지다,가능해지,可能해지,*,C,VV
가능해져,0,0,0,Verb,自立,*,語基3,*,가능해지다,가능해져,可能해져,*,C,VV
가능해지어,0,0,0,Verb,自立,*,語基3,*,가능해지다,가능해지어,可能해지어,*,C,VV
가라앉,0,0,0,Verb,自立,*,語基1,*,가라앉다,가라앉,*,*,C,VV
가라앉으,0,0,0,Verb,自立,*,語基2,*,가라앉다,가라앉으,*,*,C,VV
가라앉아,0,0,0,Verb,自立,*,語基3,*,가라앉다,가라앉아,*,*,C,VV
가려지,0,0,0,Verb,自立,*,語基1,*,가려지다,가려지,*,*,C,VV
가려지,0,0,0,Verb,自立,*,語基2,*,가려지다,가려지,*,*,C,VV
가려져,0,0,0,Verb,自立,*,語基3,*,가려지다,가려져,*,*,C,VV
가려지어,0,0,0,Verb,自立,*,語基3,*,가려지다,가려지어,*,*,C,VV
가로막,0,0,0,Verb,自立,*,語基1,*,가로막다,가로막,*,*,C,VV
가로막으,0,0,0,Verb,自立,*,語基2,*,가로막다,가로막으,*,*,C,VV
가로막아,0,0,0,Verb,自立,*,語基3,*,가로막다,가로막아,*,*,C,VV
가르,0,0,0,Verb,自立,르変則,語基1,*,가르다,가르,*,*,C,VV
가르,0,0,0,Verb,自立,르変則,語基2,*,가르다,가르,*,*,C,VV
갈라,0,0,0,Verb,自立,르変則,語基3,*,가르다,갈라,*,*,C,VV
가만있,0,0,0,Verb,自立,*,語基1,*,가만있다,가만있,*,*,C,VV
가만있으,0,0,0,Verb,自立,*,語基2,*,가만있다,가만있으,*,*,C,VV
가만있어,0,0,0,Verb,自立,*,語基3,*,가만있다,가만있어,*,*,C,VV
가하,0,0,0,Verb,自立,*,語基1,*,가하다01,가하,加하,*,C,VV
가하,0,0,0,Verb,自立,*,語基2,*,가하다01,가하,加하,*,C,VV
가하여,0,0,0,Verb,自立,*,語基3,*,가하다01,가하여,加하여,*,C,VV
가해,0,0,0,Verb,自立,*,語基3,*,가하다01,가해,加해,*,C,VV
갇히,0,0,0,Verb,自立,*,語基1,*,갇히다,갇히,*,*,C,VV
갇히,0,0,0,Verb,自立,*,語基2,*,갇히다,갇히,*,*,C,VV
갇혀,0,0,0,Verb,自立,*,語基3,*,갇히다,갇혀,*,*,C,VV
갇히어,0,0,0,Verb,自立,*,語基3,*,갇히다,갇히어,*,*,C,VV
감,0,0,0,Verb,自立,*,語基1,*,감다03,감,*,실을 ~,C,VV
감으,0,0,0,Verb,自立,*,語基2,*,감다03,감으,*,실을 ~,C,VV
감아,0,0,0,Verb,自立,*,語基3,*,감다03,감아,*,실을 ~,C,VV
감싸,0,0,0,Verb,自立,*,語基1,*,감싸다,감싸,*,*,C,VV
감싸,0,0,0,Verb,自立,*,語基2,*,감싸다,감싸,*,*,C,VV
감싸,0,0,0,Verb,自立,*,語基3,*,감싸다,감싸,*,*,C,VV
감추,0,0,0,Verb,自立,*,語基1,*,감추다,감추,*,*,C,VV
감추,0,0,0,Verb,自立,*,語基2,*,감추다,감추,*,*,C,VV
감추어,0,0,0,Verb,自立,*,語基3,*,감추다,감추어,*,*,C,VV
감춰,0,0,0,Verb,自立,*,語基3,*,감추다,감춰,*,*,C,VV
갖추,0,0,0,Verb,自立,*,語基1,*,갖추다,갖추,*,*,C,VV
갖추,0,0,0,Verb,自立,*,語基2,*,갖추다,갖추,*,*,C,VV
갖추어,0,0,0,Verb,自立,*,語基3,*,갖추다,갖추어,*,*,C,VV
갖춰,0,0,0,Verb,自立,*,語基3,*,갖추다,갖춰,*,*,C,VV
갚,0,0,0,Verb,自立,*,語基1,*,갚다,갚,*,*,C,VV
갚으,0,0,0,Verb,自立,*,語基2,*,갚다,갚으,*,*,C,VV
갚아,0,0,0,Verb,自立,*,語基3,*,갚다,갚아,*,*,C,VV
개,0,0,0,Verb,自立,*,語基1,*,개다01,개,*,날이 ~,C,VV
개,0,0,0,Verb,自立,*,語基2,*,개다01,개,*,날이 ~,C,VV
개,0,0,0,Verb,自立,*,語基3,*,개다01,개,*,날이 ~,C,VV
개어,0,0,0,Verb,自立,*,語基3,*,개다01,개어,*,날이 ~,C,VV
거두,0,0,0,Verb,自立,*,語基1,*,거두다02,거두,*,"곡식을 ~",C,VV
거두,0,0,0,Verb,自立,*,語基2,*,거두다02,거두,*,"곡식을 ~",C,VV
거두어,0,0,0,Verb,自立,*,語基3,*,거두다02,거두어,*,"곡식을 ~",C,VV
거둬,0,0,0,Verb,自立,*,語基3,*,거두다02,거둬,*,"곡식을 ~",C,VV
거두,0,0,0,Verb,自立,*,語基1,*,거두다01,거두,*,"이부자리를 ~",C,VV
거두,0,0,0,Verb,自立,*,語基2,*,거두다01,거두,*,"이부자리를 ~",C,VV
거두어,0,0,0,Verb,自立,*,語基3,*,거두다01,거두어,*,"이부자리를 ~",C,VV
거둬,0,0,0,Verb,自立,*,語基3,*,거두다01,거둬,*,"이부자리를 ~",C,VV
거들,0,0,0,Verb,自立,ㄹ語幹,語基1,*,거들다01,거들,*,*,C,VV
거드,0,0,0,Verb,自立,ㄹ語幹-脱落形,語基1,*,거들다01,거드,*,*,C,VV
거들,0,0,0,Verb,自立,ㄹ語幹,語基2,*,거들다01,거들,*,*,C,VV
거드,0,0,0,Verb,自立,ㄹ語幹-脱落形,語基2,*,거들다01,거드,*,*,C,VV
거들어,0,0,0,Verb,自立,ㄹ語幹,語基3,*,거들다01,거들어,*,*,C,VV
거치,0,0,0,Verb,自立,*,語基1,*,거치다01,거치,*,*,C,VV
거치,0,0,0,Verb,自立,*,語基2,*,거치다01,거치,*,*,C,VV
거쳐,0,0,0,Verb,自立,*,語基3,*,거치다01,거쳐,*,*,C,VV
거치어,0,0,0,Verb,自立,*,語基3,*,거치다01,거치어,*,*,C,VV
건네,0,0,0,Verb,自立,*,語基1,*,건네다,건네,*,*,C,VV
건네,0,0,0,Verb,自立,*,語基2,*,건네다,건네,*,*,C,VV
건네,0,0,0,Verb,自立,*,語基3,*,건네다,건네,*,*,C,VV
건네어,0,0,0,Verb,自立,*,語基3,*,건네다,건네어,*,*,C,VV
건네주,0,0,0,Verb,自立,*,語基1,*,건네주다,건네주,*,*,C,VV
건네주,0,0,0,Verb,自立,*,語基2,*,건네주다,건네주,*,*,C,VV
건네주어,0,0,0,Verb,自立,*,語基3,*,건네주다,건네주어,*,*,C,VV
건네줘,0,0,0,Verb,自立,*,語基3,*,건네주다,건네줘,*,*,C,VV
건드리,0,0,0,Verb,自立,*,語基1,*,건드리다,건드리,*,*,C,VV
건드리,0,0,0,Verb,自立,*,語基2,*,건드리다,건드리,*,*,C,VV
건드려,0,0,0,Verb,自立,*,語基3,*,건드리다,건드려,*,*,C,VV
건드리어,0,0,0,Verb,自立,*,語基3,*,건드리다,건드리어,*,*,C,VV
걷,0,0,0,Verb,自立,*,語基1,*,걷다03,걷,*,소매를 ~,C,VV
걷으,0,0,0,Verb,自立,*,語基2,*,걷다03,걷으,*,소매를 ~,C,VV
걷어,0,0,0,Verb,自立,*,語基3,*,걷다03,걷어,*,소매를 ~,C,VV
걷,0,0,0,Verb,自立,*,語基1,*,걷다04,걷,*,빨래를 ~,C,VV
걷으,0,0,0,Verb,自立,*,語基2,*,걷다04,걷으,*,빨래를 ~,C,VV
걷어,0,0,0,Verb,自立,*,語基3,*,걷다04,걷어,*,빨래를 ~,C,VV
걸치,0,0,0,Verb,自立,*,語基1,*,걸치다,걸치,*,*,C,VV
걸치,0,0,0,Verb,自立,*,語基2,*,걸치다,걸치,*,*,C,VV
걸쳐,0,0,0,Verb,自立,*,語基3,*,걸치다,걸쳐,*,*,C,VV
걸치어,0,0,0,Verb,自立,*,語基3,*,걸치다,걸치어,*,*,C,VV
겁나,0,0,0,Verb,自立,*,語基1,*,겁나다02,겁나,怯나,*,C,VV
겁나,0,0,0,Verb,自立,*,語基2,*,겁나다02,겁나,怯나,*,C,VV
겁나,0,0,0,Verb,自立,*,語基3,*,겁나다02,겁나,怯나,*,C,VV
겪,0,0,0,Verb,自立,*,語基1,*,겪다,겪,*,*,C,VV
겪으,0,0,0,Verb,自立,*,語基2,*,겪다,겪으,*,*,C,VV
겪어,0,0,0,Verb,自立,*,語基3,*,겪다,겪어,*,*,C,VV
괴롭히,0,0,0,Verb,自立,*,語基1,*,괴롭히다,괴롭히,*,*,C,VV
괴롭히,0,0,0,Verb,自立,*,語基2,*,괴롭히다,괴롭히,*,*,C,VV
괴롭혀,0,0,0,Verb,自立,*,語基3,*,괴롭히다,괴롭혀,*,*,C,VV
괴롭히어,0,0,0,Verb,自立,*,語基3,*,괴롭히다,괴롭히어,*,*,C,VV
구르,0,0,0,Verb,自立,르変則,語基1,*,구르다01,구르,*,바위가 ~,C,VV
구르,0,0,0,Verb,自立,르変則,語基2,*,구르다01,구르,*,바위가 ~,C,VV
굴러,0,0,0,Verb,自立,르変則,語基3,*,구르다01,굴러,*,바위가 ~,C,VV
굳어지,0,0,0,Verb,自立,*,語基1,*,굳어지다,굳어지,*,*,C,VV
굳어지,0,0,0,Verb,自立,*,語基2,*,굳어지다,굳어지,*,*,C,VV
굳어져,0,0,0,Verb,自立,*,語基3,*,굳어지다,굳어져,*,*,C,VV
굳어지어,0,0,0,Verb,自立,*,語基3,*,굳어지다,굳어지어,*,*,C,VV
굳히,0,0,0,Verb,自立,*,語基1,*,굳히다,굳히,*,*,C,VV
굳히,0,0,0,Verb,自立,*,語基2,*,굳히다,굳히,*,*,C,VV
굳혀,0,0,0,Verb,自立,*,語基3,*,굳히다,굳혀,*,*,C,VV
굳히어,0,0,0,Verb,自立,*,語基3,*,굳히다,굳히어,*,*,C,VV
굶,0,0,0,Verb,自立,*,語基1,*,굶다,굶,*,*,C,VV
굶으,0,0,0,Verb,自立,*,語基2,*,굶다,굶으,*,*,C,VV
굶어,0,0,0,Verb,自立,*,語基3,*,굶다,굶어,*,*,C,VV
굽히,0,0,0,Verb,自立,*,語基1,*,굽히다,굽히,*,*,C,VV
굽히,0,0,0,Verb,自立,*,語基2,*,굽히다,굽히,*,*,C,VV
굽혀,0,0,0,Verb,自立,*,語基3,*,굽히다,굽혀,*,*,C,VV
굽히어,0,0,0,Verb,自立,*,語基3,*,굽히다,굽히어,*,*,C,VV
그러,0,0,0,Verb,自立,어変則,語基1,*,그러다,그러,*,*,C,VV
그러,0,0,0,Verb,自立,어変則,語基2,*,그러다,그러,*,*,C,VV
그래,0,0,0,Verb,自立,어変則,語基3,*,그러다,그래,*,*,C,VV
긁,0,0,0,Verb,自立,*,語基1,*,긁다,긁,*,*,C,VV
긁으,0,0,0,Verb,自立,*,語基2,*,긁다,긁으,*,*,C,VV
긁어,0,0,0,Verb,自立,*,語基3,*,긁다,긁어,*,*,C,VV
금하,0,0,0,Verb,自立,*,語基1,*,금하다02,금하,禁하,*,C,VV
금하,0,0,0,Verb,自立,*,語基2,*,금하다02,금하,禁하,*,C,VV
금하여,0,0,0,Verb,自立,*,語基3,*,금하다02,금하여,禁하여,*,C,VV
금해,0,0,0,Verb,自立,*,語基3,*,금하다02,금해,禁해,*,C,VV
긋,0,0,0,Verb,自立,ㅅ変則,語基1,*,긋다01,긋,*,금을 ~,C,VV
그으,0,0,0,Verb,自立,ㅅ変則,語基2,*,긋다01,그으,*,금을 ~,C,VV
그어,0,0,0,Verb,自立,ㅅ変則,語基3,*,긋다01,그어,*,금을 ~,C,VV
기,0,0,0,Verb,自立,*,語基1,*,기다01,기,*,*,C,VV
기,0,0,0,Verb,自立,*,語基2,*,기다01,기,*,*,C,VV
겨,0,0,0,Verb,自立,*,語基3,*,기다01,겨,*,*,C,VV
기어,0,0,0,Verb,自立,*,語基3,*,기다01,기어,*,*,C,VV
기대,0,0,0,Verb,自立,*,語基1,*,기대다01,기대,*,의지하다,C,VV
기대,0,0,0,Verb,自立,*,語基2,*,기대다01,기대,*,의지하다,C,VV
기대,0,0,0,Verb,自立,*,語基3,*,기대다01,기대,*,의지하다,C,VV
기대어,0,0,0,Verb,自立,*,語基3,*,기대다01,기대어,*,의지하다,C,VV
기울,0,0,0,Verb,自立,ㄹ語幹,語基1,*,기울다,기울,*,*,C,VV
기우,0,0,0,Verb,自立,ㄹ語幹-脱落形,語基1,*,기울다,기우,*,*,C,VV
기울,0,0,0,Verb,自立,ㄹ語幹,語基2,*,기울다,기울,*,*,C,VV
기우,0,0,0,Verb,自立,ㄹ語幹-脱落形,語基2,*,기울다,기우,*,*,C,VV
기울어,0,0,0,Verb,自立,ㄹ語幹,語基3,*,기울다,기울어,*,*,C,VV
기울이,0,0,0,Verb,自立,*,語基1,*,기울이다,기울이,*,*,C,VV
기울이,0,0,0,Verb,自立,*,語基2,*,기울이다,기울이,*,*,C,VV
기울여,0,0,0,Verb,自立,*,語基3,*,기울이다,기울여,*,*,C,VV
기울이어,0,0,0,Verb,自立,*,語基3,*,기울이다,기울이어,*,*,C,VV
길어지,0,0,0,Verb,自立,*,語基1,*,길어지다,길어지,*,*,C,VV
길어지,0,0,0,Verb,自立,*,語基2,*,길어지다,길어지,*,*,C,VV
길어져,0,0,0,Verb,自立,*,語基3,*,길어지다,길어져,*,*,C,VV
길어지어,0,0,0,Verb,自立,*,語基3,*,길어지다,길어지어,*,*,C,VV
까,0,0,0,Verb,自立,*,語基1,*,까다01,까,*,마늘을 ~,C,VV
까,0,0,0,Verb,自立,*,語基2,*,까다01,까,*,마늘을 ~,C,VV
까,0,0,0,Verb,自立,*,語基3,*,까다01,까,*,마늘을 ~,C,VV
까먹,0,0,0,Verb,自立,*,語基1,*,까먹다,까먹,*,*,C,VV
까먹으,0,0,0,Verb,自立,*,語基2,*,까먹다,까먹으,*,*,C,VV
까먹어,0,0,0,Verb,自立,*,語基3,*,까먹다,까먹어,*,*,C,VV
깔,0,0,0,Verb,自立,ㄹ語幹,語基1,*,깔다,깔,*,*,C,VV
까,0,0,0,Verb,自立,ㄹ語幹-脱落形,語基1,*,깔다,까,*,*,C,VV
깔,0,0,0,Verb,自立,ㄹ語幹,語基2,*,깔다,깔,*,*,C,VV
까,0,0,0,Verb,自立,ㄹ語幹-脱落形,語基2,*,깔다,까,*,*,C,VV
깔아,0,0,0,Verb,自立,ㄹ語幹,語基3,*,깔다,깔아,*,*,C,VV
깔리,0,0,0,Verb,自立,*,語基1,*,깔리다01,깔리,*,*,C,VV
깔리,0,0,0,Verb,自立,*,語基2,*,깔리다01,깔리,*,*,C,VV
깔려,0,0,0,Verb,自立,*,語基3,*,깔리다01,깔려,*,*,C,VV
깔리어,0,0,0,Verb,自立,*,語基3,*,깔리다01,깔리어,*,*,C,VV
깨끗해지,0,0,0,Verb,自立,*,語基1,*,깨끗해지다,깨끗해지,*,*,C,VV
깨끗해지,0,0,0,Verb,自立,*,語基2,*,깨끗해지다,깨끗해지,*,*,C,VV
깨끗해져,0,0,0,Verb,自立,*,語基3,*,깨끗해지다,깨끗해져,*,*,C,VV
깨끗해지어,0,0,0,Verb,自立,*,語基3,*,깨끗해지다,깨끗해지어,*,*,C,VV
깨닫,0,0,0,Verb,自立,ㄷ変則,語基1,*,깨닫다,깨닫,*,*,C,VV
깨달으,0,0,0,Verb,自立,ㄷ変則,語基2,*,깨닫다,깨달으,*,*,C,VV
깨달아,0,0,0,Verb,自立,ㄷ変則,語基3,*,깨닫다,깨달아,*,*,C,VV
깨뜨리,0,0,0,Verb,自立,*,語基1,*,깨뜨리다,깨뜨리,*,*,C,VV
깨뜨리,0,0,0,Verb,自立,*,語基2,*,깨뜨리다,깨뜨리,*,*,C,VV
깨뜨려,0,0,0,Verb,自立,*,語基3,*,깨뜨리다,깨뜨려,*,*,C,VV
깨뜨리어,0,0,0,Verb,自立,*,語基3,*,깨뜨리다,깨뜨리어,*,*,C,VV
깨어나,0,0,0,Verb,自立,*,語基1,*,깨어나다,깨어나,*,*,C,VV
깨어나,0,0,0,Verb,自立,*,語基2,*,깨어나다,깨어나,*,*,C,VV
깨어나,0,0,0,Verb,自立,*,語基3,*,깨어나다,깨어나,*,*,C,VV
깨어지,0,0,0,Verb,自立,*,語基1,*,깨어지다,깨어지,*,*,C,VV
깨어지,0,0,0,Verb,自立,*,語基2,*,깨어지다,깨어지,*,*,C,VV
깨어져,0,0,0,Verb,自立,*,語基3,*,깨어지다,깨어져,*,*,C,VV
깨어지어,0,0,0,Verb,自立,*,語基3,*,깨어지다,깨어지어,*,*,C,VV
깨우,0,0,0,Verb,自立,*,語基1,*,깨우다01,깨우,*,*,C,VV
깨우,0,0,0,Verb,自立,*,語基2,*,깨우다01,깨우,*,*,C,VV
깨워,0,0,0,Verb,自立,*,語基3,*,깨우다01,깨워,*,*,C,VV
꺾,0,0,0,Verb,自立,*,語基1,*,꺾다,꺾,*,*,C,VV
꺾으,0,0,0,Verb,自立,*,語基2,*,꺾다,꺾으,*,*,C,VV
꺾어,0,0,0,Verb,自立,*,語基3,*,꺾다,꺾어,*,*,C,VV
꼽히,0,0,0,Verb,自立,*,語基1,*,꼽히다01,꼽히,*,*,C,VV
꼽히,0,0,0,Verb,自立,*,語基2,*,꼽히다01,꼽히,*,*,C,VV
꼽혀,0,0,0,Verb,自立,*,語基3,*,꼽히다01,꼽혀,*,*,C,VV
꼽히어,0,0,0,Verb,自立,*,語基3,*,꼽히다01,꼽히어,*,*,C,VV
꽂,0,0,0,Verb,自立,*,語基1,*,꽂다,꽂,*,*,C,VV
꽂으,0,0,0,Verb,自立,*,語基2,*,꽂다,꽂으,*,*,C,VV
꽂아,0,0,0,Verb,自立,*,語基3,*,꽂다,꽂아,*,*,C,VV
꾸,0,0,0,Verb,自立,*,語基1,*,꾸다02,꾸,*,돈을 ~,C,VV
꾸,0,0,0,Verb,自立,*,語基2,*,꾸다02,꾸,*,돈을 ~,C,VV
꾸어,0,0,0,Verb,自立,*,語基3,*,꾸다02,꾸어,*,돈을 ~,C,VV
꿔,0,0,0,Verb,自立,*,語基3,*,꾸다02,꿔,*,돈을 ~,C,VV
꾸리,0,0,0,Verb,自立,*,語基1,*,꾸리다01,꾸리,*,*,C,VV
꾸리,0,0,0,Verb,自立,*,語基2,*,꾸리다01,꾸리,*,*,C,VV
꾸려,0,0,0,Verb,自立,*,語基3,*,꾸리다01,꾸려,*,*,C,VV
꾸리어,0,0,0,Verb,自立,*,語基3,*,꾸리다01,꾸리어,*,*,C,VV
끊기,0,0,0,Verb,自立,*,語基1,*,끊기다,끊기,*,*,C,VV
끊기,0,0,0,Verb,自立,*,語基2,*,끊기다,끊기,*,*,C,VV
끊겨,0,0,0,Verb,自立,*,語基3,*,끊기다,끊겨,*,*,C,VV
끊기어,0,0,0,Verb,自立,*,語基3,*,끊기다,끊기어,*,*,C,VV
끌리,0,0,0,Verb,自立,*,語基1,*,끌리다,끌리,*,*,C,VV
끌리,0,0,0,Verb,自立,*,語基2,*,끌리다,끌리,*,*,C,VV
끌려,0,0,0,Verb,自立,*,語基3,*,끌리다,끌려,*,*,C,VV
끌리어,0,0,0,Verb,自立,*,語基3,*,끌리다,끌리어,*,*,C,VV
끌어당기,0,0,0,Verb,自立,*,語基1,*,끌어당기다,끌어당기,*,*,C,VV
끌어당기,0,0,0,Verb,自立,*,語基2,*,끌어당기다,끌어당기,*,*,C,VV
끌어당겨,0,0,0,Verb,自立,*,語基3,*,끌어당기다,끌어당겨,*,*,C,VV
끌어당기어,0,0,0,Verb,自立,*,語基3,*,끌어당기다,끌어당기어,*,*,C,VV
끼어들,0,0,0,Verb,自立,ㄹ語幹,語基1,*,끼어들다,끼어들,*,*,C,VV
끼어드,0,0,0,Verb,自立,ㄹ語幹-脱落形,語基1,*,끼어들다,끼어드,*,*,C,VV
끼어들,0,0,0,Verb,自立,ㄹ語幹,語基2,*,끼어들다,끼어들,*,*,C,VV
끼어드,0,0,0,Verb,自立,ㄹ語幹-脱落形,語基2,*,끼어들다,끼어드,*,*,C,VV
끼어들어,0,0,0,Verb,自立,ㄹ語幹,語基3,*,끼어들다,끼어들어,*,*,C,VV
끼우,0,0,0,Verb,自立,*,語基1,*,끼우다01,끼우,*,*,C,VV
끼우,0,0,0,Verb,自立,*,語基2,*,끼우다01,끼우,*,*,C,VV
끼워,0,0,0,Verb,自立,*,語基3,*,끼우다01,끼워,*,*,C,VV
나누어지,0,0,0,Verb,自立,*,語基1,*,나누어지다,나누어지,*,*,C,VV
나누어지,0,0,0,Verb,自立,*,語基2,*,나누어지다,나누어지,*,*,C,VV
나누어져,0,0,0,Verb,自立,*,語基3,*,나누어지다,나누어져,*,*,C,VV
나누어지어,0,0,0,Verb,自立,*,語基3,*,나누어지다,나누어지어,*,*,C,VV
나뉘,0,0,0,Verb,自立,*,語基1,*,나뉘다,나뉘,*,*,C,VV
나뉘,0,0,0,Verb,自立,*,語基2,*,나뉘다,나뉘,*,*,C,VV
나뉘어,0,0,0,Verb,自立,*,語基3,*,나뉘다,나뉘어,*,*,C,VV
나르,0,0,0,Verb,自立,르変則,語基1,*,나르다01,나르,*,*,C,VV
나르,0,0,0,Verb,自立,르変則,語基2,*,나르다01,나르,*,*,C,VV
날라,0,0,0,Verb,自立,르変則,語基3,*,나르다01,날라,*,*,C,VV
나아가,0,0,0,Verb,自立,*,語基1,*,나아가다,나아가,*,*,C,VV
나아가,0,0,0,Verb,自立,*,語基2,*,나아가다,나아가,*,*,C,VV
나아가,0,0,0,Verb,自立,*,語基3,*,나아가다,나아가,*,*,C,VV
나아지,0,0,0,Verb,自立,*,語基1,*,나아지다,나아지,*,*,C,VV
나아지,0,0,0,Verb,自立,*,語基2,*,나아지다,나아지,*,*,C,VV
나아져,0,0,0,Verb,自立,*,語基3,*,나아지다,나아져,*,*,C,VV
나아지어,0,0,0,Verb,自立,*,語基3,*,나아지다,나아지어,*,*,C,VV
날리,0,0,0,Verb,自立,*,語基1,*,날리다02,날리,*,'날다'의 사동사,C,VV
날리,0,0,0,Verb,自立,*,語基2,*,날리다02,날리,*,'날다'의 사동사,C,VV
날려,0,0,0,Verb,自立,*,語基3,*,날리다02,날려,*,'날다'의 사동사,C,VV
날리어,0,0,0,Verb,自立,*,語基3,*,날리다02,날리어,*,'날다'의 사동사,C,VV
날아다니,0,0,0,Verb,自立,*,語基1,*,날아다니다,날아다니,*,*,C,VV
날아다니,0,0,0,Verb,自立,*,語基2,*,날아다니다,날아다니,*,*,C,VV
날아다녀,0,0,0,Verb,自立,*,語基3,*,날아다니다,날아다녀,*,*,C,VV
날아다니어,0,0,0,Verb,自立,*,語基3,*,날아다니다,날아다니어,*,*,C,VV
낮추,0,0,0,Verb,自立,*,語基1,*,낮추다,낮추,*,*,C,VV
낮추,0,0,0,Verb,自立,*,語基2,*,낮추다,낮추,*,*,C,VV
낮추어,0,0,0,Verb,自立,*,語基3,*,낮추다,낮추어,*,*,C,VV
낮춰,0,0,0,Verb,自立,*,語基3,*,낮추다,낮춰,*,*,C,VV
내다보,0,0,0,Verb,自立,*,語基1,*,내다보다,내다보,*,*,C,VV
내다보,0,0,0,Verb,自立,*,語基2,*,내다보다,내다보,*,*,C,VV
내다보아,0,0,0,Verb,自立,*,語基3,*,내다보다,내다보아,*,*,C,VV
내다봐,0,0,0,Verb,自立,*,語基3,*,내다보다,내다봐,*,*,C,VV
내려지,0,0,0,Verb,自立,*,語基1,*,내려지다,내려지,*,*,C,VV
내려지,0,0,0,Verb,自立,*,語基2,*,내려지다,내려지,*,*,C,VV
내려져,0,0,0,Verb,自立,*,語基3,*,내려지다,내려져,*,*,C,VV
내려지어,0,0,0,Verb,自立,*,語基3,*,내려지다,내려지어,*,*,C,VV
내버리,0,0,0,Verb,自立,*,語基1,*,내버리다,내버리,*,*,C,VV
내버리,0,0,0,Verb,自立,*,語基2,*,내버리다,내버리,*,*,C,VV
내버려,0,0,0,Verb,自立,*,語基3,*,내버리다,내버려,*,*,C,VV
내버리어,0,0,0,Verb,自立,*,語基3,*,내버리다,내버리어,*,*,C,VV
내보내,0,0,0,Verb,自立,*,語基1,*,내보내다,내보내,*,*,C,VV
내보내,0,0,0,Verb,自立,*,語基2,*,내보내다,내보내,*,*,C,VV
내보내,0,0,0,Verb,自立,*,語基3,*,내보내다,내보내,*,*,C,VV
내보내어,0,0,0,Verb,自立,*,語基3,*,내보내다,내보내어,*,*,C,VV
내쉬,0,0,0,Verb,自立,*,語基1,*,내쉬다,내쉬,*,*,C,VV
내쉬,0,0,0,Verb,自立,*,語基2,*,내쉬다,내쉬,*,*,C,VV
내쉬어,0,0,0,Verb,自立,*,語基3,*,내쉬다,내쉬어,*,*,C,VV
내주,0,0,0,Verb,自立,*,語基1,*,내주다,내주,*,*,C,VV
내주,0,0,0,Verb,自立,*,語基2,*,내주다,내주,*,*,C,VV
내주어,0,0,0,Verb,自立,*,語基3,*,내주다,내주어,*,*,C,VV
내줘,0,0,0,Verb,自立,*,語基3,*,내주다,내줘,*,*,C,VV
넘겨주,0,0,0,Verb,自立,*,語基1,*,넘겨주다,넘겨주,*,*,C,VV
넘겨주,0,0,0,Verb,自立,*,語基2,*,넘겨주다,넘겨주,*,*,C,VV
넘겨주어,0,0,0,Verb,自立,*,語基3,*,넘겨주다,넘겨주어,*,*,C,VV
넘겨줘,0,0,0,Verb,自立,*,語基3,*,넘겨주다,넘겨줘,*,*,C,VV
넘기,0,0,0,Verb,自立,*,語基1,*,넘기다,넘기,*,*,C,VV
넘기,0,0,0,Verb,自立,*,語基2,*,넘기다,넘기,*,*,C,VV
넘겨,0,0,0,Verb,自立,*,語基3,*,넘기다,넘겨,*,*,C,VV
넘기어,0,0,0,Verb,自立,*,語基3,*,넘기다,넘기어,*,*,C,VV
넘어뜨리,0,0,0,Verb,自立,*,語基1,*,넘어뜨리다,넘어뜨리,*,*,C,VV
넘어뜨리,0,0,0,Verb,自立,*,語基2,*,넘어뜨리다,넘어뜨리,*,*,C,VV
넘어뜨려,0,0,0,Verb,自立,*,語基3,*,넘어뜨리다,넘어뜨려,*,*,C,VV
넘어뜨리어,0,0,0,Verb,自立,*,語基3,*,넘어뜨리다,넘어뜨리어,*,*,C,VV
넘어오,0,0,0,Verb,自立,*,語基1,*,넘어오다,넘어오,*,*,C,VV
넘어오,0,0,0,Verb,自立,*,語基2,*,넘어오다,넘어오,*,*,C,VV
넘어와,0,0,0,Verb,自立,*,語基3,*,넘어오다,넘어와,*,*,C,VV
녹,0,0,0,Verb,自立,*,語基1,*,녹다01,녹,*,*,C,VV
녹으,0,0,0,Verb,自立,*,語基2,*,녹다01,녹으,*,*,C,VV
녹아,0,0,0,Verb,自立,*,語基3,*,녹다01,녹아,*,*,C,VV
녹이,0,0,0,Verb,自立,*,語基1,*,녹이다,녹이,*,*,C,VV
녹이,0,0,0,Verb,自立,*,語基2,*,녹이다,녹이,*,*,C,VV
녹여,0,0,0,Verb,自立,*,語基3,*,녹이다,녹여,*,*,C,VV
녹이어,0,0,0,Verb,自立,*,語基3,*,녹이다,녹이어,*,*,C,VV
논하,0,0,0,Verb,自立,*,語基1,*,논하다,논하,論하,*,C,VV
논하,0,0,0,Verb,自立,*,語基2,*,논하다,논하,論하,*,C,VV
논하여,0,0,0,Verb,自立,*,語基3,*,논하다,논하여,論하여,*,C,VV
논해,0,0,0,Verb,自立,*,語基3,*,논하다,논해,論해,*,C,VV
놀리,0,0,0,Verb,自立,*,語基1,*,놀리다01,놀리,*,흉을 보다,C,VV
놀리,0,0,0,Verb,自立,*,語基2,*,놀리다01,놀리,*,흉을 보다,C,VV
놀려,0,0,0,Verb,自立,*,語基3,*,놀리다01,놀려,*,흉을 보다,C,VV
놀리어,0,0,0,Verb,自立,*,語基3,*,놀리다01,놀리어,*,흉을 보다,C,VV
농사짓,0,0,0,Verb,自立,ㅅ変則,語基1,*,농사짓다,농사짓,農事짓,*,C,VV
농사지으,0,0,0,Verb,自立,ㅅ変則,語基2,*,농사짓다,농사지으,農事지으,*,C,VV
농사지어,0,0,0,Verb,自立,ㅅ変則,語基3,*,농사짓다,농사지어,農事지어,*,C,VV
놓아두,0,0,0,Verb,自立,*,語基1,*,놓아두다,놓아두,*,*,C,VV
놓아두,0,0,0,Verb,自立,*,語基2,*,놓아두다,놓아두,*,*,C,VV
놓아두어,0,0,0,Verb,自立,*,語基3,*,놓아두다,놓아두어,*,*,C,VV
놓아둬,0,0,0,Verb,自立,*,語基3,*,놓아두다,놓아둬,*,*,C,VV
놔두,0,0,0,Verb,自立,*,語基1,*,놔두다,놔두,*,놓아두다,C,VV
놔두,0,0,0,Verb,自立,*,語基2,*,놔두다,놔두,*,놓아두다,C,VV
놔두어,0,0,0,Verb,自立,*,語基3,*,놔두다,놔두어,*,놓아두다,C,VV
놔둬,0,0,0,Verb,自立,*,語基3,*,놔두다,놔둬,*,놓아두다,C,VV
눈감,0,0,0,Verb,自立,*,語基1,*,눈감다,눈감,*,*,C,VV
눈감으,0,0,0,Verb,自立,*,語基2,*,눈감다,눈감으,*,*,C,VV
눈감아,0,0,0,Verb,自立,*,語基3,*,눈감다,눈감아,*,*,C,VV
눈뜨,0,0,0,Verb,自立,으語幹,語基1,*,눈뜨다,눈뜨,*,*,C,VV
눈뜨,0,0,0,Verb,自立,으語幹,語基2,*,눈뜨다,눈뜨,*,*,C,VV
눈떠,0,0,0,Verb,自立,으語幹,語基3,*,눈뜨다,눈떠,*,*,C,VV
늘어놓,0,0,0,Verb,自立,*,語基1,*,늘어놓다,늘어놓,*,*,C,VV
늘어놓으,0,0,0,Verb,自立,*,語基2,*,늘어놓다,늘어놓으,*,*,C,VV
늘어놓아,0,0,0,Verb,自立,*,語基3,*,늘어놓다,늘어놓아,*,*,C,VV
늘어서,0,0,0,Verb,自立,*,語基1,*,늘어서다,늘어서,*,*,C,VV
늘어서,0,0,0,Verb,自立,*,語基2,*,늘어서다,늘어서,*,*,C,VV
늘어서,0,0,0,Verb,自立,*,語基3,*,늘어서다,늘어서,*,*,C,VV
늘어지,0,0,0,Verb,自立,*,語基1,*,늘어지다,늘어지,*,*,C,VV
늘어지,0,0,0,Verb,自立,*,語基2,*,늘어지다,늘어지,*,*,C,VV
늘어져,0,0,0,Verb,自立,*,語基3,*,늘어지다,늘어져,*,*,C,VV
늘어지어,0,0,0,Verb,自立,*,語基3,*,늘어지다,늘어지어,*,*,C,VV
늦어지,0,0,0,Verb,自立,*,語基1,*,늦어지다,늦어지,*,*,C,VV
늦어지,0,0,0,Verb,自立,*,語基2,*,늦어지다,늦어지,*,*,C,VV
늦어져,0,0,0,Verb,自立,*,語基3,*,늦어지다,늦어져,*,*,C,VV
늦어지어,0,0,0,Verb,自立,*,語基3,*,늦어지다,늦어지어,*,*,C,VV
다가서,0,0,0,Verb,自立,*,語基1,*,다가서다,다가서,*,*,C,VV
다가서,0,0,0,Verb,自立,*,語基2,*,다가서다,다가서,*,*,C,VV
다가서,0,0,0,Verb,自立,*,語基3,*,다가서다,다가서,*,*,C,VV
다듬,0,0,0,Verb,自立,*,語基1,*,다듬다,다듬,*,*,C,VV
다듬으,0,0,0,Verb,自立,*,語基2,*,다듬다,다듬으,*,*,C,VV
다듬어,0,0,0,Verb,自立,*,語基3,*,다듬다,다듬어,*,*,C,VV
다루,0,0,0,Verb,自立,*,語基1,*,다루다01,다루,*,*,C,VV
다루,0,0,0,Verb,自立,*,語基2,*,다루다01,다루,*,*,C,VV
다루어,0,0,0,Verb,自立,*,語基3,*,다루다01,다루어,*,*,C,VV
다뤄,0,0,0,Verb,自立,*,語基3,*,다루다01,다뤄,*,*,C,VV
다양해지,0,0,0,Verb,自立,*,語基1,*,다양해지다,다양해지,多樣해지,*,C,VV
다양해지,0,0,0,Verb,自立,*,語基2,*,다양해지다,다양해지,多樣해지,*,C,VV
다양해져,0,0,0,Verb,自立,*,語基3,*,다양해지다,다양해져,多樣해져,*,C,VV
다양해지어,0,0,0,Verb,自立,*,語基3,*,다양해지다,다양해지어,多樣해지어,*,C,VV
다지,0,0,0,Verb,自立,*,語基1,*,다지다,다지,*,*,C,VV
다지,0,0,0,Verb,自立,*,語基2,*,다지다,다지,*,*,C,VV
다져,0,0,0,Verb,自立,*,語基3,*,다지다,다져,*,*,C,VV
다지어,0,0,0,Verb,自立,*,語基3,*,다지다,다지어,*,*,C,VV
다투,0,0,0,Verb,自立,*,語基1,*,다투다,다투,*,*,C,VV
다투,0,0,0,Verb,自立,*,語基2,*,다투다,다투,*,*,C,VV
다투어,0,0,0,Verb,自立,*,語基3,*,다투다,다투어,*,*,C,VV
다퉈,0,0,0,Verb,自立,*,語基3,*,다투다,다퉈,*,*,C,VV
닥치,0,0,0,Verb,自立,*,語基1,*,닥치다01,닥치,*,다다르다,C,VV
닥치,0,0,0,Verb,自立,*,語基2,*,닥치다01,닥치,*,다다르다,C,VV
닥쳐,0,0,0,Verb,自立,*,語基3,*,닥치다01,닥쳐,*,다다르다,C,VV
닥치어,0,0,0,Verb,自立,*,語基3,*,닥치다01,닥치어,*,다다르다,C,VV
달,0,0,0,Verb,自立,ㄹ語幹,語基1,*,달다04,달,*,무게를 ~,C,VV
다,0,0,0,Verb,自立,ㄹ語幹-脱落形,語基1,*,달다04,다,*,무게를 ~,C,VV
달,0,0,0,Verb,自立,ㄹ語幹,語基2,*,달다04,달,*,무게를 ~,C,VV
다,0,0,0,Verb,自立,ㄹ語幹-脱落形,語基2,*,달다04,다,*,무게를 ~,C,VV
달아,0,0,0,Verb,自立,ㄹ語幹,語基3,*,달다04,달아,*,무게를 ~,C,VV
달래,0,0,0,Verb,自立,*,語基1,*,달래다01,달래,*,*,C,VV
달래,0,0,0,Verb,自立,*,語基2,*,달래다01,달래,*,*,C,VV
달래,0,0,0,Verb,自立,*,語基3,*,달래다01,달래,*,*,C,VV
달래어,0,0,0,Verb,自立,*,語基3,*,달래다01,달래어,*,*,C,VV
달려들,0,0,0,Verb,自立,ㄹ語幹,語基1,*,달려들다,달려들,*,*,C,VV
달려드,0,0,0,Verb,自立,ㄹ語幹-脱落形,語基1,*,달려들다,달려드,*,*,C,VV
달려들,0,0,0,Verb,自立,ㄹ語幹,語基2,*,달려들다,달려들,*,*,C,VV
달려드,0,0,0,Verb,自立,ㄹ語幹-脱落形,語基2,*,달려들다,달려드,*,*,C,VV
달려들어,0,0,0,Verb,自立,ㄹ語幹,語基3,*,달려들다,달려들어,*,*,C,VV
당하,0,0,0,Verb,自立,*,語基1,*,당하다01,당하,當하,*,C,VV
당하,0,0,0,Verb,自立,*,語基2,*,당하다01,당하,當하,*,C,VV
당하여,0,0,0,Verb,自立,*,語基3,*,당하다01,당하여,當하여,*,C,VV
당해,0,0,0,Verb,自立,*,語基3,*,당하다01,당해,當해,*,C,VV
대,0,0,0,Verb,自立,*,語基1,*,대다01,대,*,귀에 ~,C,VV
대,0,0,0,Verb,自立,*,語基2,*,대다01,대,*,귀에 ~,C,VV
대,0,0,0,Verb,自立,*,語基3,*,대다01,대,*,귀에 ~,C,VV
대어,0,0,0,Verb,自立,*,語基3,*,대다01,대어,*,귀에 ~,C,VV
더러워지,0,0,0,Verb,自立,*,語基1,*,더러워지다,더러워지,*,*,C,VV
더러워지,0,0,0,Verb,自立,*,語基2,*,더러워지다,더러워지,*,*,C,VV
더러워져,0,0,0,Verb,自立,*,語基3,*,더러워지다,더러워져,*,*,C,VV
더러워지어,0,0,0,Verb,自立,*,語基3,*,더러워지다,더러워지어,*,*,C,VV
더불,0,0,0,Verb,自立,ㄹ語幹,語基1,*,더불다,더불,*,*,C,VV
더부,0,0,0,Verb,自立,ㄹ語幹-脱落形,語基1,*,더불다,더부,*,*,C,VV
더불,0,0,0,Verb,自立,ㄹ語幹,語基2,*,더불다,더불,*,*,C,VV
더부,0,0,0,Verb,自立,ㄹ語幹-脱落形,語基2,*,더불다,더부,*,*,C,VV
더불어,0,0,0,Verb,自立,ㄹ語幹,語基3,*,더불다,더불어,*,*,C,VV
덜,0,0,0,Verb,自立,ㄹ語幹,語基1,*,덜다01,덜,*,*,C,VV
더,0,0,0,Verb,自立,ㄹ語幹-脱落形,語基1,*,덜다01,더,*,*,C,VV
덜,0,0,0,Verb,自立,ㄹ語幹,語基2,*,덜다01,덜,*,*,C,VV
더,0,0,0,Verb,自立,ㄹ語幹-脱落形,語基2,*,덜다01,더,*,*,C,VV
덜어,0,0,0,Verb,自立,ㄹ語幹,語基3,*,덜다01,덜어,*,*,C,VV
덧붙이,0,0,0,Verb,自立,*,語基1,*,덧붙이다,덧붙이,*,*,C,VV
덧붙이,0,0,0,Verb,自立,*,語基2,*,덧붙이다,덧붙이,*,*,C,VV
덧붙여,0,0,0,Verb,自立,*,語基3,*,덧붙이다,덧붙여,*,*,C,VV
덧붙이어,0,0,0,Verb,自立,*,語基3,*,덧붙이다,덧붙이어,*,*,C,VV
덮이,0,0,0,Verb,自立,*,語基1,*,덮이다,덮이,*,*,C,VV
덮이,0,0,0,Verb,自立,*,語基2,*,덮이다,덮이,*,*,C,VV
덮여,0,0,0,Verb,自立,*,語基3,*,덮이다,덮여,*,*,C,VV
덮이어,0,0,0,Verb,自立,*,語基3,*,덮이다,덮이어,*,*,C,VV
데우,0,0,0,Verb,自立,*,語基1,*,데우다01,데우,*,*,C,VV
데우,0,0,0,Verb,自立,*,語基2,*,데우다01,데우,*,*,C,VV
데워,0,0,0,Verb,自立,*,語基3,*,데우다01,데워,*,*,C,VV
도망치,0,0,0,Verb,自立,*,語基1,*,도망치다,도망치,逃亡치,*,C,VV
도망치,0,0,0,Verb,自立,*,語基2,*,도망치다,도망치,逃亡치,*,C,VV
도망쳐,0,0,0,Verb,自立,*,語基3,*,도망치다,도망쳐,逃亡쳐,*,C,VV
도망치어,0,0,0,Verb,自立,*,語基3,*,도망치다,도망치어,逃亡치어,*,C,VV
돌아다니,0,0,0,Verb,自立,*,語基1,*,돌아다니다,돌아다니,*,*,C,VV
돌아다니,0,0,0,Verb,自立,*,語基2,*,돌아다니다,돌아다니,*,*,C,VV
돌아다녀,0,0,0,Verb,自立,*,語基3,*,돌아다니다,돌아다녀,*,*,C,VV
돌아다니어,0,0,0,Verb,自立,*,語基3,*,돌아다니다,돌아다니어,*,*,C,VV
되돌리,0,0,0,Verb,自立,*,語基1,*,되돌리다,되돌리,*,*,C,VV
되돌리,0,0,0,Verb,自立,*,語基2,*,되돌리다,되돌리,*,*,C,VV
되돌려,0,0,0,Verb,自立,*,語基3,*,되돌리다,되돌려,*,*,C,VV
되돌리어,0,0,0,Verb,自立,*,語基3,*,되돌리다,되돌리어,*,*,C,VV
되돌아가,0,0,0,Verb,自立,*,語基1,*,되돌아가다,되돌아가,*,*,C,VV
되돌아가,0,0,0,Verb,自立,*,語基2,*,되돌아가다,되돌아가,*,*,C,VV
되돌아가,0,0,0,Verb,自立,*,語基3,*,되돌아가다,되돌아가,*,*,C,VV
되돌아보,0,0,0,Verb,自立,*,語基1,*,되돌아보다,되돌아보,*,*,C,VV
되돌아보,0,0,0,Verb,自立,*,語基2,*,되돌아보다,되돌아보,*,*,C,VV
되돌아보아,0,0,0,Verb,自立,*,語基3,*,되돌아보다,되돌아보아,*,*,C,VV
되돌아봐,0,0,0,Verb,自立,*,語基3,*,되돌아보다,되돌아봐,*,*,C,VV
되돌아오,0,0,0,Verb,自立,*,語基1,*,되돌아오다,되돌아오,*,*,C,VV
되돌아오,0,0,0,Verb,自立,*,語基2,*,되돌아오다,되돌아오,*,*,C,VV
되돌아와,0,0,0,Verb,自立,*,語基3,*,되돌아오다,되돌아와,*,*,C,VV
되살리,0,0,0,Verb,自立,*,語基1,*,되살리다,되살리,*,*,C,VV
되살리,0,0,0,Verb,自立,*,語基2,*,되살리다,되살리,*,*,C,VV
되살려,0,0,0,Verb,自立,*,語基3,*,되살리다,되살려,*,*,C,VV
되살리어,0,0,0,Verb,自立,*,語基3,*,되살리다,되살리어,*,*,C,VV
되찾,0,0,0,Verb,自立,*,語基1,*,되찾다,되찾,*,*,C,VV
되찾으,0,0,0,Verb,自立,*,語基2,*,되찾다,되찾으,*,*,C,VV
되찾아,0,0,0,Verb,自立,*,語基3,*,되찾다,되찾아,*,*,C,VV
두르,0,0,0,Verb,自立,르変則,語基1,*,두르다,두르,*,*,C,VV
두르,0,0,0,Verb,自立,르変則,語基2,*,두르다,두르,*,*,C,VV
둘러,0,0,0,Verb,自立,르変則,語基3,*,두르다,둘러,*,*,C,VV
두리번거리,0,0,0,Verb,自立,*,語基1,*,두리번거리다,두리번거리,*,*,C,VV
두리번거리,0,0,0,Verb,自立,*,語基2,*,두리번거리다,두리번거리,*,*,C,VV
두리번거려,0,0,0,Verb,自立,*,語基3,*,두리번거리다,두리번거려,*,*,C,VV
두리번거리어,0,0,0,Verb,自立,*,語基3,*,두리번거리다,두리번거리어,*,*,C,VV
둘러싸,0,0,0,Verb,自立,*,語基1,*,둘러싸다,둘러싸,*,*,C,VV
둘러싸,0,0,0,Verb,自立,*,語基2,*,둘러싸다,둘러싸,*,*,C,VV
둘러싸,0,0,0,Verb,自立,*,語基3,*,둘러싸다,둘러싸,*,*,C,VV
둘러싸이,0,0,0,Verb,自立,*,語基1,*,둘러싸이다,둘러싸이,*,*,C,VV
둘러싸이,0,0,0,Verb,自立,*,語基2,*,둘러싸이다,둘러싸이,*,*,C,VV
둘러싸여,0,0,0,Verb,自立,*,語基3,*,둘러싸이다,둘러싸여,*,*,C,VV
둘러싸이어,0,0,0,Verb,自立,*,語基3,*,둘러싸이다,둘러싸이어,*,*,C,VV
뒤따르,0,0,0,Verb,自立,으語幹,語基1,*,뒤따르다,뒤따르,*,*,C,VV
뒤따르,0,0,0,Verb,自立,으語幹,語基2,*,뒤따르다,뒤따르,*,*,C,VV
뒤따라,0,0,0,Verb,自立,으語幹,語基3,*,뒤따르다,뒤따라,*,*,C,VV
뒤지,0,0,0,Verb,自立,*,語基1,*,뒤지다02,뒤지,*,가방을 ~,C,VV
뒤지,0,0,0,Verb,自立,*,語基2,*,뒤지다02,뒤지,*,가방을 ~,C,VV
뒤져,0,0,0,Verb,自立,*,語基3,*,뒤지다02,뒤져,*,가방을 ~,C,VV
뒤지어,0,0,0,Verb,自立,*,語基3,*,뒤지다02,뒤지어,*,가방을 ~,C,VV
드러나,0,0,0,Verb,自立,*,語基1,*,드러나다,드러나,*,*,C,VV
드러나,0,0,0,Verb,自立,*,語基2,*,드러나다,드러나,*,*,C,VV
드러나,0,0,0,Verb,自立,*,語基3,*,드러나다,드러나,*,*,C,VV
들어주,0,0,0,Verb,自立,*,語基1,*,들어주다,들어주,*,*,C,VV
들어주,0,0,0,Verb,自立,*,語基2,*,들어주다,들어주,*,*,C,VV
들어주어,0,0,0,Verb,自立,*,語基3,*,들어주다,들어주어,*,*,C,VV
들어줘,0,0,0,Verb,自立,*,語基3,*,들어주다,들어줘,*,*,C,VV
들여놓,0,0,0,Verb,自立,*,語基1,*,들여놓다,들여놓,*,*,C,VV
들여놓으,0,0,0,Verb,自立,*,語基2,*,들여놓다,들여놓으,*,*,C,VV
들여놓아,0,0,0,Verb,自立,*,語基3,*,들여놓다,들여놓아,*,*,C,VV
들이,0,0,0,Verb,自立,*,語基1,*,들이다02,들이,*,'들다'의 사동사,C,VV
들이,0,0,0,Verb,自立,*,語基2,*,들이다02,들이,*,'들다'의 사동사,C,VV
들여,0,0,0,Verb,自立,*,語基3,*,들이다02,들여,*,'들다'의 사동사,C,VV
들이어,0,0,0,Verb,自立,*,語基3,*,들이다02,들이어,*,'들다'의 사동사,C,VV
들이마시,0,0,0,Verb,自立,*,語基1,*,들이마시다02,들이마시,*,숨을 ~,C,VV
들이마시,0,0,0,Verb,自立,*,語基2,*,들이마시다02,들이마시,*,숨을 ~,C,VV
들이마셔,0,0,0,Verb,自立,*,語基3,*,들이마시다02,들이마셔,*,숨을 ~,C,VV
들이마시어,0,0,0,Verb,自立,*,語基3,*,들이마시다02,들이마시어,*,숨을 ~,C,VV
들이켜,0,0,0,Verb,自立,*,語基1,*,들이켜다01,들이켜,*,*,C,VV
들이켜,0,0,0,Verb,自立,*,語基2,*,들이켜다01,들이켜,*,*,C,VV
들이켜,0,0,0,Verb,自立,*,語基3,*,들이켜다01,들이켜,*,*,C,VV
들이켜어,0,0,0,Verb,自立,*,語基3,*,들이켜다01,들이켜어,*,*,C,VV
따라다니,0,0,0,Verb,自立,*,語基1,*,따라다니다,따라다니,*,*,C,VV
따라다니,0,0,0,Verb,自立,*,語基2,*,따라다니다,따라다니,*,*,C,VV
따라다녀,0,0,0,Verb,自立,*,語基3,*,따라다니다,따라다녀,*,*,C,VV
따라다니어,0,0,0,Verb,自立,*,語基3,*,따라다니다,따라다니어,*,*,C,VV
때리,0,0,0,Verb,自立,*,語基1,*,때리다01,때리,*,*,C,VV
때리,0,0,0,Verb,自立,*,語基2,*,때리다01,때리,*,*,C,VV
때려,0,0,0,Verb,自立,*,語基3,*,때리다01,때려,*,*,C,VV
때리어,0,0,0,Verb,自立,*,語基3,*,때리다01,때리어,*,*,C,VV
떠나가,0,0,0,Verb,自立,*,語基1,*,떠나가다,떠나가,*,*,C,VV
떠나가,0,0,0,Verb,自立,*,語基2,*,떠나가다,떠나가,*,*,C,VV
떠나가,0,0,0,Verb,自立,*,語基3,*,떠나가다,떠나가,*,*,C,VV
떠나오,0,0,0,Verb,自立,*,語基1,*,떠나오다,떠나오,*,*,C,VV
떠나오,0,0,0,Verb,自立,*,語基2,*,떠나오다,떠나오,*,*,C,VV
떠나와,0,0,0,Verb,自立,*,語基3,*,떠나오다,떠나와,*,*,C,VV
뚫,0,0,0,Verb,自立,*,語基1,*,뚫다,뚫,*,*,C,VV
뚫으,0,0,0,Verb,自立,*,語基2,*,뚫다,뚫으,*,*,C,VV
뚫어,0,0,0,Verb,自立,*,語基3,*,뚫다,뚫어,*,*,C,VV
뛰놀,0,0,0,Verb,自立,ㄹ語幹,語基1,*,뛰놀다,뛰놀,*,*,C,VV
뛰노,0,0,0,Verb,自立,ㄹ語幹-脱落形,語基1,*,뛰놀다,뛰노,*,*,C,VV
뛰놀,0,0,0,Verb,自立,ㄹ語幹,語基2,*,뛰놀다,뛰놀,*,*,C,VV
뛰노,0,0,0,Verb,自立,ㄹ語幹-脱落形,語基2,*,뛰놀다,뛰노,*,*,C,VV
뛰놀아,0,0,0,Verb,自立,ㄹ語幹,語基3,*,뛰놀다,뛰놀아,*,*,C,VV
뛰어가,0,0,0,Verb,自立,*,語基1,*,뛰어가다,뛰어가,*,*,C,VV
뛰어가,0,0,0,Verb,自立,*,語基2,*,뛰어가다,뛰어가,*,*,C,VV
뛰어가,0,0,0,Verb,自立,*,語基3,*,뛰어가다,뛰어가,*,*,C,VV
뛰어나오,0,0,0,Verb,自立,*,語基1,*,뛰어나오다,뛰어나오,*,*,C,VV
뛰어나오,0,0,0,Verb,自立,*,語基2,*,뛰어나오다,뛰어나오,*,*,C,VV
뛰어나와,0,0,0,Verb,自立,*,語基3,*,뛰어나오다,뛰어나와,*,*,C,VV
뛰어내리,0,0,0,Verb,自立,*,語基1,*,뛰어내리다,뛰어내리,*,*,C,VV
뛰어내리,0,0,0,Verb,自立,*,語基2,*,뛰어내리다,뛰어내리,*,*,C,VV
뛰어내려,0,0,0,Verb,自立,*,語基3,*,뛰어내리다,뛰어내려,*,*,C,VV
뛰어내리어,0,0,0,Verb,自立,*,語基3,*,뛰어내리다,뛰어내리어,*,*,C,VV
뛰어넘,0,0,0,Verb,自立,*,語基1,*,뛰어넘다,뛰어넘,*,*,C,VV
뛰어넘으,0,0,0,Verb,自立,*,語基2,*,뛰어넘다,뛰어넘으,*,*,C,VV
뛰어넘어,0,0,0,Verb,自立,*,語基3,*,뛰어넘다,뛰어넘어,*,*,C,VV
뛰어놀,0,0,0,Verb,自立,ㄹ語幹,語基1,*,뛰어놀다,뛰어놀,*,*,C,VV
뛰어노,0,0,0,Verb,自立,ㄹ語幹-脱落形,語基1,*,뛰어놀다,뛰어노,*,*,C,VV
뛰어놀,0,0,0,Verb,自立,ㄹ語幹,語基2,*,뛰어놀다,뛰어놀,*,*,C,VV
뛰어노,0,0,0,Verb,自立,ㄹ語幹-脱落形,語基2,*,뛰어놀다,뛰어노,*,*,C,VV
뛰어놀아,0,0,0,Verb,自立,ㄹ語幹,語基3,*,뛰어놀다,뛰어놀아,*,*,C,VV
뛰어오르,0,0,0,Verb,自立,르変則,語基1,*,뛰어오르다,뛰어오르,*,*,C,VV
뛰어오르,0,0,0,Verb,自立,르変則,語基2,*,뛰어오르다,뛰어오르,*,*,C,VV
뛰어올라,0,0,0,Verb,自立,르変則,語基3,*,뛰어오르다,뛰어올라,*,*,C,VV
뜨,0,0,0,Verb,自立,으語幹,語基1,*,뜨다03,뜨,*,떠나다,C,VV
뜨,0,0,0,Verb,自立,으語幹,語基2,*,뜨다03,뜨,*,떠나다,C,VV
떠,0,0,0,Verb,自立,으語幹,語基3,*,뜨다03,떠,*,떠나다,C,VV
뜯,0,0,0,Verb,自立,*,語基1,*,뜯다,뜯,*,*,C,VV
뜯으,0,0,0,Verb,自立,*,語基2,*,뜯다,뜯으,*,*,C,VV
뜯어,0,0,0,Verb,自立,*,語基3,*,뜯다,뜯어,*,*,C,VV
띄,0,0,0,Verb,自立,*,語基1,*,띄다01,띄,*,눈에 ~,C,VV
띄,0,0,0,Verb,自立,*,語基2,*,띄다01,띄,*,눈에 ~,C,VV
띄어,0,0,0,Verb,自立,*,語基3,*,띄다01,띄어,*,눈에 ~,C,VV
띄우,0,0,0,Verb,自立,*,語基1,*,띄우다02,띄우,*,배를 ~,C,VV
띄우,0,0,0,Verb,自立,*,語基2,*,띄우다02,띄우,*,배를 ~,C,VV
띄워,0,0,0,Verb,自立,*,語基3,*,띄우다02,띄워,*,배를 ~,C,VV
마음먹,0,0,0,Verb,自立,*,語基1,*,마음먹다,마음먹,*,*,C,VV
마음먹으,0,0,0,Verb,自立,*,語基2,*,마음먹다,마음먹으,*,*,C,VV
마음먹어,0,0,0,Verb,自立,*,語基3,*,마음먹다,마음먹어,*,*,C,VV
마주치,0,0,0,Verb,自立,*,語基1,*,마주치다,마주치,*,*,C,VV
마주치,0,0,0,Verb,自立,*,語基2,*,마주치다,마주치,*,*,C,VV
마주쳐,0,0,0,Verb,自立,*,語基3,*,마주치다,마주쳐,*,*,C,VV
마주치어,0,0,0,Verb,自立,*,語基3,*,마주치다,마주치어,*,*,C,VV
말,0,0,0,Verb,自立,ㄹ語幹,語基1,*,말다01,말,*,감다,C,VV
마,0,0,0,Verb,自立,ㄹ語幹-脱落形,語基1,*,말다01,마,*,감다,C,VV
말,0,0,0,Verb,自立,ㄹ語幹,語基2,*,말다01,말,*,감다,C,VV
마,0,0,0,Verb,自立,ㄹ語幹-脱落形,語基2,*,말다01,마,*,감다,C,VV
말아,0,0,0,Verb,自立,ㄹ語幹,語基3,*,말다01,말아,*,감다,C,VV
말리,0,0,0,Verb,自立,*,語基1,*,말리다02,말리,*,싸움을 ~,C,VV
말리,0,0,0,Verb,自立,*,語基2,*,말리다02,말리,*,싸움을 ~,C,VV
말려,0,0,0,Verb,自立,*,語基3,*,말리다02,말려,*,싸움을 ~,C,VV
말리어,0,0,0,Verb,自立,*,語基3,*,말리다02,말리어,*,싸움을 ~,C,VV
말리,0,0,0,Verb,自立,*,語基1,*,말리다03,말리,*,빨래를 ~,C,VV
말리,0,0,0,Verb,自立,*,語基2,*,말리다03,말리,*,빨래를 ~,C,VV
말려,0,0,0,Verb,自立,*,語基3,*,말리다03,말려,*,빨래를 ~,C,VV
말리어,0,0,0,Verb,自立,*,語基3,*,말리다03,말리어,*,빨래를 ~,C,VV
맛보,0,0,0,Verb,自立,*,語基1,*,맛보다01,맛보,*,*,C,VV
맛보,0,0,0,Verb,自立,*,語基2,*,맛보다01,맛보,*,*,C,VV
맛보아,0,0,0,Verb,自立,*,語基3,*,맛보다01,맛보아,*,*,C,VV
맛봐,0,0,0,Verb,自立,*,語基3,*,맛보다01,맛봐,*,*,C,VV
망설이,0,0,0,Verb,自立,*,語基1,*,망설이다,망설이,*,*,C,VV
망설이,0,0,0,Verb,自立,*,語基2,*,망설이다,망설이,*,*,C,VV
망설여,0,0,0,Verb,自立,*,語基3,*,망설이다,망설여,*,*,C,VV
망설이어,0,0,0,Verb,自立,*,語基3,*,망설이다,망설이어,*,*,C,VV
망치,0,0,0,Verb,自立,*,語基1,*,망치다,망치,*,*,C,VV
망치,0,0,0,Verb,自立,*,語基2,*,망치다,망치,*,*,C,VV
망쳐,0,0,0,Verb,自立,*,語基3,*,망치다,망쳐,*,*,C,VV
망치어,0,0,0,Verb,自立,*,語基3,*,망치다,망치어,*,*,C,VV
망하,0,0,0,Verb,自立,*,語基1,*,망하다,망하,亡하,*,C,VV
망하,0,0,0,Verb,自立,*,語基2,*,망하다,망하,亡하,*,C,VV
망하여,0,0,0,Verb,自立,*,語基3,*,망하다,망하여,亡하여,*,C,VV
망해,0,0,0,Verb,自立,*,語基3,*,망하다,망해,亡해,*,C,VV
맡,0,0,0,Verb,自立,*,語基1,*,맡다02,맡,*,냄새를 ~,C,VV
맡으,0,0,0,Verb,自立,*,語基2,*,맡다02,맡으,*,냄새를 ~,C,VV
맡아,0,0,0,Verb,自立,*,語基3,*,맡다02,맡아,*,냄새를 ~,C,VV
매달,0,0,0,Verb,自立,ㄹ語幹,語基1,*,매달다,매달,*,*,C,VV
매다,0,0,0,Verb,自立,ㄹ語幹-脱落形,語基1,*,매달다,매다,*,*,C,VV
매달,0,0,0,Verb,自立,ㄹ語幹,語基2,*,매달다,매달,*,*,C,VV
매다,0,0,0,Verb,自立,ㄹ語幹-脱落形,語基2,*,매달다,매다,*,*,C,VV
매달아,0,0,0,Verb,自立,ㄹ語幹,語基3,*,매달다,매달아,*,*,C,VV
매달리,0,0,0,Verb,自立,*,語基1,*,매달리다,매달리,*,*,C,VV
매달리,0,0,0,Verb,自立,*,語基2,*,매달리다,매달리,*,*,C,VV
매달려,0,0,0,Verb,自立,*,語基3,*,매달리다,매달려,*,*,C,VV
매달리어,0,0,0,Verb,自立,*,語基3,*,매달리다,매달리어,*,*,C,VV
맺,0,0,0,Verb,自立,*,語基1,*,맺다,맺,*,*,C,VV
맺으,0,0,0,Verb,自立,*,語基2,*,맺다,맺으,*,*,C,VV
맺어,0,0,0,Verb,自立,*,語基3,*,맺다,맺어,*,*,C,VV
머물,0,0,0,Verb,自立,ㄹ語幹,語基1,*,머물다,머물,*,*,C,VV
머무,0,0,0,Verb,自立,ㄹ語幹-脱落形,語基1,*,머물다,머무,*,*,C,VV
머물,0,0,0,Verb,自立,ㄹ語幹,語基2,*,머물다,머물,*,*,C,VV
머무,0,0,0,Verb,自立,ㄹ語幹-脱落形,語基2,*,머물다,머무,*,*,C,VV
머물어,0,0,0,Verb,自立,ㄹ語幹,語基3,*,머물다,머물어,*,*,C,VV
먹고살,0,0,0,Verb,自立,ㄹ語幹,語基1,*,먹고살다,먹고살,*,*,C,VV
먹고사,0,0,0,Verb,自立,ㄹ語幹-脱落形,語基1,*,먹고살다,먹고사,*,*,C,VV
먹고살,0,0,0,Verb,自立,ㄹ語幹,語基2,*,먹고살다,먹고살,*,*,C,VV
먹고사,0,0,0,Verb,自立,ㄹ語幹-脱落形,語基2,*,먹고살다,먹고사,*,*,C,VV
먹고살아,0,0,0,Verb,自立,ㄹ語幹,語基3,*,먹고살다,먹고살아,*,*,C,VV
먹,0,0,0,Verb,自立,*,語基1,*,먹다01,먹,*,귀를 ~,C,VV
먹으,0,0,0,Verb,自立,*,語基2,*,먹다01,먹으,*,귀를 ~,C,VV
먹어,0,0,0,Verb,自立,*,語基3,*,먹다01,먹어,*,귀를 ~,C,VV
멎,0,0,0,Verb,自立,*,語基1,*,멎다01,멎,*,*,C,VV
멎으,0,0,0,Verb,自立,*,語基2,*,멎다01,멎으,*,*,C,VV
멎어,0,0,0,Verb,自立,*,語基3,*,멎다01,멎어,*,*,C,VV
메우,0,0,0,Verb,自立,*,語基1,*,메우다02,메우,*,'메다'의 사동사,C,VV
메우,0,0,0,Verb,自立,*,語基2,*,메우다02,메우,*,'메다'의 사동사,C,VV
메워,0,0,0,Verb,自立,*,語基3,*,메우다02,메워,*,'메다'의 사동사,C,VV
면하,0,0,0,Verb,自立,*,語基1,*,면하다01,면하,免하,*,C,VV
면하,0,0,0,Verb,自立,*,語基2,*,면하다01,면하,免하,*,C,VV
면하여,0,0,0,Verb,自立,*,語基3,*,면하다01,면하여,免하여,*,C,VV
면해,0,0,0,Verb,自立,*,語基3,*,면하다01,면해,免해,*,C,VV
모여들,0,0,0,Verb,自立,ㄹ語幹,語基1,*,모여들다,모여들,*,*,C,VV
모여드,0,0,0,Verb,自立,ㄹ語幹-脱落形,語基1,*,모여들다,모여드,*,*,C,VV
모여들,0,0,0,Verb,自立,ㄹ語幹,語基2,*,모여들다,모여들,*,*,C,VV
모여드,0,0,0,Verb,自立,ㄹ語幹-脱落形,語基2,*,모여들다,모여드,*,*,C,VV
모여들어,0,0,0,Verb,自立,ㄹ語幹,語基3,*,모여들다,모여들어,*,*,C,VV
몰려들,0,0,0,Verb,自立,ㄹ語幹,語基1,*,몰려들다,몰려들,*,*,C,VV
몰려드,0,0,0,Verb,自立,ㄹ語幹-脱落形,語基1,*,몰려들다,몰려드,*,*,C,VV
몰려들,0,0,0,Verb,自立,ㄹ語幹,語基2,*,몰려들다,몰려들,*,*,C,VV
몰려드,0,0,0,Verb,自立,ㄹ語幹-脱落形,語基2,*,몰려들다,몰려드,*,*,C,VV
몰려들어,0,0,0,Verb,自立,ㄹ語幹,語基3,*,몰려들다,몰려들어,*,*,C,VV
몰려오,0,0,0,Verb,自立,*,語基1,*,몰려오다,몰려오,*,*,C,VV
몰려오,0,0,0,Verb,自立,*,語基2,*,몰려오다,몰려오,*,*,C,VV
몰려와,0,0,0,Verb,自立,*,語基3,*,몰려오다,몰려와,*,*,C,VV
무너지,0,0,0,Verb,自立,*,語基1,*,무너지다,무너지,*,*,C,VV
무너지,0,0,0,Verb,自立,*,語基2,*,무너지다,무너지,*,*,C,VV
무너져,0,0,0,Verb,自立,*,語基3,*,무너지다,무너져,*,*,C,VV
무너지어,0,0,0,Verb,自立,*,語基3,*,무너지다,무너지어,*,*,C,VV
묵,0,0,0,Verb,自立,*,語基1,*,묵다01,묵,*,오래된 상태,C,VV
묵으,0,0,0,Verb,自立,*,語基2,*,묵다01,묵으,*,오래된 상태,C,VV
묵어,0,0,0,Verb,自立,*,語基3,*,묵다01,묵어,*,오래된 상태,C,VV
묵,0,0,0,Verb,自立,*,語基1,*,묵다02,묵,*,머무르다,C,VV
묵으,0,0,0,Verb,自立,*,語基2,*,묵다02,묵으,*,머무르다,C,VV
묵어,0,0,0,Verb,自立,*,語基3,*,묵다02,묵어,*,머무르다,C,VV
묶이,0,0,0,Verb,自立,*,語基1,*,묶이다,묶이,*,*,C,VV
묶이,0,0,0,Verb,自立,*,語基2,*,묶이다,묶이,*,*,C,VV
묶여,0,0,0,Verb,自立,*,語基3,*,묶이다,묶여,*,*,C,VV
묶이어,0,0,0,Verb,自立,*,語基3,*,묶이다,묶이어,*,*,C,VV
묻,0,0,0,Verb,自立,*,語基1,*,묻다02,묻,*,시체를 ~,C,VV
묻으,0,0,0,Verb,自立,*,語基2,*,묻다02,묻으,*,시체를 ~,C,VV
묻어,0,0,0,Verb,自立,*,語基3,*,묻다02,묻어,*,시체를 ~,C,VV
묻히,0,0,0,Verb,自立,*,語基1,*,묻히다01,묻히,*,옷에 흙을 ~,C,VV
묻히,0,0,0,Verb,自立,*,語基2,*,묻히다01,묻히,*,옷에 흙을 ~,C,VV
묻혀,0,0,0,Verb,自立,*,語基3,*,묻히다01,묻혀,*,옷에 흙을 ~,C,VV
묻히어,0,0,0,Verb,自立,*,語基3,*,묻히다01,묻히어,*,옷에 흙을 ~,C,VV
묻히,0,0,0,Verb,自立,*,語基1,*,묻히다02,묻히,*,땅에 ~,C,VV
묻히,0,0,0,Verb,自立,*,語基2,*,묻히다02,묻히,*,땅에 ~,C,VV
묻혀,0,0,0,Verb,自立,*,語基3,*,묻히다02,묻혀,*,땅에 ~,C,VV
묻히어,0,0,0,Verb,自立,*,語基3,*,묻히다02,묻히어,*,땅에 ~,C,VV
물러나,0,0,0,Verb,自立,*,語基1,*,물러나다,물러나,*,*,C,VV
물러나,0,0,0,Verb,自立,*,語基2,*,물러나다,물러나,*,*,C,VV
물러나,0,0,0,Verb,自立,*,語基3,*,물러나다,물러나,*,*,C,VV
미끄러지,0,0,0,Verb,自立,*,語基1,*,미끄러지다,미끄러지,*,*,C,VV
미끄러지,0,0,0,Verb,自立,*,語基2,*,미끄러지다,미끄러지,*,*,C,VV
미끄러져,0,0,0,Verb,自立,*,語基3,*,미끄러지다,미끄러져,*,*,C,VV
미끄러지어,0,0,0,Verb,自立,*,語基3,*,미끄러지다,미끄러지어,*,*,C,VV
미루,0,0,0,Verb,自立,*,語基1,*,미루다,미루,*,*,C,VV
미루,0,0,0,Verb,自立,*,語基2,*,미루다,미루,*,*,C,VV
미루어,0,0,0,Verb,自立,*,語基3,*,미루다,미루어,*,*,C,VV
미뤄,0,0,0,Verb,自立,*,語基3,*,미루다,미뤄,*,*,C,VV
믿어지,0,0,0,Verb,自立,*,語基1,*,믿어지다,믿어지,*,*,C,VV
믿어지,0,0,0,Verb,自立,*,語基2,*,믿어지다,믿어지,*,*,C,VV
믿어져,0,0,0,Verb,自立,*,語基3,*,믿어지다,믿어져,*,*,C,VV
믿어지어,0,0,0,Verb,自立,*,語基3,*,믿어지다,믿어지어,*,*,C,VV
밀리,0,0,0,Verb,自立,*,語基1,*,밀리다01,밀리,*,방세가 ~,C,VV
밀리,0,0,0,Verb,自立,*,語基2,*,밀리다01,밀리,*,방세가 ~,C,VV
밀려,0,0,0,Verb,自立,*,語基3,*,밀리다01,밀려,*,방세가 ~,C,VV
밀리어,0,0,0,Verb,自立,*,語基3,*,밀리다01,밀리어,*,방세가 ~,C,VV
바로잡,0,0,0,Verb,自立,*,語基1,*,바로잡다,바로잡,*,*,C,VV
바로잡으,0,0,0,Verb,自立,*,語基2,*,바로잡다,바로잡으,*,*,C,VV
바로잡아,0,0,0,Verb,自立,*,語基3,*,바로잡다,바로잡아,*,*,C,VV
바치,0,0,0,Verb,自立,*,語基1,*,바치다01,바치,*,드리다,C,VV
바치,0,0,0,Verb,自立,*,語基2,*,바치다01,바치,*,드리다,C,VV
바쳐,0,0,0,Verb,自立,*,語基3,*,바치다01,바쳐,*,드리다,C,VV
바치어,0,0,0,Verb,自立,*,語基3,*,바치다01,바치어,*,드리다,C,VV
박,0,0,0,Verb,自立,*,語基1,*,박다01,박,*,*,C,VV
박으,0,0,0,Verb,自立,*,語基2,*,박다01,박으,*,*,C,VV
박아,0,0,0,Verb,自立,*,語基3,*,박다01,박아,*,*,C,VV
박히,0,0,0,Verb,自立,*,語基1,*,박히다,박히,*,*,C,VV
박히,0,0,0,Verb,自立,*,語基2,*,박히다,박히,*,*,C,VV
박혀,0,0,0,Verb,自立,*,語基3,*,박히다,박혀,*,*,C,VV
박히어,0,0,0,Verb,自立,*,語基3,*,박히다,박히어,*,*,C,VV
반기,0,0,0,Verb,自立,*,語基1,*,반기다,반기,*,*,C,VV
반기,0,0,0,Verb,自立,*,語基2,*,반기다,반기,*,*,C,VV
반겨,0,0,0,Verb,自立,*,語基3,*,반기다,반겨,*,*,C,VV
반기어,0,0,0,Verb,自立,*,語基3,*,반기다,반기어,*,*,C,VV
반짝거리,0,0,0,Verb,自立,*,語基1,*,반짝거리다,반짝거리,*,*,C,VV
반짝거리,0,0,0,Verb,自立,*,語基2,*,반짝거리다,반짝거리,*,*,C,VV
반짝거려,0,0,0,Verb,自立,*,語基3,*,반짝거리다,반짝거려,*,*,C,VV
반짝거리어,0,0,0,Verb,自立,*,語基3,*,반짝거리다,반짝거리어,*,*,C,VV
반짝이,0,0,0,Verb,自立,*,語基1,*,반짝이다,반짝이,*,*,C,VV
반짝이,0,0,0,Verb,自立,*,語基2,*,반짝이다,반짝이,*,*,C,VV
반짝여,0,0,0,Verb,自立,*,語基3,*,반짝이다,반짝여,*,*,C,VV
반짝이어,0,0,0,Verb,自立,*,語基3,*,반짝이다,반짝이어,*,*,C,VV
밝아지,0,0,0,Verb,自立,*,語基1,*,밝아지다,밝아지,*,*,C,VV
밝아지,0,0,0,Verb,自立,*,語基2,*,밝아지다,밝아지,*,*,C,VV
밝아져,0,0,0,Verb,自立,*,語基3,*,밝아지다,밝아져,*,*,C,VV
밝아지어,0,0,0,Verb,自立,*,語基3,*,밝아지다,밝아지어,*,*,C,VV
밝혀내,0,0,0,Verb,自立,*,語基1,*,밝혀내다,밝혀내,*,*,C,VV
밝혀내,0,0,0,Verb,自立,*,語基2,*,밝혀내다,밝혀내,*,*,C,VV
밝혀내,0,0,0,Verb,自立,*,語基3,*,밝혀내다,밝혀내,*,*,C,VV
밝혀내어,0,0,0,Verb,自立,*,語基3,*,밝혀내다,밝혀내어,*,*,C,VV
밝혀지,0,0,0,Verb,自立,*,語基1,*,밝혀지다,밝혀지,*,*,C,VV
밝혀지,0,0,0,Verb,自立,*,語基2,*,밝혀지다,밝혀지,*,*,C,VV
밝혀져,0,0,0,Verb,自立,*,語基3,*,밝혀지다,밝혀져,*,*,C,VV
밝혀지어,0,0,0,Verb,自立,*,語基3,*,밝혀지다,밝혀지어,*,*,C,VV
밤새우,0,0,0,Verb,自立,*,語基1,*,밤새우다,밤새우,*,*,C,VV
밤새우,0,0,0,Verb,自立,*,語基2,*,밤새우다,밤새우,*,*,C,VV
밤새워,0,0,0,Verb,自立,*,語基3,*,밤새우다,밤새워,*,*,C,VV
배,0,0,0,Verb,自立,*,語基1,*,배다01,배,*,땀이 ~,C,VV
배,0,0,0,Verb,自立,*,語基2,*,배다01,배,*,땀이 ~,C,VV
배,0,0,0,Verb,自立,*,語基3,*,배다01,배,*,땀이 ~,C,VV
배어,0,0,0,Verb,自立,*,語基3,*,배다01,배어,*,땀이 ~,C,VV
뱉,0,0,0,Verb,自立,*,語基1,*,뱉다,뱉,*,*,C,VV
뱉으,0,0,0,Verb,自立,*,語基2,*,뱉다,뱉으,*,*,C,VV
뱉어,0,0,0,Verb,自立,*,語基3,*,뱉다,뱉어,*,*,C,VV
버려지,0,0,0,Verb,自立,*,語基1,*,버려지다,버려지,*,*,C,VV
버려지,0,0,0,Verb,自立,*,語基2,*,버려지다,버려지,*,*,C,VV
버려져,0,0,0,Verb,自立,*,語基3,*,버려지다,버려져,*,*,C,VV
버려지어,0,0,0,Verb,自立,*,語基3,*,버려지다,버려지어,*,*,C,VV
버티,0,0,0,Verb,自立,*,語基1,*,버티다,버티,*,*,C,VV
버티,0,0,0,Verb,自立,*,語基2,*,버티다,버티,*,*,C,VV
버텨,0,0,0,Verb,自立,*,語基3,*,버티다,버텨,*,*,C,VV
버티어,0,0,0,Verb,自立,*,語基3,*,버티다,버티어,*,*,C,VV
벌어지,0,0,0,Verb,自立,*,語基1,*,벌어지다01,벌어지,*,틈이 ~,C,VV
벌어지,0,0,0,Verb,自立,*,語基2,*,벌어지다01,벌어지,*,틈이 ~,C,VV
벌어져,0,0,0,Verb,自立,*,語基3,*,벌어지다01,벌어져,*,틈이 ~,C,VV
벌어지어,0,0,0,Verb,自立,*,語基3,*,벌어지다01,벌어지어,*,틈이 ~,C,VV
베,0,0,0,Verb,自立,*,語基1,*,베다02,베,*,목을 ~,C,VV
베,0,0,0,Verb,自立,*,語基2,*,베다02,베,*,목을 ~,C,VV
베,0,0,0,Verb,自立,*,語基3,*,베다02,베,*,목을 ~,C,VV
베어,0,0,0,Verb,自立,*,語基3,*,베다02,베어,*,목을 ~,C,VV
보내오,0,0,0,Verb,自立,*,語基1,*,보내오다,보내오,*,*,C,VV
보내오,0,0,0,Verb,自立,*,語基2,*,보내오다,보내오,*,*,C,VV
보내와,0,0,0,Verb,自立,*,語基3,*,보내오다,보내와,*,*,C,VV
보살피,0,0,0,Verb,自立,*,語基1,*,보살피다,보살피,*,*,C,VV
보살피,0,0,0,Verb,自立,*,語基2,*,보살피다,보살피,*,*,C,VV
보살펴,0,0,0,Verb,自立,*,語基3,*,보살피다,보살펴,*,*,C,VV
보살피어,0,0,0,Verb,自立,*,語基3,*,보살피다,보살피어,*,*,C,VV
부딪히,0,0,0,Verb,自立,*,語基1,*,부딪히다,부딪히,*,*,C,VV
부딪히,0,0,0,Verb,自立,*,語基2,*,부딪히다,부딪히,*,*,C,VV
부딪혀,0,0,0,Verb,自立,*,語基3,*,부딪히다,부딪혀,*,*,C,VV
부딪히어,0,0,0,Verb,自立,*,語基3,*,부딪히다,부딪히어,*,*,C,VV
부러지,0,0,0,Verb,自立,*,語基1,*,부러지다,부러지,*,*,C,VV
부러지,0,0,0,Verb,自立,*,語基2,*,부러지다,부러지,*,*,C,VV
부러져,0,0,0,Verb,自立,*,語基3,*,부러지다,부러져,*,*,C,VV
부러지어,0,0,0,Verb,自立,*,語基3,*,부러지다,부러지어,*,*,C,VV
부서지,0,0,0,Verb,自立,*,語基1,*,부서지다,부서지,*,*,C,VV
부서지,0,0,0,Verb,自立,*,語基2,*,부서지다,부서지,*,*,C,VV
부서져,0,0,0,Verb,自立,*,語基3,*,부서지다,부서져,*,*,C,VV
부서지어,0,0,0,Verb,自立,*,語基3,*,부서지다,부서지어,*,*,C,VV
분명해지,0,0,0,Verb,自立,*,語基1,*,분명해지다,분명해지,分明해지,*,C,VV
분명해지,0,0,0,Verb,自立,*,語基2,*,분명해지다,분명해지,分明해지,*,C,VV
분명해져,0,0,0,Verb,自立,*,語基3,*,분명해지다,분명해져,分明해져,*,C,VV
분명해지어,0,0,0,Verb,自立,*,語基3,*,분명해지다,분명해지어,分明해지어,*,C,VV
불러일으키,0,0,0,Verb,自立,*,語基1,*,불러일으키다,불러일으키,*,*,C,VV
불러일으키,0,0,0,Verb,自立,*,語基2,*,불러일으키다,불러일으키,*,*,C,VV
불러일으켜,0,0,0,Verb,自立,*,語基3,*,불러일으키다,불러일으켜,*,*,C,VV
불러일으키어,0,0,0,Verb,自立,*,語基3,*,불러일으키다,불러일으키어,*,*,C,VV
불리,0,0,0,Verb,自立,*,語基1,*,불리다07,불리,*,물에 ~,C,VV
불리,0,0,0,Verb,自立,*,語基2,*,불리다07,불리,*,물에 ~,C,VV
불려,0,0,0,Verb,自立,*,語基3,*,불리다07,불려,*,물에 ~,C,VV
불리어,0,0,0,Verb,自立,*,語基3,*,불리다07,불리어,*,물에 ~,C,VV
불어오,0,0,0,Verb,自立,*,語基1,*,불어오다,불어오,*,*,C,VV
불어오,0,0,0,Verb,自立,*,語基2,*,불어오다,불어오,*,*,C,VV
불어와,0,0,0,Verb,自立,*,語基3,*,불어오다,불어와,*,*,C,VV
붐비,0,0,0,Verb,自立,*,語基1,*,붐비다,붐비,*,*,C,VV
붐비,0,0,0,Verb,自立,*,語基2,*,붐비다,붐비,*,*,C,VV
붐벼,0,0,0,Verb,自立,*,語基3,*,붐비다,붐벼,*,*,C,VV
붐비어,0,0,0,Verb,自立,*,語基3,*,붐비다,붐비어,*,*,C,VV
붓,0,0,0,Verb,自立,ㅅ変則,語基1,*,붓다01,붓,*,얼굴이 ~,C,VV
부으,0,0,0,Verb,自立,ㅅ変則,語基2,*,붓다01,부으,*,얼굴이 ~,C,VV
부어,0,0,0,Verb,自立,ㅅ変則,語基3,*,붓다01,부어,*,얼굴이 ~,C,VV
붙들,0,0,0,Verb,自立,ㄹ語幹,語基1,*,붙들다,붙들,*,*,C,VV
붙드,0,0,0,Verb,自立,ㄹ語幹-脱落形,語基1,*,붙들다,붙드,*,*,C,VV
붙들,0,0,0,Verb,自立,ㄹ語幹,語基2,*,붙들다,붙들,*,*,C,VV
붙드,0,0,0,Verb,自立,ㄹ語幹-脱落形,語基2,*,붙들다,붙드,*,*,C,VV
붙들어,0,0,0,Verb,自立,ㄹ語幹,語基3,*,붙들다,붙들어,*,*,C,VV
붙잡,0,0,0,Verb,自立,*,語基1,*,붙잡다,붙잡,*,*,C,VV
붙잡으,0,0,0,Verb,自立,*,語基2,*,붙잡다,붙잡으,*,*,C,VV
붙잡아,0,0,0,Verb,自立,*,語基3,*,붙잡다,붙잡아,*,*,C,VV
붙잡히,0,0,0,Verb,自立,*,語基1,*,붙잡히다,붙잡히,*,*,C,VV
붙잡히,0,0,0,Verb,自立,*,語基2,*,붙잡히다,붙잡히,*,*,C,VV
붙잡혀,0,0,0,Verb,自立,*,語基3,*,붙잡히다,붙잡혀,*,*,C,VV
붙잡히어,0,0,0,Verb,自立,*,語基3,*,붙잡히다,붙잡히어,*,*,C,VV
비기,0,0,0,Verb,自立,*,語基1,*,비기다01,비기,*,*,C,VV
비기,0,0,0,Verb,自立,*,語基2,*,비기다01,비기,*,*,C,VV
비겨,0,0,0,Verb,自立,*,語基3,*,비기다01,비겨,*,*,C,VV
비기어,0,0,0,Verb,自立,*,語基3,*,비기다01,비기어,*,*,C,VV
비,0,0,0,Verb,自立,*,語基1,*,비다01,비,*,*,C,VV
비,0,0,0,Verb,自立,*,語基2,*,비다01,비,*,*,C,VV
벼,0,0,0,Verb,自立,*,語基3,*,비다01,벼,*,*,C,VV
비어,0,0,0,Verb,自立,*,語基3,*,비다01,비어,*,*,C,VV
비비,0,0,0,Verb,自立,*,語基1,*,비비다,비비,*,*,C,VV
비비,0,0,0,Verb,自立,*,語基2,*,비비다,비비,*,*,C,VV
비벼,0,0,0,Verb,自立,*,語基3,*,비비다,비벼,*,*,C,VV
비비어,0,0,0,Verb,自立,*,語基3,*,비비다,비비어,*,*,C,VV
비우,0,0,0,Verb,自立,*,語基1,*,비우다01,비우,*,*,C,VV
비우,0,0,0,Verb,自立,*,語基2,*,비우다01,비우,*,*,C,VV
비워,0,0,0,Verb,自立,*,語基3,*,비우다01,비워,*,*,C,VV
비웃,0,0,0,Verb,自立,*,語基1,*,비웃다,비웃,*,*,C,VV
비웃으,0,0,0,Verb,自立,*,語基2,*,비웃다,비웃으,*,*,C,VV
비웃어,0,0,0,Verb,自立,*,語基3,*,비웃다,비웃어,*,*,C,VV
비추,0,0,0,Verb,自立,*,語基1,*,비추다,비추,*,*,C,VV
비추,0,0,0,Verb,自立,*,語基2,*,비추다,비추,*,*,C,VV
비추어,0,0,0,Verb,自立,*,語基3,*,비추다,비추어,*,*,C,VV
비춰,0,0,0,Verb,自立,*,語基3,*,비추다,비춰,*,*,C,VV
비치,0,0,0,Verb,自立,*,語基1,*,비치다01,비치,*,*,C,VV
비치,0,0,0,Verb,自立,*,語基2,*,비치다01,비치,*,*,C,VV
비쳐,0,0,0,Verb,自立,*,語基3,*,비치다01,비쳐,*,*,C,VV
비치어,0,0,0,Verb,自立,*,語基3,*,비치다01,비치어,*,*,C,VV
비하,0,0,0,Verb,自立,*,語基1,*,비하다,비하,比하,*,C,VV
비하,0,0,0,Verb,自立,*,語基2,*,비하다,비하,比하,*,C,VV
비하여,0,0,0,Verb,自立,*,語基3,*,비하다,비하여,比하여,*,C,VV
비해,0,0,0,Verb,自立,*,語基3,*,비하다,비해,比해,*,C,VV
빛나,0,0,0,Verb,自立,*,語基1,*,빛나다,빛나,*,*,C,VV
빛나,0,0,0,Verb,自立,*,語基2,*,빛나다,빛나,*,*,C,VV
빛나,0,0,0,Verb,自立,*,語基3,*,빛나다,빛나,*,*,C,VV
빠뜨리,0,0,0,Verb,自立,*,語基1,*,빠뜨리다,빠뜨리,*,*,C,VV
빠뜨리,0,0,0,Verb,自立,*,語基2,*,빠뜨리다,빠뜨리,*,*,C,VV
빠뜨려,0,0,0,Verb,自立,*,語基3,*,빠뜨리다,빠뜨려,*,*,C,VV
빠뜨리어,0,0,0,Verb,自立,*,語基3,*,빠뜨리다,빠뜨리어,*,*,C,VV
빠져나가,0,0,0,Verb,自立,*,語基1,*,빠져나가다,빠져나가,*,*,C,VV
빠져나가,0,0,0,Verb,自立,*,語基2,*,빠져나가다,빠져나가,*,*,C,VV
빠져나가,0,0,0,Verb,自立,*,語基3,*,빠져나가다,빠져나가,*,*,C,VV
빠져나오,0,0,0,Verb,自立,*,語基1,*,빠져나오다,빠져나오,*,*,C,VV
빠져나오,0,0,0,Verb,自立,*,語基2,*,빠져나오다,빠져나오,*,*,C,VV
빠져나와,0,0,0,Verb,自立,*,語基3,*,빠져나오다,빠져나와,*,*,C,VV
빨,0,0,0,Verb,自立,ㄹ語幹,語基1,*,빨다01,빨,*,젖을 ~,C,VV
빠,0,0,0,Verb,自立,ㄹ語幹-脱落形,語基1,*,빨다01,빠,*,젖을 ~,C,VV
빨,0,0,0,Verb,自立,ㄹ語幹,語基2,*,빨다01,빨,*,젖을 ~,C,VV
빠,0,0,0,Verb,自立,ㄹ語幹-脱落形,語基2,*,빨다01,빠,*,젖을 ~,C,VV
빨아,0,0,0,Verb,自立,ㄹ語幹,語基3,*,빨다01,빨아,*,젖을 ~,C,VV
빼놓,0,0,0,Verb,自立,*,語基1,*,빼놓다,빼놓,*,*,C,VV
빼놓으,0,0,0,Verb,自立,*,語基2,*,빼놓다,빼놓으,*,*,C,VV
빼놓아,0,0,0,Verb,自立,*,語基3,*,빼놓다,빼놓아,*,*,C,VV
빼앗기,0,0,0,Verb,自立,*,語基1,*,빼앗기다,빼앗기,*,*,C,VV
빼앗기,0,0,0,Verb,自立,*,語基2,*,빼앗기다,빼앗기,*,*,C,VV
빼앗겨,0,0,0,Verb,自立,*,語基3,*,빼앗기다,빼앗겨,*,*,C,VV
빼앗기어,0,0,0,Verb,自立,*,語基3,*,빼앗기다,빼앗기어,*,*,C,VV
빼앗,0,0,0,Verb,自立,*,語基1,*,빼앗다,빼앗,*,*,C,VV
빼앗으,0,0,0,Verb,自立,*,語基2,*,빼앗다,빼앗으,*,*,C,VV
빼앗아,0,0,0,Verb,自立,*,語基3,*,빼앗다,빼앗아,*,*,C,VV
뺏,0,0,0,Verb,自立,*,語基1,*,뺏다,뺏,*,*,C,VV
뺏으,0,0,0,Verb,自立,*,語基2,*,뺏다,뺏으,*,*,C,VV
뺏어,0,0,0,Verb,自立,*,語基3,*,뺏다,뺏어,*,*,C,VV
뽑히,0,0,0,Verb,自立,*,語基1,*,뽑히다,뽑히,*,*,C,VV
뽑히,0,0,0,Verb,自立,*,語基2,*,뽑히다,뽑히,*,*,C,VV
뽑혀,0,0,0,Verb,自立,*,語基3,*,뽑히다,뽑혀,*,*,C,VV
뽑히어,0,0,0,Verb,自立,*,語基3,*,뽑히다,뽑히어,*,*,C,VV
뿌리치,0,0,0,Verb,自立,*,語基1,*,뿌리치다,뿌리치,*,*,C,VV
뿌리치,0,0,0,Verb,自立,*,語基2,*,뿌리치다,뿌리치,*,*,C,VV
뿌리쳐,0,0,0,Verb,自立,*,語基3,*,뿌리치다,뿌리쳐,*,*,C,VV
뿌리치어,0,0,0,Verb,自立,*,語基3,*,뿌리치다,뿌리치어,*,*,C,VV
사귀,0,0,0,Verb,自立,*,語基1,*,사귀다,사귀,*,*,C,VV
사귀,0,0,0,Verb,自立,*,語基2,*,사귀다,사귀,*,*,C,VV
사귀어,0,0,0,Verb,自立,*,語基3,*,사귀다,사귀어,*,*,C,VV
사들이,0,0,0,Verb,自立,*,語基1,*,사들이다,사들이,*,*,C,VV
사들이,0,0,0,Verb,自立,*,語基2,*,사들이다,사들이,*,*,C,VV
사들여,0,0,0,Verb,自立,*,語基3,*,사들이다,사들여,*,*,C,VV
사들이어,0,0,0,Verb,自立,*,語基3,*,사들이다,사들이어,*,*,C,VV
살아가,0,0,0,Verb,自立,*,語基1,*,살아가다,살아가,*,*,C,VV
살아가,0,0,0,Verb,自立,*,語基2,*,살아가다,살아가,*,*,C,VV
살아가,0,0,0,Verb,自立,*,語基3,*,살아가다,살아가,*,*,C,VV
살아나,0,0,0,Verb,自立,*,語基1,*,살아나다,살아나,*,*,C,VV
살아나,0,0,0,Verb,自立,*,語基2,*,살아나다,살아나,*,*,C,VV
살아나,0,0,0,Verb,自立,*,語基3,*,살아나다,살아나,*,*,C,VV
살아남,0,0,0,Verb,自立,*,語基1,*,살아남다,살아남,*,*,C,VV
살아남으,0,0,0,Verb,自立,*,語基2,*,살아남다,살아남으,*,*,C,VV
살아남아,0,0,0,Verb,自立,*,語基3,*,살아남다,살아남아,*,*,C,VV
살아오,0,0,0,Verb,自立,*,語基1,*,살아오다,살아오,*,*,C,VV
살아오,0,0,0,Verb,自立,*,語基2,*,살아오다,살아오,*,*,C,VV
살아와,0,0,0,Verb,自立,*,語基3,*,살아오다,살아와,*,*,C,VV
살피,0,0,0,Verb,自立,*,語基1,*,살피다01,살피,*,*,C,VV
살피,0,0,0,Verb,自立,*,語基2,*,살피다01,살피,*,*,C,VV
살펴,0,0,0,Verb,自立,*,語基3,*,살피다01,살펴,*,*,C,VV
살피어,0,0,0,Verb,自立,*,語基3,*,살피다01,살피어,*,*,C,VV
삼가,0,0,0,Verb,自立,*,語基1,*,삼가다,삼가,*,*,C,VV
삼가,0,0,0,Verb,自立,*,語基2,*,삼가다,삼가,*,*,C,VV
삼가,0,0,0,Verb,自立,*,語基3,*,삼가다,삼가,*,*,C,VV
삼,0,0,0,Verb,自立,*,語基1,*,삼다02,삼,*,친구로 ~,C,VV
삼으,0,0,0,Verb,自立,*,語基2,*,삼다02,삼으,*,친구로 ~,C,VV
삼아,0,0,0,Verb,自立,*,語基3,*,삼다02,삼아,*,친구로 ~,C,VV
삼키,0,0,0,Verb,自立,*,語基1,*,삼키다,삼키,*,*,C,VV
삼키,0,0,0,Verb,自立,*,語基2,*,삼키다,삼키,*,*,C,VV
삼켜,0,0,0,Verb,自立,*,語基3,*,삼키다,삼켜,*,*,C,VV
삼키어,0,0,0,Verb,自立,*,語基3,*,삼키다,삼키어,*,*,C,VV
새기,0,0,0,Verb,自立,*,語基1,*,새기다01,새기,*,문신을 ~,C,VV
새기,0,0,0,Verb,自立,*,語基2,*,새기다01,새기,*,문신을 ~,C,VV
새겨,0,0,0,Verb,自立,*,語基3,*,새기다01,새겨,*,문신을 ~,C,VV
새기어,0,0,0,Verb,自立,*,語基3,*,새기다01,새기어,*,문신을 ~,C,VV
새,0,0,0,Verb,自立,*,語基1,*,새다01,새,*,비가 ~,C,VV
새,0,0,0,Verb,自立,*,語基2,*,새다01,새,*,비가 ~,C,VV
새,0,0,0,Verb,自立,*,語基3,*,새다01,새,*,비가 ~,C,VV
새어,0,0,0,Verb,自立,*,語基3,*,새다01,새어,*,비가 ~,C,VV
새우,0,0,0,Verb,自立,*,語基1,*,새우다01,새우,*,밤을 ~,C,VV
새우,0,0,0,Verb,自立,*,語基2,*,새우다01,새우,*,밤을 ~,C,VV
새워,0,0,0,Verb,自立,*,語基3,*,새우다01,새워,*,밤을 ~,C,VV
세,0,0,0,Verb,自立,*,語基1,*,세다02,세,*,돈을 ~,C,VV
세,0,0,0,Verb,自立,*,語基2,*,세다02,세,*,돈을 ~,C,VV
세,0,0,0,Verb,自立,*,語基3,*,세다02,세,*,돈을 ~,C,VV
세어,0,0,0,Verb,自立,*,語基3,*,세다02,세어,*,돈을 ~,C,VV
속삭이,0,0,0,Verb,自立,*,語基1,*,속삭이다,속삭이,*,*,C,VV
속삭이,0,0,0,Verb,自立,*,語基2,*,속삭이다,속삭이,*,*,C,VV
속삭여,0,0,0,Verb,自立,*,語基3,*,속삭이다,속삭여,*,*,C,VV
속삭이어,0,0,0,Verb,自立,*,語基3,*,속삭이다,속삭이어,*,*,C,VV
속이,0,0,0,Verb,自立,*,語基1,*,속이다,속이,*,*,C,VV
속이,0,0,0,Verb,自立,*,語基2,*,속이다,속이,*,*,C,VV
속여,0,0,0,Verb,自立,*,語基3,*,속이다,속여,*,*,C,VV
속이어,0,0,0,Verb,自立,*,語基3,*,속이다,속이어,*,*,C,VV
손잡,0,0,0,Verb,自立,*,語基1,*,손잡다,손잡,*,*,C,VV
손잡으,0,0,0,Verb,自立,*,語基2,*,손잡다,손잡으,*,*,C,VV
손잡아,0,0,0,Verb,自立,*,語基3,*,손잡다,손잡아,*,*,C,VV
솟,0,0,0,Verb,自立,*,語基1,*,솟다01,솟,*,*,C,VV
솟으,0,0,0,Verb,自立,*,語基2,*,솟다01,솟으,*,*,C,VV
솟아,0,0,0,Verb,自立,*,語基3,*,솟다01,솟아,*,*,C,VV
숨기,0,0,0,Verb,自立,*,語基1,*,숨기다,숨기,*,*,C,VV
숨기,0,0,0,Verb,自立,*,語基2,*,숨기다,숨기,*,*,C,VV
숨겨,0,0,0,Verb,自立,*,語基3,*,숨기다,숨겨,*,*,C,VV
숨기어,0,0,0,Verb,自立,*,語基3,*,숨기다,숨기어,*,*,C,VV
숨지,0,0,0,Verb,自立,*,語基1,*,숨지다,숨지,*,*,C,VV
숨지,0,0,0,Verb,自立,*,語基2,*,숨지다,숨지,*,*,C,VV
숨져,0,0,0,Verb,自立,*,語基3,*,숨지다,숨져,*,*,C,VV
숨지어,0,0,0,Verb,自立,*,語基3,*,숨지다,숨지어,*,*,C,VV
스치,0,0,0,Verb,自立,*,語基1,*,스치다01,스치,*,살짝 닿다,C,VV
스치,0,0,0,Verb,自立,*,語基2,*,스치다01,스치,*,살짝 닿다,C,VV
스쳐,0,0,0,Verb,自立,*,語基3,*,스치다01,스쳐,*,살짝 닿다,C,VV
스치어,0,0,0,Verb,自立,*,語基3,*,스치다01,스치어,*,살짝 닿다,C,VV
시들,0,0,0,Verb,自立,ㄹ語幹,語基1,*,시들다,시들,*,*,C,VV
시드,0,0,0,Verb,自立,ㄹ語幹-脱落形,語基1,*,시들다,시드,*,*,C,VV
시들,0,0,0,Verb,自立,ㄹ語幹,語基2,*,시들다,시들,*,*,C,VV
시드,0,0,0,Verb,自立,ㄹ語幹-脱落形,語基2,*,시들다,시드,*,*,C,VV
시들어,0,0,0,Verb,自立,ㄹ語幹,語基3,*,시들다,시들어,*,*,C,VV
시집가,0,0,0,Verb,自立,*,語基1,*,시집가다,시집가,媤집가,*,C,VV
시집가,0,0,0,Verb,自立,*,語基2,*,시집가다,시집가,媤집가,*,C,VV
시집가,0,0,0,Verb,自立,*,語基3,*,시집가다,시집가,媤집가,*,C,VV
식히,0,0,0,Verb,自立,*,語基1,*,식히다,식히,*,*,C,VV
식히,0,0,0,Verb,自立,*,語基2,*,식히다,식히,*,*,C,VV
식혀,0,0,0,Verb,自立,*,語基3,*,식히다,식혀,*,*,C,VV
식히어,0,0,0,Verb,自立,*,語基3,*,식히다,식히어,*,*,C,VV
실리,0,0,0,Verb,自立,*,語基1,*,실리다01,실리,*,'싣다'의 피동사,C,VV
실리,0,0,0,Verb,自立,*,語基2,*,실리다01,실리,*,'싣다'의 피동사,C,VV
실려,0,0,0,Verb,自立,*,語基3,*,실리다01,실려,*,'싣다'의 피동사,C,VV
실리어,0,0,0,Verb,自立,*,語基3,*,실리다01,실리어,*,'싣다'의 피동사,C,VV
심각해지,0,0,0,Verb,自立,*,語基1,*,심각해지다,심각해지,深刻해지,*,C,VV
심각해지,0,0,0,Verb,自立,*,語基2,*,심각해지다,심각해지,深刻해지,*,C,VV
심각해져,0,0,0,Verb,自立,*,語基3,*,심각해지다,심각해져,深刻해져,*,C,VV
심각해지어,0,0,0,Verb,自立,*,語基3,*,심각해지다,심각해지어,深刻해지어,*,C,VV
쓰다듬,0,0,0,Verb,自立,*,語基1,*,쓰다듬다,쓰다듬,*,*,C,VV
쓰다듬으,0,0,0,Verb,自立,*,語基2,*,쓰다듬다,쓰다듬으,*,*,C,VV
쓰다듬어,0,0,0,Verb,自立,*,語基3,*,쓰다듬다,쓰다듬어,*,*,C,VV
쓰러지,0,0,0,Verb,自立,*,語基1,*,쓰러지다,쓰러지,*,*,C,VV
쓰러지,0,0,0,Verb,自立,*,語基2,*,쓰러지다,쓰러지,*,*,C,VV
쓰러져,0,0,0,Verb,自立,*,語基3,*,쓰러지다,쓰러져,*,*,C,VV
쓰러지어,0,0,0,Verb,自立,*,語基3,*,쓰러지다,쓰러지어,*,*,C,VV
쓰이,0,0,0,Verb,自立,*,語基1,*,쓰이다03,쓰이,*,농사에 기계가 ~,C,VV
쓰이,0,0,0,Verb,自立,*,語基2,*,쓰이다03,쓰이,*,농사에 기계가 ~,C,VV
쓰여,0,0,0,Verb,自立,*,語基3,*,쓰이다03,쓰여,*,농사에 기계가 ~,C,VV
쓰이어,0,0,0,Verb,自立,*,語基3,*,쓰이다03,쓰이어,*,농사에 기계가 ~,C,VV
쓸,0,0,0,Verb,自立,ㄹ語幹,語基1,*,쓸다02,쓸,*,마당을 ~,C,VV
쓰,0,0,0,Verb,自立,ㄹ語幹-脱落形,語基1,*,쓸다02,쓰,*,마당을 ~,C,VV
쓸,0,0,0,Verb,自立,ㄹ語幹,語基2,*,쓸다02,쓸,*,마당을 ~,C,VV
쓰,0,0,0,Verb,自立,ㄹ語幹-脱落形,語基2,*,쓸다02,쓰,*,마당을 ~,C,VV
쓸어,0,0,0,Verb,自立,ㄹ語幹,語基3,*,쓸다02,쓸어,*,마당을 ~,C,VV
씌우,0,0,0,Verb,自立,*,語基1,*,씌우다01,씌우,*,아이에게 모자를 ~,C,VV
씌우,0,0,0,Verb,自立,*,語基2,*,씌우다01,씌우,*,아이에게 모자를 ~,C,VV
씌워,0,0,0,Verb,自立,*,語基3,*,씌우다01,씌워,*,아이에게 모자를 ~,C,VV
씻기,0,0,0,Verb,自立,*,語基1,*,씻기다01,씻기,*,비에 ~,C,VV
씻기,0,0,0,Verb,自立,*,語基2,*,씻기다01,씻기,*,비에 ~,C,VV
씻겨,0,0,0,Verb,自立,*,語基3,*,씻기다01,씻겨,*,비에 ~,C,VV
씻기어,0,0,0,Verb,自立,*,語基3,*,씻기다01,씻기어,*,비에 ~,C,VV
씻기,0,0,0,Verb,自立,*,語基1,*,씻기다02,씻기,*,아이를 ~,C,VV
씻기,0,0,0,Verb,自立,*,語基2,*,씻기다02,씻기,*,아이를 ~,C,VV
씻겨,0,0,0,Verb,自立,*,語基3,*,씻기다02,씻겨,*,아이를 ~,C,VV
씻기어,0,0,0,Verb,自立,*,語基3,*,씻기다02,씻기어,*,아이를 ~,C,VV
아끼,0,0,0,Verb,自立,*,語基1,*,아끼다,아끼,*,*,C,VV
아끼,0,0,0,Verb,自立,*,語基2,*,아끼다,아끼,*,*,C,VV
아껴,0,0,0,Verb,自立,*,語基3,*,아끼다,아껴,*,*,C,VV
아끼어,0,0,0,Verb,自立,*,語基3,*,아끼다,아끼어,*,*,C,VV
안기,0,0,0,Verb,自立,*,語基1,*,안기다01,안기,*,'안다'의 피동사,C,VV
안기,0,0,0,Verb,自立,*,語基2,*,안기다01,안기,*,'안다'의 피동사,C,VV
안겨,0,0,0,Verb,自立,*,語基3,*,안기다01,안겨,*,'안다'의 피동사,C,VV
안기어,0,0,0,Verb,自立,*,語基3,*,안기다01,안기어,*,'안다'의 피동사,C,VV
안기,0,0,0,Verb,自立,*,語基1,*,안기다02,안기,*,'안다'의 사동사,C,VV
안기,0,0,0,Verb,自立,*,語基2,*,안기다02,안기,*,'안다'의 사동사,C,VV
안겨,0,0,0,Verb,自立,*,語基3,*,안기다02,안겨,*,'안다'의 사동사,C,VV
안기어,0,0,0,Verb,自立,*,語基3,*,안기다02,안기어,*,'안다'의 사동사,C,VV
앉히,0,0,0,Verb,自立,*,語基1,*,앉히다,앉히,*,*,C,VV
앉히,0,0,0,Verb,自立,*,語基2,*,앉히다,앉히,*,*,C,VV
앉혀,0,0,0,Verb,自立,*,語基3,*,앉히다,앉혀,*,*,C,VV
앉히어,0,0,0,Verb,自立,*,語基3,*,앉히다,앉히어,*,*,C,VV
알아내,0,0,0,Verb,自立,*,語基1,*,알아내다,알아내,*,*,C,VV
알아내,0,0,0,Verb,自立,*,語基2,*,알아내다,알아내,*,*,C,VV
알아내,0,0,0,Verb,自立,*,語基3,*,알아내다,알아내,*,*,C,VV
알아내어,0,0,0,Verb,自立,*,語基3,*,알아내다,알아내어,*,*,C,VV
알아보,0,0,0,Verb,自立,*,語基1,*,알아보다,알아보,*,*,C,VV
알아보,0,0,0,Verb,自立,*,語基2,*,알아보다,알아보,*,*,C,VV
알아보아,0,0,0,Verb,自立,*,語基3,*,알아보다,알아보아,*,*,C,VV
알아봐,0,0,0,Verb,自立,*,語基3,*,알아보다,알아봐,*,*,C,VV
알아주,0,0,0,Verb,自立,*,語基1,*,알아주다,알아주,*,*,C,VV
알아주,0,0,0,Verb,自立,*,語基2,*,알아주다,알아주,*,*,C,VV
알아주어,0,0,0,Verb,自立,*,語基3,*,알아주다,알아주어,*,*,C,VV
알아줘,0,0,0,Verb,自立,*,語基3,*,알아주다,알아줘,*,*,C,VV
앞두,0,0,0,Verb,自立,*,語基1,*,앞두다,앞두,*,*,C,VV
앞두,0,0,0,Verb,自立,*,語基2,*,앞두다,앞두,*,*,C,VV
앞두어,0,0,0,Verb,自立,*,語基3,*,앞두다,앞두어,*,*,C,VV
앞둬,0,0,0,Verb,自立,*,語基3,*,앞두다,앞둬,*,*,C,VV
앞세우,0,0,0,Verb,自立,*,語基1,*,앞세우다,앞세우,*,*,C,VV
앞세우,0,0,0,Verb,自立,*,語基2,*,앞세우다,앞세우,*,*,C,VV
앞세워,0,0,0,Verb,自立,*,語基3,*,앞세우다,앞세워,*,*,C,VV
앞장서,0,0,0,Verb,自立,*,語基1,*,앞장서다,앞장서,*,*,C,VV
앞장서,0,0,0,Verb,自立,*,語基2,*,앞장서다,앞장서,*,*,C,VV
앞장서,0,0,0,Verb,自立,*,語基3,*,앞장서다,앞장서,*,*,C,VV
애쓰,0,0,0,Verb,自立,으語幹,語基1,*,애쓰다,애쓰,*,*,C,VV
애쓰,0,0,0,Verb,自立,으語幹,語基2,*,애쓰다,애쓰,*,*,C,VV
애써,0,0,0,Verb,自立,으語幹,語基3,*,애쓰다,애써,*,*,C,VV
약해지,0,0,0,Verb,自立,*,語基1,*,약해지다,약해지,弱해지,*,C,VV
약해지,0,0,0,Verb,自立,*,語基2,*,약해지다,약해지,弱해지,*,C,VV
약해져,0,0,0,Verb,自立,*,語基3,*,약해지다,약해져,弱해져,*,C,VV
약해지어,0,0,0,Verb,自立,*,語基3,*,약해지다,약해지어,弱해지어,*,C,VV
어기,0,0,0,Verb,自立,*,語基1,*,어기다01,어기,*,*,C,VV
어기,0,0,0,Verb,自立,*,語基2,*,어기다01,어기,*,*,C,VV
어겨,0,0,0,Verb,自立,*,語基3,*,어기다01,어겨,*,*,C,VV
어기어,0,0,0,Verb,自立,*,語基3,*,어기다01,어기어,*,*,C,VV
어려워지,0,0,0,Verb,自立,*,語基1,*,어려워지다,어려워지,*,*,C,VV
어려워지,0,0,0,Verb,自立,*,語基2,*,어려워지다,어려워지,*,*,C,VV
어려워져,0,0,0,Verb,自立,*,語基3,*,어려워지다,어려워져,*,*,C,VV
어려워지어,0,0,0,Verb,自立,*,語基3,*,어려워지다,어려워지어,*,*,C,VV
얻어먹,0,0,0,Verb,自立,*,語基1,*,얻어먹다,얻어먹,*,*,C,VV
얻어먹으,0,0,0,Verb,自立,*,語基2,*,얻어먹다,얻어먹으,*,*,C,VV
얻어먹어,0,0,0,Verb,自立,*,語基3,*,얻어먹다,얻어먹어,*,*,C,VV
얼리,0,0,0,Verb,自立,*,語基1,*,얼리다03,얼리,*,물을 ~,C,VV
얼리,0,0,0,Verb,自立,*,語基2,*,얼리다03,얼리,*,물을 ~,C,VV
얼려,0,0,0,Verb,自立,*,語基3,*,얼리다03,얼려,*,물을 ~,C,VV
얼리어,0,0,0,Verb,自立,*,語基3,*,얼리다03,얼리어,*,물을 ~,C,VV
업,0,0,0,Verb,自立,*,語基1,*,업다,업,*,*,C,VV
업으,0,0,0,Verb,自立,*,語基2,*,업다,업으,*,*,C,VV
업어,0,0,0,Verb,自立,*,語基3,*,업다,업어,*,*,C,VV
엇갈리,0,0,0,Verb,自立,*,語基1,*,엇갈리다,엇갈리,*,*,C,VV
엇갈리,0,0,0,Verb,自立,*,語基2,*,엇갈리다,엇갈리,*,*,C,VV
엇갈려,0,0,0,Verb,自立,*,語基3,*,엇갈리다,엇갈려,*,*,C,VV
엇갈리어,0,0,0,Verb,自立,*,語基3,*,엇갈리다,엇갈리어,*,*,C,VV
엎드리,0,0,0,Verb,自立,*,語基1,*,엎드리다,엎드리,*,*,C,VV
엎드리,0,0,0,Verb,自立,*,語基2,*,엎드리다,엎드리,*,*,C,VV
엎드려,0,0,0,Verb,自立,*,語基3,*,엎드리다,엎드려,*,*,C,VV
엎드리어,0,0,0,Verb,自立,*,語基3,*,엎드리다,엎드리어,*,*,C,VV
여기,0,0,0,Verb,自立,*,語基1,*,여기다,여기,*,*,C,VV
여기,0,0,0,Verb,自立,*,語基2,*,여기다,여기,*,*,C,VV
여겨,0,0,0,Verb,自立,*,語基3,*,여기다,여겨,*,*,C,VV
여기어,0,0,0,Verb,自立,*,語基3,*,여기다,여기어,*,*,C,VV
엿보,0,0,0,Verb,自立,*,語基1,*,엿보다,엿보,*,*,C,VV
엿보,0,0,0,Verb,自立,*,語基2,*,엿보다,엿보,*,*,C,VV
엿보아,0,0,0,Verb,自立,*,語基3,*,엿보다,엿보아,*,*,C,VV
엿봐,0,0,0,Verb,自立,*,語基3,*,엿보다,엿봐,*,*,C,VV
오르내리,0,0,0,Verb,自立,*,語基1,*,오르내리다,오르내리,*,*,C,VV
오르내리,0,0,0,Verb,自立,*,語基2,*,오르내리다,오르내리,*,*,C,VV
오르내려,0,0,0,Verb,自立,*,語基3,*,오르내리다,오르내려,*,*,C,VV
오르내리어,0,0,0,Verb,自立,*,語基3,*,오르내리다,오르내리어,*,*,C,VV
올라서,0,0,0,Verb,自立,*,語基1,*,올라서다,올라서,*,*,C,VV
올라서,0,0,0,Verb,自立,*,語基2,*,올라서다,올라서,*,*,C,VV
올라서,0,0,0,Verb,自立,*,語基3,*,올라서다,올라서,*,*,C,VV
올라타,0,0,0,Verb,自立,*,語基1,*,올라타다,올라타,*,*,C,VV
올라타,0,0,0,Verb,自立,*,語基2,*,올라타다,올라타,*,*,C,VV
올라타,0,0,0,Verb,自立,*,語基3,*,올라타다,올라타,*,*,C,VV
올려다보,0,0,0,Verb,自立,*,語基1,*,올려다보다,올려다보,*,*,C,VV
올려다보,0,0,0,Verb,自立,*,語基2,*,올려다보다,올려다보,*,*,C,VV
올려다보아,0,0,0,Verb,自立,*,語基3,*,올려다보다,올려다보아,*,*,C,VV
올려다봐,0,0,0,Verb,自立,*,語基3,*,올려다보다,올려다봐,*,*,C,VV
올리,0,0,0,Verb,自立,*,語基1,*,올리다01,올리,*,*,C,VV
올리,0,0,0,Verb,自立,*,語基2,*,올리다01,올리,*,*,C,VV
올려,0,0,0,Verb,自立,*,語基3,*,올리다01,올려,*,*,C,VV
올리어,0,0,0,Verb,自立,*,語基3,*,올리다01,올리어,*,*,C,VV
외,0,0,0,Verb,自立,*,語基1,*,외다02,외,*,주문을 ~,C,VV
외,0,0,0,Verb,自立,*,語基2,*,외다02,외,*,주문을 ~,C,VV
왜,0,0,0,Verb,自立,*,語基3,*,외다02,왜,*,주문을 ~,C,VV
외어,0,0,0,Verb,自立,*,語基3,*,외다02,외어,*,주문을 ~,C,VV
외치,0,0,0,Verb,自立,*,語基1,*,외치다01,외치,*,*,C,VV
외치,0,0,0,Verb,自立,*,語基2,*,외치다01,외치,*,*,C,VV
외쳐,0,0,0,Verb,自立,*,語基3,*,외치다01,외쳐,*,*,C,VV
외치어,0,0,0,Verb,自立,*,語基3,*,외치다01,외치어,*,*,C,VV
욕하,0,0,0,Verb,自立,*,語基1,*,욕하다,욕하,辱하,*,C,VV
욕하,0,0,0,Verb,自立,*,語基2,*,욕하다,욕하,辱하,*,C,VV
욕하여,0,0,0,Verb,自立,*,語基3,*,욕하다,욕하여,辱하여,*,C,VV
욕해,0,0,0,Verb,自立,*,語基3,*,욕하다,욕해,辱해,*,C,VV
울리,0,0,0,Verb,自立,*,語基1,*,울리다02,울리,*,아기를 ~,C,VV
울리,0,0,0,Verb,自立,*,語基2,*,울리다02,울리,*,아기를 ~,C,VV
울려,0,0,0,Verb,自立,*,語基3,*,울리다02,울려,*,아기를 ~,C,VV
울리어,0,0,0,Verb,自立,*,語基3,*,울리다02,울리어,*,아기를 ~,C,VV
이끌,0,0,0,Verb,自立,ㄹ語幹,語基1,*,이끌다,이끌,*,*,C,VV
이끄,0,0,0,Verb,自立,ㄹ語幹-脱落形,語基1,*,이끌다,이끄,*,*,C,VV
이끌,0,0,0,Verb,自立,ㄹ語幹,語基2,*,이끌다,이끌,*,*,C,VV
이끄,0,0,0,Verb,自立,ㄹ語幹-脱落形,語基2,*,이끌다,이끄,*,*,C,VV
이끌어,0,0,0,Verb,自立,ㄹ語幹,語基3,*,이끌다,이끌어,*,*,C,VV
이러,0,0,0,Verb,自立,어変則,語基1,*,이러다,이러,*,*,C,VV
이러,0,0,0,Verb,自立,어変則,語基2,*,이러다,이러,*,*,C,VV
이래,0,0,0,Verb,自立,어変則,語基3,*,이러다,이래,*,*,C,VV
이르,0,0,0,Verb,自立,르変則,語基1,*,이르다02,이르,*,말하다,C,VV
이르,0,0,0,Verb,自立,르変則,語基2,*,이르다02,이르,*,말하다,C,VV
일러,0,0,0,Verb,自立,르変則,語基3,*,이르다02,일러,*,말하다,C,VV
이어지,0,0,0,Verb,自立,*,語基1,*,이어지다,이어지,*,*,C,VV
이어지,0,0,0,Verb,自立,*,語基2,*,이어지다,이어지,*,*,C,VV
이어져,0,0,0,Verb,自立,*,語基3,*,이어지다,이어져,*,*,C,VV
이어지어,0,0,0,Verb,自立,*,語基3,*,이어지다,이어지어,*,*,C,VV
익히,0,0,0,Verb,自立,*,語基1,*,익히다01,익히,*,고기를 ~,C,VV
익히,0,0,0,Verb,自立,*,語基2,*,익히다01,익히,*,고기를 ~,C,VV
익혀,0,0,0,Verb,自立,*,語基3,*,익히다01,익혀,*,고기를 ~,C,VV
익히어,0,0,0,Verb,自立,*,語基3,*,익히다01,익히어,*,고기를 ~,C,VV
익히,0,0,0,Verb,自立,*,語基1,*,익히다02,익히,*,기술을 ~,C,VV
익히,0,0,0,Verb,自立,*,語基2,*,익히다02,익히,*,기술을 ~,C,VV
익혀,0,0,0,Verb,自立,*,語基3,*,익히다02,익혀,*,기술을 ~,C,VV
익히어,0,0,0,Verb,自立,*,語基3,*,익히다02,익히어,*,기술을 ~,C,VV
인정받,0,0,0,Verb,自立,*,語基1,*,인정받다,인정받,認定받,*,C,VV
인정받으,0,0,0,Verb,自立,*,語基2,*,인정받다,인정받으,認定받으,*,C,VV
인정받아,0,0,0,Verb,自立,*,語基3,*,인정받다,인정받아,認定받아,*,C,VV
인하,0,0,0,Verb,自立,*,語基1,*,인하다01,인하,因하,*,C,VV
인하,0,0,0,Verb,自立,*,語基2,*,인하다01,인하,因하,*,C,VV
인하여,0,0,0,Verb,自立,*,語基3,*,인하다01,인하여,因하여,*,C,VV
인해,0,0,0,Verb,自立,*,語基3,*,인하다01,인해,因해,*,C,VV
일어서,0,0,0,Verb,自立,*,語基1,*,일어서다,일어서,*,*,C,VV
일어서,0,0,0,Verb,自立,*,語基2,*,일어서다,일어서,*,*,C,VV
일어서,0,0,0,Verb,自立,*,語基3,*,일어서다,일어서,*,*,C,VV
입히,0,0,0,Verb,自立,*,語基1,*,입히다,입히,*,*,C,VV
입히,0,0,0,Verb,自立,*,語基2,*,입히다,입히,*,*,C,VV
입혀,0,0,0,Verb,自立,*,語基3,*,입히다,입혀,*,*,C,VV
입히어,0,0,0,Verb,自立,*,語基3,*,입히다,입히어,*,*,C,VV
잇,0,0,0,Verb,自立,ㅅ変則,語基1,*,잇다01,잇,*,*,C,VV
이으,0,0,0,Verb,自立,ㅅ変則,語基2,*,잇다01,이으,*,*,C,VV
이어,0,0,0,Verb,自立,ㅅ変則,語基3,*,잇다01,이어,*,*,C,VV
잇따르,0,0,0,Verb,自立,*,語基1,*,잇따르다,잇따르,*,*,C,VV
잇따르,0,0,0,Verb,自立,*,語基2,*,잇따르다,잇따르,*,*,C,VV
잇따라,0,0,0,Verb,自立,*,語基3,*,잇따르다,잇따라,*,*,C,VV
잊혀지,0,0,0,Verb,自立,*,語基1,*,잊혀지다,잊혀지,*,*,C,VV
잊혀지,0,0,0,Verb,自立,*,語基2,*,잊혀지다,잊혀지,*,*,C,VV
잊혀져,0,0,0,Verb,自立,*,語基3,*,잊혀지다,잊혀져,*,*,C,VV
잊혀지어,0,0,0,Verb,自立,*,語基3,*,잊혀지다,잊혀지어,*,*,C,VV
잘리,0,0,0,Verb,自立,*,語基1,*,잘리다01,잘리,*,*,C,VV
잘리,0,0,0,Verb,自立,*,語基2,*,잘리다01,잘리,*,*,C,VV
잘려,0,0,0,Verb,自立,*,語基3,*,잘리다01,잘려,*,*,C,VV
잘리어,0,0,0,Verb,自立,*,語基3,*,잘리다01,잘리어,*,*,C,VV
잠그,0,0,0,Verb,自立,으語幹,語基1,*,잠그다01,잠그,*,서랍을 ~,C,VV
잠그,0,0,0,Verb,自立,으語幹,語基2,*,잠그다01,잠그,*,서랍을 ~,C,VV
잠가,0,0,0,Verb,自立,으語幹,語基3,*,잠그다01,잠가,*,서랍을 ~,C,VV
잠기,0,0,0,Verb,自立,*,語基1,*,잠기다02,잠기,*,물에 ~,C,VV
잠기,0,0,0,Verb,自立,*,語基2,*,잠기다02,잠기,*,물에 ~,C,VV
잠겨,0,0,0,Verb,自立,*,語基3,*,잠기다02,잠겨,*,물에 ~,C,VV
잠기어,0,0,0,Verb,自立,*,語基3,*,잠기다02,잠기어,*,물에 ~,C,VV
잡수,0,0,0,Verb,自立,*,語基1,*,잡수다,잡수,*,*,C,VV
잡수,0,0,0,Verb,自立,*,語基2,*,잡수다,잡수,*,*,C,VV
잡수어,0,0,0,Verb,自立,*,語基3,*,잡수다,잡수어,*,*,C,VV
잡숴,0,0,0,Verb,自立,*,語基3,*,잡수다,잡숴,*,*,C,VV
잡아당기,0,0,0,Verb,自立,*,語基1,*,잡아당기다,잡아당기,*,*,C,VV
잡아당기,0,0,0,Verb,自立,*,語基2,*,잡아당기다,잡아당기,*,*,C,VV
잡아당겨,0,0,0,Verb,自立,*,語基3,*,잡아당기다,잡아당겨,*,*,C,VV
잡아당기어,0,0,0,Verb,自立,*,語基3,*,잡아당기다,잡아당기어,*,*,C,VV
잡아먹,0,0,0,Verb,自立,*,語基1,*,잡아먹다,잡아먹,*,*,C,VV
잡아먹으,0,0,0,Verb,自立,*,語基2,*,잡아먹다,잡아먹으,*,*,C,VV
잡아먹어,0,0,0,Verb,自立,*,語基3,*,잡아먹다,잡아먹어,*,*,C,VV
재,0,0,0,Verb,自立,*,語基1,*,재다02,재,*,저울로 ~,C,VV
재,0,0,0,Verb,自立,*,語基2,*,재다02,재,*,저울로 ~,C,VV
재,0,0,0,Verb,自立,*,語基3,*,재다02,재,*,저울로 ~,C,VV
재어,0,0,0,Verb,自立,*,語基3,*,재다02,재어,*,저울로 ~,C,VV
재우,0,0,0,Verb,自立,*,語基1,*,재우다01,재우,*,고기를 양념에 ~,C,VV
재우,0,0,0,Verb,自立,*,語基2,*,재우다01,재우,*,고기를 양념에 ~,C,VV
재워,0,0,0,Verb,自立,*,語基3,*,재우다01,재워,*,고기를 양념에 ~,C,VV
저러,0,0,0,Verb,自立,어変則,語基1,*,저러다,저러,*,*,C,VV
저러,0,0,0,Verb,自立,어変則,語基2,*,저러다,저러,*,*,C,VV
저래,0,0,0,Verb,自立,어変則,語基3,*,저러다,저래,*,*,C,VV
저지르,0,0,0,Verb,自立,르変則,語基1,*,저지르다,저지르,*,*,C,VV
저지르,0,0,0,Verb,自立,르変則,語基2,*,저지르다,저지르,*,*,C,VV
저질러,0,0,0,Verb,自立,르変則,語基3,*,저지르다,저질러,*,*,C,VV
적히,0,0,0,Verb,自立,*,語基1,*,적히다,적히,*,*,C,VV
적히,0,0,0,Verb,自立,*,語基2,*,적히다,적히,*,*,C,VV
적혀,0,0,0,Verb,自立,*,語基3,*,적히다,적혀,*,*,C,VV
적히어,0,0,0,Verb,自立,*,語基3,*,적히다,적히어,*,*,C,VV
접,0,0,0,Verb,自立,*,語基1,*,접다01,접,*,*,C,VV
접으,0,0,0,Verb,自立,*,語基2,*,접다01,접으,*,*,C,VV
접어,0,0,0,Verb,自立,*,語基3,*,접다01,접어,*,*,C,VV
접하,0,0,0,Verb,自立,*,語基1,*,접하다01,접하,接하,*,C,VV
접하,0,0,0,Verb,自立,*,語基2,*,접하다01,접하,接하,*,C,VV
접하여,0,0,0,Verb,自立,*,語基3,*,접하다01,접하여,接하여,*,C,VV
접해,0,0,0,Verb,自立,*,語基3,*,접하다01,접해,接해,*,C,VV
조르,0,0,0,Verb,自立,르変則,語基1,*,조르다02,조르,*,요구하다,C,VV
조르,0,0,0,Verb,自立,르変則,語基2,*,조르다02,조르,*,요구하다,C,VV
졸라,0,0,0,Verb,自立,르変則,語基3,*,조르다02,졸라,*,요구하다,C,VV
졸리,0,0,0,Verb,自立,*,語基1,*,졸리다01,졸리,*,자고 싶다,C,VV
졸리,0,0,0,Verb,自立,*,語基2,*,졸리다01,졸리,*,자고 싶다,C,VV
졸려,0,0,0,Verb,自立,*,語基3,*,졸리다01,졸려,*,자고 싶다,C,VV
졸리어,0,0,0,Verb,自立,*,語基3,*,졸리다01,졸리어,*,자고 싶다,C,VV
좁히,0,0,0,Verb,自立,*,語基1,*,좁히다01,좁히,*,*,C,VV
좁히,0,0,0,Verb,自立,*,語基2,*,좁히다01,좁히,*,*,C,VV
좁혀,0,0,0,Verb,自立,*,語基3,*,좁히다01,좁혀,*,*,C,VV
좁히어,0,0,0,Verb,自立,*,語基3,*,좁히다01,좁히어,*,*,C,VV
주고받,0,0,0,Verb,自立,*,語基1,*,주고받다,주고받,*,*,C,VV
주고받으,0,0,0,Verb,自立,*,語基2,*,주고받다,주고받으,*,*,C,VV
주고받아,0,0,0,Verb,自立,*,語基3,*,주고받다,주고받아,*,*,C,VV
주어지,0,0,0,Verb,自立,*,語基1,*,주어지다,주어지,*,*,C,VV
주어지,0,0,0,Verb,自立,*,語基2,*,주어지다,주어지,*,*,C,VV
주어져,0,0,0,Verb,自立,*,語基3,*,주어지다,주어져,*,*,C,VV
주어지어,0,0,0,Verb,自立,*,語基3,*,주어지다,주어지어,*,*,C,VV
주저앉,0,0,0,Verb,自立,*,語基1,*,주저앉다,주저앉,*,*,C,VV
주저앉으,0,0,0,Verb,自立,*,語基2,*,주저앉다,주저앉으,*,*,C,VV
주저앉아,0,0,0,Verb,自立,*,語基3,*,주저앉다,주저앉아,*,*,C,VV
줄어들,0,0,0,Verb,自立,ㄹ語幹,語基1,*,줄어들다,줄어들,*,*,C,VV
줄어드,0,0,0,Verb,自立,ㄹ語幹-脱落形,語基1,*,줄어들다,줄어드,*,*,C,VV
줄어들,0,0,0,Verb,自立,ㄹ語幹,語基2,*,줄어들다,줄어들,*,*,C,VV
줄어드,0,0,0,Verb,自立,ㄹ語幹-脱落形,語基2,*,줄어들다,줄어드,*,*,C,VV
줄어들어,0,0,0,Verb,自立,ㄹ語幹,語基3,*,줄어들다,줄어들어,*,*,C,VV
중얼거리,0,0,0,Verb,自立,*,語基1,*,중얼거리다,중얼거리,*,*,C,VV
중얼거리,0,0,0,Verb,自立,*,語基2,*,중얼거리다,중얼거리,*,*,C,VV
중얼거려,0,0,0,Verb,自立,*,語基3,*,중얼거리다,중얼거려,*,*,C,VV
중얼거리어,0,0,0,Verb,自立,*,語基3,*,중얼거리다,중얼거리어,*,*,C,VV
지나치,0,0,0,Verb,自立,*,語基1,*,지나치다,지나치,*,*,C,VV
지나치,0,0,0,Verb,自立,*,語基2,*,지나치다,지나치,*,*,C,VV
지나쳐,0,0,0,Verb,自立,*,語基3,*,지나치다,지나쳐,*,*,C,VV
지나치어,0,0,0,Verb,自立,*,語基3,*,지나치다,지나치어,*,*,C,VV
지니,0,0,0,Verb,自立,*,語基1,*,지니다,지니,*,*,C,VV
지니,0,0,0,Verb,自立,*,語基2,*,지니다,지니,*,*,C,VV
지녀,0,0,0,Verb,自立,*,語基3,*,지니다,지녀,*,*,C,VV
지니어,0,0,0,Verb,自立,*,語基3,*,지니다,지니어,*,*,C,VV
지,0,0,0,Verb,自立,*,語基1,*,지다04,지,*,그늘이 ~,C,VV
지,0,0,0,Verb,自立,*,語基2,*,지다04,지,*,그늘이 ~,C,VV
져,0,0,0,Verb,自立,*,語基3,*,지다04,져,*,그늘이 ~,C,VV
지어,0,0,0,Verb,自立,*,語基3,*,지다04,지어,*,그늘이 ~,C,VV
지우,0,0,0,Verb,自立,*,語基1,*,지우다05,지우,*,짐을 ~,C,VV
지우,0,0,0,Verb,自立,*,語基2,*,지우다05,지우,*,짐을 ~,C,VV
지워,0,0,0,Verb,自立,*,語基3,*,지우다05,지워,*,짐을 ~,C,VV
지워지,0,0,0,Verb,自立,*,語基1,*,지워지다,지워지,*,*,C,VV
지워지,0,0,0,Verb,自立,*,語基2,*,지워지다,지워지,*,*,C,VV
지워져,0,0,0,Verb,自立,*,語基3,*,지워지다,지워져,*,*,C,VV
지워지어,0,0,0,Verb,自立,*,語基3,*,지워지다,지워지어,*,*,C,VV
지켜보,0,0,0,Verb,自立,*,語基1,*,지켜보다,지켜보,*,*,C,VV
지켜보,0,0,0,Verb,自立,*,語基2,*,지켜보다,지켜보,*,*,C,VV
지켜보아,0,0,0,Verb,自立,*,語基3,*,지켜보다,지켜보아,*,*,C,VV
지켜봐,0,0,0,Verb,自立,*,語基3,*,지켜보다,지켜봐,*,*,C,VV
집어넣,0,0,0,Verb,自立,*,語基1,*,집어넣다,집어넣,*,*,C,VV
집어넣으,0,0,0,Verb,自立,*,語基2,*,집어넣다,집어넣으,*,*,C,VV
집어넣어,0,0,0,Verb,自立,*,語基3,*,집어넣다,집어넣어,*,*,C,VV
짚,0,0,0,Verb,自立,*,語基1,*,짚다01,짚,*,*,C,VV
짚으,0,0,0,Verb,自立,*,語基2,*,짚다01,짚으,*,*,C,VV
짚어,0,0,0,Verb,自立,*,語基3,*,짚다01,짚어,*,*,C,VV
짜,0,0,0,Verb,自立,*,語基1,*,짜다01,짜,*,관을 ~,C,VV
짜,0,0,0,Verb,自立,*,語基2,*,짜다01,짜,*,관을 ~,C,VV
짜,0,0,0,Verb,自立,*,語基3,*,짜다01,짜,*,관을 ~,C,VV
짜,0,0,0,Verb,自立,*,語基1,*,짜다02,짜,*,빨래를 ~,C,VV
짜,0,0,0,Verb,自立,*,語基2,*,짜다02,짜,*,빨래를 ~,C,VV
짜,0,0,0,Verb,自立,*,語基3,*,짜다02,짜,*,빨래를 ~,C,VV
쩔쩔매,0,0,0,Verb,自立,*,語基1,*,쩔쩔매다,쩔쩔매,*,*,C,VV
쩔쩔매,0,0,0,Verb,自立,*,語基2,*,쩔쩔매다,쩔쩔매,*,*,C,VV
쩔쩔매,0,0,0,Verb,自立,*,語基3,*,쩔쩔매다,쩔쩔매,*,*,C,VV
쩔쩔매어,0,0,0,Verb,自立,*,語基3,*,쩔쩔매다,쩔쩔매어,*,*,C,VV
쫓겨나,0,0,0,Verb,自立,*,語基1,*,쫓겨나다,쫓겨나,*,*,C,VV
쫓겨나,0,0,0,Verb,自立,*,語基2,*,쫓겨나다,쫓겨나,*,*,C,VV
쫓겨나,0,0,0,Verb,自立,*,語基3,*,쫓겨나다,쫓겨나,*,*,C,VV
쫓기,0,0,0,Verb,自立,*,語基1,*,쫓기다,쫓기,*,*,C,VV
쫓기,0,0,0,Verb,自立,*,語基2,*,쫓기다,쫓기,*,*,C,VV
쫓겨,0,0,0,Verb,自立,*,語基3,*,쫓기다,쫓겨,*,*,C,VV
쫓기어,0,0,0,Verb,自立,*,語基3,*,쫓기다,쫓기어,*,*,C,VV
쫓,0,0,0,Verb,自立,*,語基1,*,쫓다,쫓,*,*,C,VV
쫓으,0,0,0,Verb,自立,*,語基2,*,쫓다,쫓으,*,*,C,VV
쫓아,0,0,0,Verb,自立,*,語基3,*,쫓다,쫓아,*,*,C,VV
찌,0,0,0,Verb,自立,*,語基1,*,찌다05,찌,*,떡을 ~,C,VV
찌,0,0,0,Verb,自立,*,語基2,*,찌다05,찌,*,떡을 ~,C,VV
쪄,0,0,0,Verb,自立,*,語基3,*,찌다05,쪄,*,떡을 ~,C,VV
찌어,0,0,0,Verb,自立,*,語基3,*,찌다05,찌어,*,떡을 ~,C,VV
찍히,0,0,0,Verb,自立,*,語基1,*,찍히다02,찍히,*,도장이 ~,C,VV
찍히,0,0,0,Verb,自立,*,語基2,*,찍히다02,찍히,*,도장이 ~,C,VV
찍혀,0,0,0,Verb,自立,*,語基3,*,찍히다02,찍혀,*,도장이 ~,C,VV
찍히어,0,0,0,Verb,自立,*,語基3,*,찍히다02,찍히어,*,도장이 ~,C,VV
찢,0,0,0,Verb,自立,*,語基1,*,찢다,찢,*,*,C,VV
찢으,0,0,0,Verb,自立,*,語基2,*,찢다,찢으,*,*,C,VV
찢어,0,0,0,Verb,自立,*,語基3,*,찢다,찢어,*,*,C,VV
찢어지,0,0,0,Verb,自立,*,語基1,*,찢어지다,찢어지,*,*,C,VV
찢어지,0,0,0,Verb,自立,*,語基2,*,찢어지다,찢어지,*,*,C,VV
찢어져,0,0,0,Verb,自立,*,語基3,*,찢어지다,찢어져,*,*,C,VV
찢어지어,0,0,0,Verb,自立,*,語基3,*,찢어지다,찢어지어,*,*,C,VV
차,0,0,0,Verb,自立,*,語基1,*,차다01,차,*,가득 ~,C,VV
차,0,0,0,Verb,自立,*,語基2,*,차다01,차,*,가득 ~,C,VV
차,0,0,0,Verb,自立,*,語基3,*,차다01,차,*,가득 ~,C,VV
차,0,0,0,Verb,自立,*,語基1,*,차다03,차,*,시계를 ~,C,VV
차,0,0,0,Verb,自立,*,語基2,*,차다03,차,*,시계를 ~,C,VV
차,0,0,0,Verb,自立,*,語基3,*,차다03,차,*,시계를 ~,C,VV
찾아다니,0,0,0,Verb,自立,*,語基1,*,찾아다니다,찾아다니,*,*,C,VV
찾아다니,0,0,0,Verb,自立,*,語基2,*,찾아다니다,찾아다니,*,*,C,VV
찾아다녀,0,0,0,Verb,自立,*,語基3,*,찾아다니다,찾아다녀,*,*,C,VV
찾아다니어,0,0,0,Verb,自立,*,語基3,*,찾아다니다,찾아다니어,*,*,C,VV
책임지,0,0,0,Verb,自立,*,語基1,*,책임지다,책임지,責任지,*,C,VV
책임지,0,0,0,Verb,自立,*,語基2,*,책임지다,책임지,責任지,*,C,VV
책임져,0,0,0,Verb,自立,*,語基3,*,책임지다,책임져,責任져,*,C,VV
책임지어,0,0,0,Verb,自立,*,語基3,*,책임지다,책임지어,責任지어,*,C,VV
청하,0,0,0,Verb,自立,*,語基1,*,청하다,청하,請하,*,C,VV
청하,0,0,0,Verb,自立,*,語基2,*,청하다,청하,請하,*,C,VV
청하여,0,0,0,Verb,自立,*,語基3,*,청하다,청하여,請하여,*,C,VV
청해,0,0,0,Verb,自立,*,語基3,*,청하다,청해,請해,*,C,VV
치,0,0,0,Verb,自立,*,語基1,*,치다01,치,*,폭풍우가 ~,C,VV
치,0,0,0,Verb,自立,*,語基2,*,치다01,치,*,폭풍우가 ~,C,VV
쳐,0,0,0,Verb,自立,*,語基3,*,치다01,쳐,*,폭풍우가 ~,C,VV
치어,0,0,0,Verb,自立,*,語基3,*,치다01,치어,*,폭풍우가 ~,C,VV
치,0,0,0,Verb,自立,*,語基1,*,치다05,치,*,그물을 ~,C,VV
치,0,0,0,Verb,自立,*,語基2,*,치다05,치,*,그물을 ~,C,VV
쳐,0,0,0,Verb,自立,*,語基3,*,치다05,쳐,*,그물을 ~,C,VV
치어,0,0,0,Verb,自立,*,語基3,*,치다05,치어,*,그물을 ~,C,VV
치,0,0,0,Verb,自立,*,語基1,*,치다10,치,*,셈을 맞추다,C,VV
치,0,0,0,Verb,自立,*,語基2,*,치다10,치,*,셈을 맞추다,C,VV
쳐,0,0,0,Verb,自立,*,語基3,*,치다10,쳐,*,셈을 맞추다,C,VV
치어,0,0,0,Verb,自立,*,語基3,*,치다10,치어,*,셈을 맞추다,C,VV
치르,0,0,0,Verb,自立,으語幹,語基1,*,치르다,치르,*,*,C,VV
치르,0,0,0,Verb,自立,으語幹,語基2,*,치르다,치르,*,*,C,VV
치러,0,0,0,Verb,自立,으語幹,語基3,*,치르다,치러,*,*,C,VV
친해지,0,0,0,Verb,自立,*,語基1,*,친해지다,친해지,親해지,*,C,VV
친해지,0,0,0,Verb,自立,*,語基2,*,친해지다,친해지,親해지,*,C,VV
친해져,0,0,0,Verb,自立,*,語基3,*,친해지다,친해져,親해져,*,C,VV
친해지어,0,0,0,Verb,自立,*,語基3,*,친해지다,친해지어,親해지어,*,C,VV
칠하,0,0,0,Verb,自立,*,語基1,*,칠하다,칠하,漆하,*,C,VV
칠하,0,0,0,Verb,自立,*,語基2,*,칠하다,칠하,漆하,*,C,VV
칠하여,0,0,0,Verb,自立,*,語基3,*,칠하다,칠하여,漆하여,*,C,VV
칠해,0,0,0,Verb,自立,*,語基3,*,칠하다,칠해,漆해,*,C,VV
타고나,0,0,0,Verb,自立,*,語基1,*,타고나다,타고나,*,*,C,VV
타고나,0,0,0,Verb,自立,*,語基2,*,타고나다,타고나,*,*,C,VV
타고나,0,0,0,Verb,自立,*,語基3,*,타고나다,타고나,*,*,C,VV
타,0,0,0,Verb,自立,*,語基1,*,타다01,타,*,장작이 ~,C,VV
타,0,0,0,Verb,自立,*,語基2,*,타다01,타,*,장작이 ~,C,VV
타,0,0,0,Verb,自立,*,語基3,*,타다01,타,*,장작이 ~,C,VV
타,0,0,0,Verb,自立,*,語基1,*,타다03,타,*,물에 ~,C,VV
타,0,0,0,Verb,自立,*,語基2,*,타다03,타,*,물에 ~,C,VV
타,0,0,0,Verb,自立,*,語基3,*,타다03,타,*,물에 ~,C,VV
타,0,0,0,Verb,自立,*,語基1,*,타다04,타,*,월급을 ~,C,VV
타,0,0,0,Verb,自立,*,語基2,*,타다04,타,*,월급을 ~,C,VV
타,0,0,0,Verb,自立,*,語基3,*,타다04,타,*,월급을 ~,C,VV
타오르,0,0,0,Verb,自立,르変則,語基1,*,타오르다,타오르,*,*,C,VV
타오르,0,0,0,Verb,自立,르変則,語基2,*,타오르다,타오르,*,*,C,VV
타올라,0,0,0,Verb,自立,르変則,語基3,*,타오르다,타올라,*,*,C,VV
택하,0,0,0,Verb,自立,*,語基1,*,택하다,택하,擇하,*,C,VV
택하,0,0,0,Verb,自立,*,語基2,*,택하다,택하,擇하,*,C,VV
택하여,0,0,0,Verb,自立,*,語基3,*,택하다,택하여,擇하여,*,C,VV
택해,0,0,0,Verb,自立,*,語基3,*,택하다,택해,擇해,*,C,VV
터지,0,0,0,Verb,自立,*,語基1,*,터지다,터지,*,*,C,VV
터지,0,0,0,Verb,自立,*,語基2,*,터지다,터지,*,*,C,VV
터져,0,0,0,Verb,自立,*,語基3,*,터지다,터져,*,*,C,VV
터지어,0,0,0,Verb,自立,*,語基3,*,터지다,터지어,*,*,C,VV
토하,0,0,0,Verb,自立,*,語基1,*,토하다,토하,吐하,*,C,VV
토하,0,0,0,Verb,自立,*,語基2,*,토하다,토하,吐하,*,C,VV
토하여,0,0,0,Verb,自立,*,語基3,*,토하다,토하여,吐하여,*,C,VV
토해,0,0,0,Verb,自立,*,語基3,*,토하다,토해,吐해,*,C,VV
튀기,0,0,0,Verb,自立,*,語基1,*,튀기다01,튀기,*,물방울을 ~,C,VV
튀기,0,0,0,Verb,自立,*,語基2,*,튀기다01,튀기,*,물방울을 ~,C,VV
튀겨,0,0,0,Verb,自立,*,語基3,*,튀기다01,튀겨,*,물방울을 ~,C,VV
튀기어,0,0,0,Verb,自立,*,語基3,*,튀기다01,튀기어,*,물방울을 ~,C,VV
튀,0,0,0,Verb,自立,*,語基1,*,튀다,튀,*,*,C,VV
튀,0,0,0,Verb,自立,*,語基2,*,튀다,튀,*,*,C,VV
튀어,0,0,0,Verb,自立,*,語基3,*,튀다,튀어,*,*,C,VV
튀어나오,0,0,0,Verb,自立,*,語基1,*,튀어나오다,튀어나오,*,*,C,VV
튀어나오,0,0,0,Verb,自立,*,語基2,*,튀어나오다,튀어나오,*,*,C,VV
튀어나와,0,0,0,Verb,自立,*,語基3,*,튀어나오다,튀어나와,*,*,C,VV
트이,0,0,0,Verb,自立,*,語基1,*,트이다,트이,*,*,C,VV
트이,0,0,0,Verb,自立,*,語基2,*,트이다,트이,*,*,C,VV
트여,0,0,0,Verb,自立,*,語基3,*,트이다,트여,*,*,C,VV
트이어,0,0,0,Verb,自立,*,語基3,*,트이다,트이어,*,*,C,VV
파,0,0,0,Verb,自立,*,語基1,*,파다01,파,*,*,C,VV
파,0,0,0,Verb,自立,*,語基2,*,파다01,파,*,*,C,VV
파,0,0,0,Verb,自立,*,語基3,*,파다01,파,*,*,C,VV
퍼지,0,0,0,Verb,自立,*,語基1,*,퍼지다,퍼지,*,*,C,VV
퍼지,0,0,0,Verb,自立,*,語基2,*,퍼지다,퍼지,*,*,C,VV
퍼져,0,0,0,Verb,自立,*,語基3,*,퍼지다,퍼져,*,*,C,VV
퍼지어,0,0,0,Verb,自立,*,語基3,*,퍼지다,퍼지어,*,*,C,VV
펴내,0,0,0,Verb,自立,*,語基1,*,펴내다,펴내,*,*,C,VV
펴내,0,0,0,Verb,自立,*,語基2,*,펴내다,펴내,*,*,C,VV
펴내,0,0,0,Verb,自立,*,語基3,*,펴내다,펴내,*,*,C,VV
펴내어,0,0,0,Verb,自立,*,語基3,*,펴내다,펴내어,*,*,C,VV
푸,0,0,0,Verb,自立,우変則,語基1,*,푸다01,푸,*,*,C,VV
푸,0,0,0,Verb,自立,우変則,語基2,*,푸다01,푸,*,*,C,VV
퍼,0,0,0,Verb,自立,우変則,語基3,*,푸다01,퍼,*,*,C,VV
풀어지,0,0,0,Verb,自立,*,語基1,*,풀어지다,풀어지,*,*,C,VV
풀어지,0,0,0,Verb,自立,*,語基2,*,풀어지다,풀어지,*,*,C,VV
풀어져,0,0,0,Verb,自立,*,語基3,*,풀어지다,풀어져,*,*,C,VV
풀어지어,0,0,0,Verb,自立,*,語基3,*,풀어지다,풀어지어,*,*,C,VV
품,0,0,0,Verb,自立,*,語基1,*,품다01,품,*,가슴에 ~,C,VV
품으,0,0,0,Verb,自立,*,語基2,*,품다01,품으,*,가슴에 ~,C,VV
품어,0,0,0,Verb,自立,*,語基3,*,품다01,품어,*,가슴에 ~,C,VV
피하,0,0,0,Verb,自立,*,語基1,*,피하다,피하,避하,*,C,VV
피하,0,0,0,Verb,自立,*,語基2,*,피하다,피하,避하,*,C,VV
피하여,0,0,0,Verb,自立,*,語基3,*,피하다,피하여,避하여,*,C,VV
피해,0,0,0,Verb,自立,*,語基3,*,피하다,피해,避해,*,C,VV
한하,0,0,0,Verb,自立,*,語基1,*,한하다02,한하,限하,*,C,VV
한하,0,0,0,Verb,自立,*,語基2,*,한하다02,한하,限하,*,C,VV
한하여,0,0,0,Verb,自立,*,語基3,*,한하다02,한하여,限하여,*,C,VV
한해,0,0,0,Verb,自立,*,語基3,*,한하다02,한해,限해,*,C,VV
합하,0,0,0,Verb,自立,*,語基1,*,합하다,합하,合하,*,C,VV
합하,0,0,0,Verb,自立,*,語基2,*,합하다,합하,合하,*,C,VV
합하여,0,0,0,Verb,自立,*,語基3,*,합하다,합하여,合하여,*,C,VV
합해,0,0,0,Verb,自立,*,語基3,*,합하다,합해,合해,*,C,VV
해내,0,0,0,Verb,自立,*,語基1,*,해내다,해내,*,*,C,VV
해내,0,0,0,Verb,自立,*,語基2,*,해내다,해내,*,*,C,VV
해내,0,0,0,Verb,自立,*,語基3,*,해내다,해내,*,*,C,VV
해내어,0,0,0,Verb,自立,*,語基3,*,해내다,해내어,*,*,C,VV
행하,0,0,0,Verb,自立,*,語基1,*,행하다,행하,行하,*,C,VV
행하,0,0,0,Verb,自立,*,語基2,*,행하다,행하,行하,*,C,VV
행하여,0,0,0,Verb,自立,*,語基3,*,행하다,행하여,行하여,*,C,VV
행해,0,0,0,Verb,自立,*,語基3,*,행하다,행해,行해,*,C,VV
행해지,0,0,0,Verb,自立,*,語基1,*,행해지다,행해지,行해지,*,C,VV
행해지,0,0,0,Verb,自立,*,語基2,*,행해지다,행해지,行해지,*,C,VV
행해져,0,0,0,Verb,自立,*,語基3,*,행해지다,행해져,行해져,*,C,VV
행해지어,0,0,0,Verb,自立,*,語基3,*,행해지다,행해지어,行해지어,*,C,VV
헤매,0,0,0,Verb,自立,*,語基1,*,헤매다,헤매,*,*,C,VV
헤매,0,0,0,Verb,自立,*,語基2,*,헤매다,헤매,*,*,C,VV
헤매,0,0,0,Verb,自立,*,語基3,*,헤매다,헤매,*,*,C,VV
헤매어,0,0,0,Verb,自立,*,語基3,*,헤매다,헤매어,*,*,C,VV
헤아리,0,0,0,Verb,自立,*,語基1,*,헤아리다,헤아리,*,*,C,VV
헤아리,0,0,0,Verb,自立,*,語基2,*,헤아리다,헤아리,*,*,C,VV
헤아려,0,0,0,Verb,自立,*,語基3,*,헤아리다,헤아려,*,*,C,VV
헤아리어,0,0,0,Verb,自立,*,語基3,*,헤아리다,헤아리어,*,*,C,VV
혼나,0,0,0,Verb,自立,*,語基1,*,혼나다,혼나,魂나,*,C,VV
혼나,0,0,0,Verb,自立,*,語基2,*,혼나다,혼나,魂나,*,C,VV
혼나,0,0,0,Verb,自立,*,語基3,*,혼나다,혼나,魂나,*,C,VV
활발해지,0,0,0,Verb,自立,*,語基1,*,활발해지다,활발해지,活潑해지,*,C,VV
활발해지,0,0,0,Verb,自立,*,語基2,*,활발해지다,활발해지,活潑해지,*,C,VV
활발해져,0,0,0,Verb,自立,*,語基3,*,활발해지다,활발해져,活潑해져,*,C,VV
활발해지어,0,0,0,Verb,自立,*,語基3,*,활발해지다,활발해지어,活潑해지어,*,C,VV
훔치,0,0,0,Verb,自立,*,語基1,*,훔치다02,훔치,*,물건을 ~,C,VV
훔치,0,0,0,Verb,自立,*,語基2,*,훔치다02,훔치,*,물건을 ~,C,VV
훔쳐,0,0,0,Verb,自立,*,語基3,*,훔치다02,훔쳐,*,물건을 ~,C,VV
훔치어,0,0,0,Verb,自立,*,語基3,*,훔치다02,훔치어,*,물건을 ~,C,VV
흐려지,0,0,0,Verb,自立,*,語基1,*,흐려지다,흐려지,*,*,C,VV
흐려지,0,0,0,Verb,自立,*,語基2,*,흐려지다,흐려지,*,*,C,VV
흐려져,0,0,0,Verb,自立,*,語基3,*,흐려지다,흐려져,*,*,C,VV
흐려지어,0,0,0,Verb,自立,*,語基3,*,흐려지다,흐려지어,*,*,C,VV
흐리,0,0,0,Verb,自立,*,語基1,*,흐리다01,흐리,*,물을 ~,C,VV
흐리,0,0,0,Verb,自立,*,語基2,*,흐리다01,흐리,*,물을 ~,C,VV
흐려,0,0,0,Verb,自立,*,語基3,*,흐리다01,흐려,*,물을 ~,C,VV
흐리어,0,0,0,Verb,自立,*,語基3,*,흐리다01,흐리어,*,물을 ~,C,VV
흔들리,0,0,0,Verb,自立,*,語基1,*,흔들리다,흔들리,*,*,C,VV
흔들리,0,0,0,Verb,自立,*,語基2,*,흔들리다,흔들리,*,*,C,VV
흔들려,0,0,0,Verb,自立,*,語基3,*,흔들리다,흔들려,*,*,C,VV
흔들리어,0,0,0,Verb,自立,*,語基3,*,흔들리다,흔들리어,*,*,C,VV
흘러내리,0,0,0,Verb,自立,*,語基1,*,흘러내리다,흘러내리,*,*,C,VV
흘러내리,0,0,0,Verb,自立,*,語基2,*,흘러내리다,흘러내리,*,*,C,VV
흘러내려,0,0,0,Verb,自立,*,語基3,*,흘러내리다,흘러내려,*,*,C,VV
흘러내리어,0,0,0,Verb,自立,*,語基3,*,흘러내리다,흘러내리어,*,*,C,VV
흩어지,0,0,0,Verb,自立,*,語基1,*,흩어지다,흩어지,*,*,C,VV
흩어지,0,0,0,Verb,自立,*,語基2,*,흩어지다,흩어지,*,*,C,VV
흩어져,0,0,0,Verb,自立,*,語基3,*,흩어지다,흩어져,*,*,C,VV
흩어지어,0,0,0,Verb,自立,*,語基3,*,흩어지다,흩어지어,*,*,C,VV
힘쓰,0,0,0,Verb,自立,으語幹,語基1,*,힘쓰다,힘쓰,*,*,C,VV
힘쓰,0,0,0,Verb,自立,으語幹,語基2,*,힘쓰다,힘쓰,*,*,C,VV
힘써,0,0,0,Verb,自立,으語幹,語基3,*,힘쓰다,힘써,*,*,C,VV
