가,0,0,0,Verb,自立,*,語基1,*,가다01,가,*,*,A,VV
가,0,0,0,Verb,自立,*,語基2,*,가다01,가,*,*,A,VV
가,0,0,0,Verb,自立,*,語基3,*,가다01,가,*,*,A,VV
가르치,0,0,0,Verb,自立,*,語基1,*,가르치다01,가르치,*,*,A,VV
가르치,0,0,0,Verb,自立,*,語基2,*,가르치다01,가르치,*,*,A,VV
가르쳐,0,0,0,Verb,自立,*,語基3,*,가르치다01,가르쳐,*,*,A,VV
가르치어,0,0,0,Verb,自立,*,語基3,*,가르치다01,가르치어,*,*,A,VV
가져오,0,0,0,Verb,自立,*,語基1,*,가져오다,가져오,*,*,A,VV
가져오,0,0,0,Verb,自立,*,語基2,*,가져오다,가져오,*,*,A,VV
가져와,0,0,0,Verb,自立,*,語基3,*,가져오다,가져와,*,*,A,VV
가지,0,0,0,Verb,自立,*,語基1,*,가지다,가지,*,*,A,VV
가지,0,0,0,Verb,自立,*,語基2,*,가지다,가지,*,*,A,VV
가져,0,0,0,Verb,自立,*,語基3,*,가지다,가져,*,*,A,VV
가지어,0,0,0,Verb,自立,*,語基3,*,가지다,가지어,*,*,A,VV
걷,0,0,0,Verb,自立,ㄷ変則,語基1,*,걷다02,걷,*,느릿느릿 ~,A,VV
걸으,0,0,0,Verb,自立,ㄷ変則,語基2,*,걷다02,걸으,*,느릿느릿 ~,A,VV
걸어,0,0,0,Verb,自立,ㄷ変則,語基3,*,걷다02,걸어,*,느릿느릿 ~,A,VV
걸,0,0,0,Verb,自立,ㄹ語幹,語基1,*,걸다02,걸,*,옷을 ~,A,VV
거,0,0,0,Verb,自立,ㄹ語幹-脱落形,語基1,*,걸다02,거,*,옷을 ~,A,VV
걸,0,0,0,Verb,自立,ㄹ語幹,語基2,*,걸다02,걸,*,옷을 ~,A,VV
거,0,0,0,Verb,自立,ㄹ語幹-脱落形,語基2,*,걸다02,거,*,옷을 ~,A,VV
걸어,0,0,0,Verb,自立,ㄹ語幹,語基3,*,걸다02,걸어,*,옷을 ~,A,VV
걸어가,0,0,0,Verb,自立,*,語基1,*,걸어가다,걸어가,*,*,A,VV
걸어가,0,0,0,Verb,自立,*,語基2,*,걸어가다,걸어가,*,*,A,VV
걸어가,0,0,0,Verb,自立,*,語基3,*,걸어가다,걸어가,*,*,A,VV
걸어오,0,0,0,Verb,自立,*,語基1,*,걸어오다01,걸어오,*,집까지 ~,A,VV
걸어오,0,0,0,Verb,自立,*,語基2,*,걸어오다01,걸어오,*,집까지 ~,A,VV
걸어와,0,0,0,Verb,自立,*,語基3,*,걸어오다01,걸어와,*,집까지 ~,A,VV
그리,0,0,0,Verb,自立,*,語基1,*,그리다02,그리,*,그림을 ~,A,VV
그리,0,0,0,Verb,自立,*,語基2,*,그리다02,그리,*,그림을 ~,A,VV
그려,0,0,0,Verb,自立,*,語基3,*,그리다02,그려,*,그림을 ~,A,VV
그리어,0,0,0,Verb,自立,*,語基3,*,그리다02,그리어,*,그림을 ~,A,VV
기다리,0,0,0,Verb,自立,*,語基1,*,기다리다,기다리,*,*,A,VV
기다리,0,0,0,Verb,自立,*,語基2,*,기다리다,기다리,*,*,A,VV
기다려,0,0,0,Verb,自立,*,語基3,*,기다리다,기다려,*,*,A,VV
기다리어,0,0,0,Verb,自立,*,語基3,*,기다리다,기다리어,*,*,A,VV
깎,0,0,0,Verb,自立,*,語基1,*,깎다,깎,*,*,A,VV
깎으,0,0,0,Verb,自立,*,語基2,*,깎다,깎으,*,*,A,VV
깎아,0,0,0,Verb,自立,*,語基3,*,깎다,깎아,*,*,A,VV
끄,0,0,0,Verb,自立,으語幹,語基1,*,끄다01,끄,*,불을 ~,A,VV
끄,0,0,0,Verb,自立,으語幹,語基2,*,끄다01,끄,*,불을 ~,A,VV
꺼,0,0,0,Verb,自立,으語幹,語基3,*,끄다01,꺼,*,불을 ~,A,VV
끝나,0,0,0,Verb,自立,*,語基1,*,끝나다,끝나,*,*,A,VV
끝나,0,0,0,Verb,自立,*,語基2,*,끝나다,끝나,*,*,A,VV
끝나,0,0,0,Verb,自立,*,語基3,*,끝나다,끝나,*,*,A,VV
끝내,0,0,0,Verb,自立,*,語基1,*,끝내다,끝내,*,*,A,VV
끝내,0,0,0,Verb,自立,*,語基2,*,끝내다,끝내,*,*,A,VV
끝내,0,0,0,Verb,自立,*,語基3,*,끝내다,끝내,*,*,A,VV
끝내어,0,0,0,Verb,自立,*,語基3,*,끝내다,끝내어,*,*,A,VV
나가,0,0,0,Verb,自立,*,語基1,*,나가다,나가,*,*,A,VV
나가,0,0,0,Verb,自立,*,語基2,*,나가다,나가,*,*,A,VV
나가,0,0,0,Verb,自立,*,語基3,*,나가다,나가,*,*,A,VV
나,0,0,0,Verb,自立,*,語基1,*,나다01,나,*,*,A,VV
나,0,0,0,Verb,自立,*,語基2,*,나다01,나,*,*,A,VV
나,0,0,0,Verb,自立,*,語基3,*,나다01,나,*,*,A,VV
나오,0,0,0,Verb,自立,*,語基1,*,나오다,나오,*,*,A,VV
나오,0,0,0,Verb,自立,*,語基2,*,나오다,나오,*,*,A,VV
나와,0,0,0,Verb,自立,*,語基3,*,나오다,나와,*,*,A,VV
날,0,0,0,Verb,自立,ㄹ語幹,語基1,*,날다01,날,*,*,A,VV
나,0,0,0,Verb,自立,ㄹ語幹-脱落形,語基1,*,날다01,나,*,*,A,VV
날,0,0,0,Verb,自立,ㄹ語幹,語基2,*,날다01,날,*,*,A,VV
나,0,0,0,Verb,自立,ㄹ語幹-脱落形,語基2,*,날다01,나,*,*,A,VV
날아,0,0,0,Verb,自立,ㄹ語幹,語基3,*,날다01,날아,*,*,A,VV
내,0,0,0,Verb,自立,*,語基1,*,내다02,내,*,길을 ~,A,VV
내,0,0,0,Verb,自立,*,語基2,*,내다02,내,*,길을 ~,A,VV
내,0,0,0,Verb,自立,*,語基3,*,내다02,내,*,길을 ~,A,VV
내어,0,0,0,Verb,自立,*,語基3,*,내다02,내어,*,길을 ~,A,VV
내려가,0,0,0,Verb,自立,*,語基1,*,내려가다,내려가,*,*,A,VV
내려가,0,0,0,Verb,自立,*,語基2,*,내려가다,내려가,*,*,A,VV
내려가,0,0,0,Verb,自立,*,語基3,*,내려가다,내려가,*,*,A,VV
내려오,0,0,0,Verb,自立,*,語基1,*,내려오다,내려오,*,*,A,VV
내려오,0,0,0,Verb,自立,*,語基2,*,내려오다,내려오,*,*,A,VV
내려와,0,0,0,Verb,自立,*,語基3,*,내려오다,내려와,*,*,A,VV
내리,0,0,0,Verb,自立,*,語基1,*,내리다01,내리,*,눈이 ~,A,VV
내리,0,0,0,Verb,自立,*,語基2,*,내리다01,내리,*,눈이 ~,A,VV
내려,0,0,0,Verb,自立,*,語基3,*,내리다01,내려,*,눈이 ~,A,VV
내리어,0,0,0,Verb,自立,*,語基3,*,내리다01,내리어,*,눈이 ~,A,VV
넣,0,0,0,Verb,自立,*,語基1,*,넣다,넣,*,*,A,VV
넣으,0,0,0,Verb,自立,*,語基2,*,넣다,넣으,*,*,A,VV
넣어,0,0,0,Verb,自立,*,語基3,*,넣다,넣어,*,*,A,VV
놀,0,0,0,Verb,自立,ㄹ語幹,語基1,*,놀다01,놀,*,*,A,VV
노,0,0,0,Verb,自立,ㄹ語幹-脱落形,語基1,*,놀다01,노,*,*,A,VV
놀,0,0,0,Verb,自立,ㄹ語幹,語基2,*,놀다01,놀,*,*,A,VV
노,0,0,0,Verb,自立,ㄹ語幹-脱落形,語基2,*,놀다01,노,*,*,A,VV
놀아,0,0,0,Verb,自立,ㄹ語幹,語基3,*,놀다01,놀아,*,*,A,VV
놀라,0,0,0,Verb,自立,*,語基1,*,놀라다,놀라,*,*,A,VV
놀라,0,0,0,Verb,自立,*,語基2,*,놀라다,놀라,*,*,A,VV
놀라,0,0,0,Verb,自立,*,語基3,*,놀라다,놀라,*,*,A,VV
놓,0,0,0,Verb,自立,*,語基1,*,놓다01,놓,*,*,A,VV
놓으,0,0,0,Verb,自立,*,語基2,*,놓다01,놓으,*,*,A,VV
놓아,0,0,0,Verb,自立,*,語基3,*,놓다01,놓아,*,*,A,VV
놔,0,0,0,Verb,自立,*,語基3,*,놓다01,놔,*,*,A,VV
늦,0,0,0,Verb,自立,*,語基1,*,늦다,늦,*,*,A,VV
늦으,0,0,0,Verb,自立,*,語基2,*,늦다,늦으,*,*,A,VV
늦어,0,0,0,Verb,自立,*,語基3,*,늦다,늦어,*,*,A,VV
다녀오,0,0,0,Verb,自立,*,語基1,*,다녀오다,다녀오,*,*,A,VV
다녀오,0,0,0,Verb,自立,*,語基2,*,다녀오다,다녀오,*,*,A,VV
다녀와,0,0,0,Verb,自立,*,語基3,*,다녀오다,다녀와,*,*,A,VV
다니,0,0,0,Verb,自立,*,語基1,*,다니다,다니,*,*,A,VV
다니,0,0,0,Verb,自立,*,語基2,*,다니다,다니,*,*,A,VV
다녀,0,0,0,Verb,自立,*,語基3,*,다니다,다녀,*,*,A,VV
다니어,0,0,0,Verb,自立,*,語基3,*,다니다,다니어,*,*,A,VV
닦,0,0,0,Verb,自立,*,語基1,*,닦다01,닦,*,*,A,VV
닦으,0,0,0,Verb,自立,*,語基2,*,닦다01,닦으,*,*,A,VV
닦아,0,0,0,Verb,自立,*,語基3,*,닦다01,닦아,*,*,A,VV
닫,0,0,0,Verb,自立,*,語基1,*,닫다02,닫,*,*,A,VV
닫으,0,0,0,Verb,自立,*,語基2,*,닫다02,닫으,*,*,A,VV
닫아,0,0,0,Verb,自立,*,語基3,*,닫다02,닫아,*,*,A,VV
도와주,0,0,0,Verb,自立,*,語基1,*,도와주다,도와주,*,*,A,VV
도와주,0,0,0,Verb,自立,*,語基2,*,도와주다,도와주,*,*,A,VV
도와주어,0,0,0,Verb,自立,*,語基3,*,도와주다,도와주어,*,*,A,VV
도와줘,0,0,0,Verb,自立,*,語基3,*,도와주다,도와줘,*,*,A,VV
돌아가,0,0,0,Verb,自立,*,語基1,*,돌아가다,돌아가,*,*,A,VV
돌아가,0,0,0,Verb,自立,*,語基2,*,돌아가다,돌아가,*,*,A,VV
돌아가,0,0,0,Verb,自立,*,語基3,*,돌아가다,돌아가,*,*,A,VV
돌아오,0,0,0,Verb,自立,*,語基1,*,돌아오다,돌아오,*,*,A,VV
돌아오,0,0,0,Verb,自立,*,語基2,*,돌아오다,돌아오,*,*,A,VV
돌아와,0,0,0,Verb,自立,*,語基3,*,돌아오다,돌아와,*,*,A,VV
돕,0,0,0,Verb,自立,ㅂ変則,語基1,*,돕다,돕,*,*,A,VV
도우,0,0,0,Verb,自立,ㅂ変則,語基2,*,돕다,도우,*,*,A,VV
도와,0,0,0,Verb,自立,ㅂ変則,語基3,*,돕다,도와,*,*,A,VV
되,0,0,0,Verb,自立,*,語基1,*,되다01,되,*,어른이 ~,A,VV
되,0,0,0,Verb,自立,*,語基2,*,되다01,되,*,어른이 ~,A,VV
돼,0,0,0,Verb,自立,*,語基3,*,되다01,돼,*,어른이 ~,A,VV
되어,0,0,0,Verb,自立,*,語基3,*,되다01,되어,*,어른이 ~,A,VV
드리,0,0,0,Verb,自立,*,語基1,*,드리다01,드리,*,인사를 ~,A,VV
드리,0,0,0,Verb,自立,*,語基2,*,드리다01,드리,*,인사를 ~,A,VV
드려,0,0,0,Verb,自立,*,語基3,*,드리다01,드려,*,인사를 ~,A,VV
드리어,0,0,0,Verb,自立,*,語基3,*,드리다01,드리어,*,인사를 ~,A,VV
듣,0,0,0,Verb,自立,ㄷ変則,語基1,*,듣다01,듣,*,소리를 ~,A,VV
들으,0,0,0,Verb,自立,ㄷ変則,語基2,*,듣다01,들으,*,소리를 ~,A,VV
들어,0,0,0,Verb,自立,ㄷ変則,語基3,*,듣다01,들어,*,소리를 ~,A,VV
들,0,0,0,Verb,自立,ㄹ語幹,語基1,*,들다01,들,*,여관에 ~,A,VV
드,0,0,0,Verb,自立,ㄹ語幹-脱落形,語基1,*,들다01,드,*,여관에 ~,A,VV
들,0,0,0,Verb,自立,ㄹ語幹,語基2,*,들다01,들,*,여관에 ~,A,VV
드,0,0,0,Verb,自立,ㄹ語幹-脱落形,語基2,*,들다01,드,*,여관에 ~,A,VV
들어,0,0,0,Verb,自立,ㄹ語幹,語基3,*,들다01,들어,*,여관에 ~,A,VV
들,0,0,0,Verb,自立,ㄹ語幹,語基1,*,들다04,들,*,꽃을 ~,A,VV
드,0,0,0,Verb,自立,ㄹ語幹-脱落形,語基1,*,들다04,드,*,꽃을 ~,A,VV
들,0,0,0,Verb,自立,ㄹ語幹,語基2,*,들다04,들,*,꽃을 ~,A,VV
드,0,0,0,Verb,自立,ㄹ語幹-脱落形,語基2,*,들다04,드,*,꽃을 ~,A,VV
들어,0,0,0,Verb,自立,ㄹ語幹,語基3,*,들다04,들어,*,꽃을 ~,A,VV
들어가,0,0,0,Verb,自立,*,語基1,*,들어가다01,들어가,*,*,A,VV
들어가,0,0,0,Verb,自立,*,語基2,*,들어가다01,들어가,*,*,A,VV
들어가,0,0,0,Verb,自立,*,語基3,*,들어가다01,들어가,*,*,A,VV
들어오,0,0,0,Verb,自立,*,語基1,*,들어오다,들어오,*,*,A,VV
들어오,0,0,0,Verb,自立,*,語基2,*,들어오다,들어오,*,*,A,VV
들어와,0,0,0,Verb,自立,*,語基3,*,들어오다,들어와,*,*,A,VV
떠나,0,0,0,Verb,自立,*,語基1,*,떠나다,떠나,*,*,A,VV
떠나,0,0,0,Verb,自立,*,語基2,*,떠나다,떠나,*,*,A,VV
떠나,0,0,0,Verb,自立,*,語基3,*,떠나다,떠나,*,*,A,VV
뛰,0,0,0,Verb,自立,*,語基1,*,뛰다01,뛰,*,심장이 ~,A,VV
뛰,0,0,0,Verb,自立,*,語基2,*,뛰다01,뛰,*,심장이 ~,A,VV
뛰어,0,0,0,Verb,自立,*,語基3,*,뛰다01,뛰어,*,심장이 ~,A,VV
뛰,0,0,0,Verb,自立,*,語基1,*,뛰다02,뛰,*,빨리 나아가다,A,VV
뛰,0,0,0,Verb,自立,*,語基2,*,뛰다02,뛰,*,빨리 나아가다,A,VV
뛰어,0,0,0,Verb,自立,*,語基3,*,뛰다02,뛰어,*,빨리 나아가다,A,VV
마시,0,0,0,Verb,自立,*,語基1,*,마시다,마시,*,*,A,VV
마시,0,0,0,Verb,自立,*,語基2,*,마시다,마시,*,*,A,VV
마셔,0,0,0,Verb,自立,*,語基3,*,마시다,마셔,*,*,A,VV
마시어,0,0,0,Verb,自立,*,語基3,*,마시다,마시어,*,*,A,VV
만나,0,0,0,Verb,自立,*,語基1,*,만나다,만나,*,*,A,VV
만나,0,0,0,Verb,自立,*,語基2,*,만나다,만나,*,*,A,VV
만나,0,0,0,Verb,自立,*,語基3,*,만나다,만나,*,*,A,VV
만들,0,0,0,Verb,自立,ㄹ語幹,語基1,*,만들다,만들,*,*,A,VV
만드,0,0,0,Verb,自立,ㄹ語幹-脱落形,語基1,*,만들다,만드,*,*,A,VV
만들,0,0,0,Verb,自立,ㄹ語幹,語基2,*,만들다,만들,*,*,A,VV
만드,0,0,0,Verb,自立,ㄹ語幹-脱落形,語基2,*,만들다,만드,*,*,A,VV
만들어,0,0,0,Verb,自立,ㄹ語幹,語基3,*,만들다,만들어,*,*,A,VV
말,0,0,0,Verb,自立,ㄹ語幹,語基1,*,말다03,말,*,그만두다,A,VV
마,0,0,0,Verb,自立,ㄹ語幹-脱落形,語基1,*,말다03,마,*,그만두다,A,VV
말,0,0,0,Verb,自立,ㄹ語幹,語基2,*,말다03,말,*,그만두다,A,VV
마,0,0,0,Verb,自立,ㄹ語幹-脱落形,語基2,*,말다03,마,*,그만두다,A,VV
말아,0,0,0,Verb,自立,ㄹ語幹,語基3,*,말다03,말아,*,그만두다,A,VV
먹,0,0,0,Verb,自立,*,語基1,*,먹다02,먹,*,밥을 ~,A,VV
먹으,0,0,0,Verb,自立,*,語基2,*,먹다02,먹으,*,밥을 ~,A,VV
먹어,0,0,0,Verb,自立,*,語基3,*,먹다02,먹어,*,밥을 ~,A,VV
모르,0,0,0,Verb,自立,르変則,語基1,*,모르다,모르,*,*,A,VV
모르,0,0,0,Verb,自立,르変則,語基2,*,모르다,모르,*,*,A,VV
몰라,0,0,0,Verb,自立,르変則,語基3,*,모르다,몰라,*,*,A,VV
못하,0,0,0,Verb,自立,*,語基1,*,못하다,못하,*,*,A,VV
못하,0,0,0,Verb,自立,*,語基2,*,못하다,못하,*,*,A,VV
못하여,0,0,0,Verb,自立,*,語基3,*,못하다,못하여,*,*,A,VV
못해,0,0,0,Verb,自立,*,語基3,*,못하다,못해,*,*,A,VV
묻,0,0,0,Verb,自立,ㄷ変則,語基1,*,묻다03,묻,*,길을 ~,A,VV
물으,0,0,0,Verb,自立,ㄷ変則,語基2,*,묻다03,물으,*,길을 ~,A,VV
물어,0,0,0,Verb,自立,ㄷ変則,語基3,*,묻다03,물어,*,길을 ~,A,VV
물어보,0,0,0,Verb,自立,*,語基1,*,물어보다,물어보,*,*,A,VV
물어보,0,0,0,Verb,自立,*,語基2,*,물어보다,물어보,*,*,A,VV
물어보아,0,0,0,Verb,自立,*,語基3,*,물어보다,물어보아,*,*,A,VV
물어봐,0,0,0,Verb,自立,*,語基3,*,물어보다,물어봐,*,*,A,VV
바꾸,0,0,0,Verb,自立,*,語基1,*,바꾸다,바꾸,*,*,A,VV
바꾸,0,0,0,Verb,自立,*,語基2,*,바꾸다,바꾸,*,*,A,VV
바꾸어,0,0,0,Verb,自立,*,語基3,*,바꾸다,바꾸어,*,*,A,VV
바꿔,0,0,0,Verb,自立,*,語基3,*,바꾸다,바꿔,*,*,A,VV
받,0,0,0,Verb,自立,*,語基1,*,받다01,받,*,선물을 ~,A,VV
받으,0,0,0,Verb,自立,*,語基2,*,받다01,받으,*,선물을 ~,A,VV
받아,0,0,0,Verb,自立,*,語基3,*,받다01,받아,*,선물을 ~,A,VV
배우,0,0,0,Verb,自立,*,語基1,*,배우다01,배우,*,*,A,VV
배우,0,0,0,Verb,自立,*,語基2,*,배우다01,배우,*,*,A,VV
배워,0,0,0,Verb,自立,*,語基3,*,배우다01,배워,*,*,A,VV
벗,0,0,0,Verb,自立,*,語基1,*,벗다,벗,*,*,A,VV
벗으,0,0,0,Verb,自立,*,語基2,*,벗다,벗으,*,*,A,VV
벗어,0,0,0,Verb,自立,*,語基3,*,벗다,벗어,*,*,A,VV
보내,0,0,0,Verb,自立,*,語基1,*,보내다,보내,*,*,A,VV
보내,0,0,0,Verb,自立,*,語基2,*,보내다,보내,*,*,A,VV
보내,0,0,0,Verb,自立,*,語基3,*,보내다,보내,*,*,A,VV
보내어,0,0,0,Verb,自立,*,語基3,*,보내다,보내어,*,*,A,VV
보,0,0,0,Verb,自立,*,語基1,*,보다01,보,*,*,A,VV
보,0,0,0,Verb,自立,*,語基2,*,보다01,보,*,*,A,VV
보아,0,0,0,Verb,自立,*,語基3,*,보다01,보아,*,*,A,VV
봐,0,0,0,Verb,自立,*,語基3,*,보다01,봐,*,*,A,VV
부르,0,0,0,Verb,自立,르変則,語基1,*,부르다01,부르,*,이름을 ~,A,VV
부르,0,0,0,Verb,自立,르変則,語基2,*,부르다01,부르,*,이름을 ~,A,VV
불러,0,0,0,Verb,自立,르変則,語基3,*,부르다01,불러,*,이름을 ~,A,VV
불,0,0,0,Verb,自立,ㄹ語幹,語基1,*,불다01,불,*,바람이 ~,A,VV
부,0,0,0,Verb,自立,ㄹ語幹-脱落形,語基1,*,불다01,부,*,바람이 ~,A,VV
불,0,0,0,Verb,自立,ㄹ語幹,語基2,*,불다01,불,*,바람이 ~,A,VV
부,0,0,0,Verb,自立,ㄹ語幹-脱落形,語基2,*,불다01,부,*,바람이 ~,A,VV
불어,0,0,0,Verb,自立,ㄹ語幹,語基3,*,불다01,불어,*,바람이 ~,A,VV
사,0,0,0,Verb,自立,*,語基1,*,사다,사,*,*,A,VV
사,0,0,0,Verb,自立,*,語基2,*,사다,사,*,*,A,VV
사,0,0,0,Verb,自立,*,語基3,*,사다,사,*,*,A,VV
살,0,0,0,Verb,自立,ㄹ語幹,語基1,*,살다01,살,*,*,A,VV
사,0,0,0,Verb,自立,ㄹ語幹-脱落形,語基1,*,살다01,사,*,*,A,VV
살,0,0,0,Verb,自立,ㄹ語幹,語基2,*,살다01,살,*,*,A,VV
사,0,0,0,Verb,自立,ㄹ語幹-脱落形,語基2,*,살다01,사,*,*,A,VV
살아,0,0,0,Verb,自立,ㄹ語幹,語基3,*,살다01,살아,*,*,A,VV
생기,0,0,0,Verb,自立,*,語基1,*,생기다,생기,*,*,A,VV
생기,0,0,0,Verb,自立,*,語基2,*,생기다,생기,*,*,A,VV
생겨,0,0,0,Verb,自立,*,語基3,*,생기다,생겨,*,*,A,VV
생기어,0,0,0,Verb,自立,*,語基3,*,생기다,생기어,*,*,A,VV
서,0,0,0,Verb,自立,*,語基1,*,서다01,서,*,*,A,VV
서,0,0,0,Verb,自立,*,語基2,*,서다01,서,*,*,A,VV
서,0,0,0,Verb,自立,*,語基3,*,서다01,서,*,*,A,VV
쉬,0,0,0,Verb,自立,*,語基1,*,쉬다03,쉬,*,편안히 ~,A,VV
쉬,0,0,0,Verb,自立,*,語基2,*,쉬다03,쉬,*,편안히 ~,A,VV
쉬어,0,0,0,Verb,自立,*,語基3,*,쉬다03,쉬어,*,편안히 ~,A,VV
신,0,0,0,Verb,自立,*,語基1,*,신다,신,*,*,A,VV
신으,0,0,0,Verb,自立,*,語基2,*,신다,신으,*,*,A,VV
신어,0,0,0,Verb,自立,*,語基3,*,신다,신어,*,*,A,VV
싸우,0,0,0,Verb,自立,*,語基1,*,싸우다,싸우,*,*,A,VV
싸우,0,0,0,Verb,自立,*,語基2,*,싸우다,싸우,*,*,A,VV
싸워,0,0,0,Verb,自立,*,語基3,*,싸우다,싸워,*,*,A,VV
쓰,0,0,0,Verb,自立,으語幹,語基1,*,쓰다01,쓰,*,글씨를 ~,A,VV
쓰,0,0,0,Verb,自立,으語幹,語基2,*,쓰다01,쓰,*,글씨를 ~,A,VV
써,0,0,0,Verb,自立,으語幹,語基3,*,쓰다01,써,*,글씨를 ~,A,VV
쓰,0,0,0,Verb,自立,으語幹,語基1,*,쓰다02,쓰,*,모자를 ~,A,VV
쓰,0,0,0,Verb,自立,으語幹,語基2,*,쓰다02,쓰,*,모자를 ~,A,VV
써,0,0,0,Verb,自立,으語幹,語基3,*,쓰다02,써,*,모자를 ~,A,VV
쓰,0,0,0,Verb,自立,으語幹,語基1,*,쓰다03,쓰,*,약을 ~,A,VV
쓰,0,0,0,Verb,自立,으語幹,語基2,*,쓰다03,쓰,*,약을 ~,A,VV
써,0,0,0,Verb,自立,으語幹,語基3,*,쓰다03,써,*,약을 ~,A,VV
씻,0,0,0,Verb,自立,*,語基1,*,씻다,씻,*,*,A,VV
씻으,0,0,0,Verb,自立,*,語基2,*,씻다,씻으,*,*,A,VV
씻어,0,0,0,Verb,自立,*,語基3,*,씻다,씻어,*,*,A,VV
안,0,0,0,Verb,自立,*,語基1,*,안다01,안,*,*,A,VV
안으,0,0,0,Verb,自立,*,語基2,*,안다01,안으,*,*,A,VV
안아,0,0,0,Verb,自立,*,語基3,*,안다01,안아,*,*,A,VV
안되,0,0,0,Verb,自立,*,語基1,*,안되다01,안되,*,공부가 ~,A,VV
안되,0,0,0,Verb,自立,*,語基2,*,안되다01,안되,*,공부가 ~,A,VV
안돼,0,0,0,Verb,自立,*,語基3,*,안되다01,안돼,*,공부가 ~,A,VV
안되어,0,0,0,Verb,自立,*,語基3,*,안되다01,안되어,*,공부가 ~,A,VV
앉,0,0,0,Verb,自立,*,語基1,*,앉다,앉,*,*,A,VV
앉으,0,0,0,Verb,自立,*,語基2,*,앉다,앉으,*,*,A,VV
앉아,0,0,0,Verb,自立,*,語基3,*,앉다,앉아,*,*,A,VV
않,0,0,0,Verb,自立,*,語基1,*,않다,않,*,*,A,VV
않으,0,0,0,Verb,自立,*,語基2,*,않다,않으,*,*,A,VV
않아,0,0,0,Verb,自立,*,語基3,*,않다,않아,*,*,A,VV
알,0,0,0,Verb,自立,ㄹ語幹,語基1,*,알다,알,*,*,A,VV
아,0,0,0,Verb,自立,ㄹ語幹-脱落形,語基1,*,알다,아,*,*,A,VV
알,0,0,0,Verb,自立,ㄹ語幹,語基2,*,알다,알,*,*,A,VV
아,0,0,0,Verb,自立,ㄹ語幹-脱落形,語基2,*,알다,아,*,*,A,VV
알아,0,0,0,Verb,自立,ㄹ語幹,語基3,*,알다,알아,*,*,A,VV
열,0,0,0,Verb,自立,ㄹ語幹,語基1,*,열다02,열,*,문을 ~,A,VV
여,0,0,0,Verb,自立,ㄹ語幹-脱落形,語基1,*,열다02,여,*,문을 ~,A,VV
열,0,0,0,Verb,自立,ㄹ語幹,語基2,*,열다02,열,*,문을 ~,A,VV
여,0,0,0,Verb,自立,ㄹ語幹-脱落形,語基2,*,열다02,여,*,문을 ~,A,VV
열어,0,0,0,Verb,自立,ㄹ語幹,語基3,*,열다02,열어,*,문을 ~,A,VV
오,0,0,0,Verb,自立,*,語基1,*,오다01,오,*,*,A,VV
오,0,0,0,Verb,自立,*,語基2,*,오다01,오,*,*,A,VV
와,0,0,0,Verb,自立,*,語基3,*,오다01,와,*,*,A,VV
오르,0,0,0,Verb,自立,르変則,語基1,*,오르다,오르,*,*,A,VV
오르,0,0,0,Verb,自立,르変則,語基2,*,오르다,오르,*,*,A,VV
올라,0,0,0,Verb,自立,르変則,語基3,*,오르다,올라,*,*,A,VV
올라가,0,0,0,Verb,自立,*,語基1,*,올라가다,올라가,*,*,A,VV
올라가,0,0,0,Verb,自立,*,語基2,*,올라가다,올라가,*,*,A,VV
올라가,0,0,0,Verb,自立,*,語基3,*,올라가다,올라가,*,*,A,VV
울,0,0,0,Verb,自立,ㄹ語幹,語基1,*,울다01,울,*,울음을 ~,A,VV
우,0,0,0,Verb,自立,ㄹ語幹-脱落形,語基1,*,울다01,우,*,울음을 ~,A,VV
울,0,0,0,Verb,自立,ㄹ語幹,語基2,*,울다01,울,*,울음을 ~,A,VV
우,0,0,0,Verb,自立,ㄹ語幹-脱落形,語基2,*,울다01,우,*,울음을 ~,A,VV
울어,0,0,0,Verb,自立,ㄹ語幹,語基3,*,울다01,울어,*,울음을 ~,A,VV
웃,0,0,0,Verb,自立,*,語基1,*,웃다,웃,*,*,A,VV
웃으,0,0,0,Verb,自立,*,語基2,*,웃다,웃으,*,*,A,VV
웃어,0,0,0,Verb,自立,*,語基3,*,웃다,웃어,*,*,A,VV
일어나,0,0,0,Verb,自立,*,語基1,*,일어나다,일어나,*,*,A,VV
일어나,0,0,0,Verb,自立,*,語基2,*,일어나다,일어나,*,*,A,VV
일어나,0,0,0,Verb,自立,*,語基3,*,일어나다,일어나,*,*,A,VV
읽,0,0,0,Verb,自立,*,語基1,*,읽다,읽,*,*,A,VV
읽으,0,0,0,Verb,自立,*,語基2,*,읽다,읽으,*,*,A,VV
읽어,0,0,0,Verb,自立,*,語基3,*,읽다,읽어,*,*,A,VV
잃,0,0,0,Verb,自立,*,語基1,*,잃다,잃,*,*,A,VV
잃으,0,0,0,Verb,自立,*,語基2,*,잃다,잃으,*,*,A,VV
잃어,0,0,0,Verb,自立,*,語基3,*,잃다,잃어,*,*,A,VV
잃어버리,0,0,0,Verb,自立,*,語基1,*,잃어버리다,잃어버리,*,*,A,VV
잃어버리,0,0,0,Verb,自立,*,語基2,*,잃어버리다,잃어버리,*,*,A,VV
잃어버려,0,0,0,Verb,自立,*,語基3,*,잃어버리다,잃어버려,*,*,A,VV
잃어버리어,0,0,0,Verb,自立,*,語基3,*,잃어버리다,잃어버리어,*,*,A,VV
입,0,0,0,Verb,自立,*,語基1,*,입다01,입,*,옷을 ~,A,VV
입으,0,0,0,Verb,自立,*,語基2,*,입다01,입으,*,옷을 ~,A,VV
입어,0,0,0,Verb,自立,*,語基3,*,입다01,입어,*,옷을 ~,A,VV
잊,0,0,0,Verb,自立,*,語基1,*,잊다01,잊,*,*,A,VV
잊으,0,0,0,Verb,自立,*,語基2,*,잊다01,잊으,*,*,A,VV
잊어,0,0,0,Verb,自立,*,語基3,*,잊다01,잊어,*,*,A,VV
잊어버리,0,0,0,Verb,自立,*,語基1,*,잊어버리다,잊어버리,*,*,A,VV
잊어버리,0,0,0,Verb,自立,*,語基2,*,잊어버리다,잊어버리,*,*,A,VV
잊어버려,0,0,0,Verb,自立,*,語基3,*,잊어버리다,잊어버려,*,*,A,VV
잊어버리어,0,0,0,Verb,自立,*,語基3,*,잊어버리다,잊어버리어,*,*,A,VV
자,0,0,0,Verb,自立,*,語基1,*,자다01,자,*,*,A,VV
자,0,0,0,Verb,自立,*,語基2,*,자다01,자,*,*,A,VV
자,0,0,0,Verb,自立,*,語基3,*,자다01,자,*,*,A,VV
잘하,0,0,0,Verb,自立,*,語基1,*,잘하다,잘하,*,*,A,VV
잘하,0,0,0,Verb,自立,*,語基2,*,잘하다,잘하,*,*,A,VV
잘하여,0,0,0,Verb,自立,*,語基3,*,잘하다,잘하여,*,*,A,VV
잘해,0,0,0,Verb,自立,*,語基3,*,잘하다,잘해,*,*,A,VV
잠자,0,0,0,Verb,自立,*,語基1,*,잠자다,잠자,*,*,A,VV
잠자,0,0,0,Verb,自立,*,語基2,*,잠자다,잠자,*,*,A,VV
잠자,0,0,0,Verb,自立,*,語基3,*,잠자다,잠자,*,*,A,VV
잡,0,0,0,Verb,自立,*,語基1,*,잡다01,잡,*,*,A,VV
잡으,0,0,0,Verb,自立,*,語基2,*,잡다01,잡으,*,*,A,VV
잡아,0,0,0,Verb,自立,*,語基3,*,잡다01,잡아,*,*,A,VV
잡수시,0,0,0,Verb,自立,*,語基1,*,잡수시다,잡수시,*,*,A,VV
잡수시,0,0,0,Verb,自立,*,語基2,*,잡수시다,잡수시,*,*,A,VV
잡수셔,0,0,0,Verb,自立,*,語基3,*,잡수시다,잡수셔,*,*,A,VV
잡수시어,0,0,0,Verb,自立,*,語基3,*,잡수시다,잡수시어,*,*,A,VV
적,0,0,0,Verb,自立,*,語基1,*,적다01,적,*,답을 ~,A,VV
적으,0,0,0,Verb,自立,*,語基2,*,적다01,적으,*,답을 ~,A,VV
적어,0,0,0,Verb,自立,*,語基3,*,적다01,적어,*,답을 ~,A,VV
좋아하,0,0,0,Verb,自立,*,語基1,*,좋아하다,좋아하,*,*,A,VV
좋아하,0,0,0,Verb,自立,*,語基2,*,좋아하다,좋아하,*,*,A,VV
좋아하여,0,0,0,Verb,自立,*,語基3,*,좋아하다,좋아하여,*,*,A,VV
좋아해,0,0,0,Verb,自立,*,語基3,*,좋아하다,좋아해,*,*,A,VV
주,0,0,0,Verb,自立,*,語基1,*,주다01,주,*,*,A,VV
주,0,0,0,Verb,自立,*,語基2,*,주다01,주,*,*,A,VV
주어,0,0,0,Verb,自立,*,語基3,*,주다01,주어,*,*,A,VV
줘,0,0,0,Verb,自立,*,語基3,*,주다01,줘,*,*,A,VV
죽,0,0,0,Verb,自立,*,語基1,*,죽다01,죽,*,굶어 ~,A,VV
죽으,0,0,0,Verb,自立,*,語基2,*,죽다01,죽으,*,굶어 ~,A,VV
죽어,0,0,0,Verb,自立,*,語基3,*,죽다01,죽어,*,굶어 ~,A,VV
지내,0,0,0,Verb,自立,*,語基1,*,지내다01,지내,*,*,A,VV
지내,0,0,0,Verb,自立,*,語基2,*,지내다01,지내,*,*,A,VV
지내,0,0,0,Verb,自立,*,語基3,*,지내다01,지내,*,*,A,VV
지내어,0,0,0,Verb,自立,*,語基3,*,지내다01,지내어,*,*,A,VV
지우,0,0,0,Verb,自立,*,語基1,*,지우다01,지우,*,낙서를 ~,A,VV
지우,0,0,0,Verb,自立,*,語基2,*,지우다01,지우,*,낙서를 ~,A,VV
지워,0,0,0,Verb,自立,*,語基3,*,지우다01,지워,*,낙서를 ~,A,VV
찍,0,0,0,Verb,自立,*,語基1,*,찍다02,찍,*,서류에 도장을 ~,A,VV
찍으,0,0,0,Verb,自立,*,語基2,*,찍다02,찍으,*,서류에 도장을 ~,A,VV
찍어,0,0,0,Verb,自立,*,語基3,*,찍다02,찍어,*,서류에 도장을 ~,A,VV
찾,0,0,0,Verb,自立,*,語基1,*,찾다,찾,*,*,A,VV
찾으,0,0,0,Verb,自立,*,語基2,*,찾다,찾으,*,*,A,VV
찾아,0,0,0,Verb,自立,*,語基3,*,찾다,찾아,*,*,A,VV
추,0,0,0,Verb,自立,*,語基1,*,추다02,추,*,춤을 ~,A,VV
추,0,0,0,Verb,自立,*,語基2,*,추다02,추,*,춤을 ~,A,VV
추어,0,0,0,Verb,自立,*,語基3,*,추다02,추어,*,춤을 ~,A,VV
춰,0,0,0,Verb,自立,*,語基3,*,추다02,춰,*,춤을 ~,A,VV
춤추,0,0,0,Verb,自立,*,語基1,*,춤추다,춤추,*,*,A,VV
춤추,0,0,0,Verb,自立,*,語基2,*,춤추다,춤추,*,*,A,VV
춤추어,0,0,0,Verb,自立,*,語基3,*,춤추다,춤추어,*,*,A,VV
춤춰,0,0,0,Verb,自立,*,語基3,*,춤추다,춤춰,*,*,A,VV
치,0,0,0,Verb,自立,*,語基1,*,치다02,치,*,얼굴을 ~,A,VV
치,0,0,0,Verb,自立,*,語基2,*,치다02,치,*,얼굴을 ~,A,VV
쳐,0,0,0,Verb,自立,*,語基3,*,치다02,쳐,*,얼굴을 ~,A,VV
치어,0,0,0,Verb,自立,*,語基3,*,치다02,치어,*,얼굴을 ~,A,VV
켜,0,0,0,Verb,自立,*,語基1,*,켜다01,켜,*,성냥을 ~,A,VV
켜,0,0,0,Verb,自立,*,語基2,*,켜다01,켜,*,성냥을 ~,A,VV
켜,0,0,0,Verb,自立,*,語基3,*,켜다01,켜,*,성냥을 ~,A,VV
크,0,0,0,Verb,自立,으語幹,語基1,*,크다01,크,*,*,A,VV
크,0,0,0,Verb,自立,으語幹,語基2,*,크다01,크,*,*,A,VV
커,0,0,0,Verb,自立,으語幹,語基3,*,크다01,커,*,*,A,VV
타,0,0,0,Verb,自立,*,語基1,*,타다02,타,*,버스에 ~,A,VV
타,0,0,0,Verb,自立,*,語基2,*,타다02,타,*,버스에 ~,A,VV
타,0,0,0,Verb,自立,*,語基3,*,타다02,타,*,버스에 ~,A,VV
태어나,0,0,0,Verb,自立,*,語基1,*,태어나다,태어나,*,*,A,VV
태어나,0,0,0,Verb,自立,*,語基2,*,태어나다,태어나,*,*,A,VV
태어나,0,0,0,Verb,自立,*,語基3,*,태어나다,태어나,*,*,A,VV
팔,0,0,0,Verb,自立,ㄹ語幹,語基1,*,팔다,팔,*,*,A,VV
파,0,0,0,Verb,自立,ㄹ語幹-脱落形,語基1,*,팔다,파,*,*,A,VV
팔,0,0,0,Verb,自立,ㄹ語幹,語基2,*,팔다,팔,*,*,A,VV
파,0,0,0,Verb,自立,ㄹ語幹-脱落形,語基2,*,팔다,파,*,*,A,VV
팔아,0,0,0,Verb,自立,ㄹ語幹,語基3,*,팔다,팔아,*,*,A,VV
피우,0,0,0,Verb,自立,*,語基1,*,피우다01,피우,*,*,A,VV
피우,0,0,0,Verb,自立,*,語基2,*,피우다01,피우,*,*,A,VV
피워,0,0,0,Verb,自立,*,語基3,*,피우다01,피워,*,*,A,VV
하,0,0,0,Verb,自立,*,語基1,*,하다01,하,*,*,A,VV
하,0,0,0,Verb,自立,*,語基2,*,하다01,하,*,*,A,VV
하여,0,0,0,Verb,自立,*,語基3,*,하다01,하여,*,*,A,VV
해,0,0,0,Verb,自立,*,語基3,*,하다01,해,*,*,A,VV
