가까워지,0,0,0,Verb,自立,*,語基1,*,가까워지다,가까워지,*,*,B,VV
가까워지,0,0,0,Verb,自立,*,語基2,*,가까워지다,가까워지,*,*,B,VV
가까워져,0,0,0,Verb,自立,*,語基3,*,가까워지다,가까워져,*,*,B,VV
가까워지어,0,0,0,Verb,自立,*,語基3,*,가까워지다,가까워지어,*,*,B,VV
가꾸,0,0,0,Verb,自立,*,語基1,*,가꾸다,가꾸,*,*,B,VV
가꾸,0,0,0,Verb,自立,*,語基2,*,가꾸다,가꾸,*,*,B,VV
가꾸어,0,0,0,Verb,自立,*,語基3,*,가꾸다,가꾸어,*,*,B,VV
가꿔,0,0,0,Verb,自立,*,語基3,*,가꾸다,가꿔,*,*,B,VV
가리,0,0,0,Verb,自立,*,語基1,*,가리다02,가리,*,시야를 ~,B,VV
가리,0,0,0,Verb,自立,*,語基2,*,가리다02,가리,*,시야를 ~,B,VV
가려,0,0,0,Verb,自立,*,語基3,*,가리다02,가려,*,시야를 ~,B,VV
가리어,0,0,0,Verb,自立,*,語基3,*,가리다02,가리어,*,시야를 ~,B,VV
가리,0,0,0,Verb,自立,*,語基1,*,가리다03,가리,*,시비를 ~,B,VV
가리,0,0,0,Verb,自立,*,語基2,*,가리다03,가리,*,시비를 ~,B,VV
가려,0,0,0,Verb,自立,*,語基3,*,가리다03,가려,*,시비를 ~,B,VV
가리어,0,0,0,Verb,自立,*,語基3,*,가리다03,가리어,*,시비를 ~,B,VV
가리키,0,0,0,Verb,自立,*,語基1,*,가리키다01,가리키,*,*,B,VV
가리키,0,0,0,Verb,自立,*,語基2,*,가리키다01,가리키,*,*,B,VV
가리켜,0,0,0,Verb,自立,*,語基3,*,가리키다01,가리켜,*,*,B,VV
가리키어,0,0,0,Verb,自立,*,語基3,*,가리키다01,가리키어,*,*,B,VV
가져가,0,0,0,Verb,自立,*,語基1,*,가져가다,가져가,*,*,B,VV
가져가,0,0,0,Verb,自立,*,語基2,*,가져가다,가져가,*,*,B,VV
가져가,0,0,0,Verb,自立,*,語基3,*,가져가다,가져가,*,*,B,VV
가져다주,0,0,0,Verb,自立,*,語基1,*,가져다주다,가져다주,*,*,B,VV
가져다주,0,0,0,Verb,自立,*,語基2,*,가져다주다,가져다주,*,*,B,VV
가져다주어,0,0,0,Verb,自立,*,語基3,*,가져다주다,가져다주어,*,*,B,VV
가져다줘,0,0,0,Verb,自立,*,語基3,*,가져다주다,가져다줘,*,*,B,VV
갈,0,0,0,Verb,自立,ㄹ語幹,語基1,*,갈다01,갈,*,바꾸다,B,VV
가,0,0,0,Verb,自立,ㄹ語幹-脱落形,語基1,*,갈다01,가,*,바꾸다,B,VV
갈,0,0,0,Verb,自立,ㄹ語幹,語基2,*,갈다01,갈,*,바꾸다,B,VV
가,0,0,0,Verb,自立,ㄹ語幹-脱落形,語基2,*,갈다01,가,*,바꾸다,B,VV
갈아,0,0,0,Verb,自立,ㄹ語幹,語基3,*,갈다01,갈아,*,바꾸다,B,VV
갈,0,0,0,Verb,自立,ㄹ語幹,語基1,*,갈다02,갈,*,문지르다,B,VV
가,0,0,0,Verb,自立,ㄹ語幹-脱落形,語基1,*,갈다02,가,*,문지르다,B,VV
갈,0,0,0,Verb,自立,ㄹ語幹,語基2,*,갈다02,갈,*,문지르다,B,VV
가,0,0,0,Verb,自立,ㄹ語幹-脱落形,語基2,*,갈다02,가,*,문지르다,B,VV
갈아,0,0,0,Verb,自立,ㄹ語幹,語基3,*,갈다02,갈아,*,문지르다,B,VV
갈아입,0,0,0,Verb,自立,*,語基1,*,갈아입다,갈아입,*,*,B,VV
갈아입으,0,0,0,Verb,自立,*,語基2,*,갈아입다,갈아입으,*,*,B,VV
갈아입어,0,0,0,Verb,自立,*,語基3,*,갈아입다,갈아입어,*,*,B,VV
갈아타,0,0,0,Verb,自立,*,語基1,*,갈아타다,갈아타,*,*,B,VV
갈아타,0,0,0,Verb,自立,*,語基2,*,갈아타다,갈아타,*,*,B,VV
갈아타,0,0,0,Verb,自立,*,語基3,*,갈아타다,갈아타,*,*,B,VV
감,0,0,0,Verb,自立,*,語基1,*,감다01,감,*,눈을 ~,B,VV
감으,0,0,0,Verb,自立,*,語基2,*,감다01,감으,*,눈을 ~,B,VV
감아,0,0,0,Verb,自立,*,語基3,*,감다01,감아,*,눈을 ~,B,VV
갖,0,0,0,Verb,自立,*,語基1,*,갖다01,갖,*,가지다,B,VV
갖으,0,0,0,Verb,自立,*,語基2,*,갖다01,갖으,*,가지다,B,VV
갖아,0,0,0,Verb,自立,*,語基3,*,갖다01,갖아,*,가지다,B,VV
건너가,0,0,0,Verb,自立,*,語基1,*,건너가다,건너가,*,*,B,VV
건너가,0,0,0,Verb,自立,*,語基2,*,건너가다,건너가,*,*,B,VV
건너가,0,0,0,Verb,自立,*,語基3,*,건너가다,건너가,*,*,B,VV
건너,0,0,0,Verb,自立,*,語基1,*,건너다,건너,*,*,B,VV
건너,0,0,0,Verb,自立,*,語基2,*,건너다,건너,*,*,B,VV
건너,0,0,0,Verb,自立,*,語基3,*,건너다,건너,*,*,B,VV
건너오,0,0,0,Verb,自立,*,語基1,*,건너오다,건너오,*,*,B,VV
건너오,0,0,0,Verb,自立,*,語基2,*,건너오다,건너오,*,*,B,VV
건너와,0,0,0,Verb,自立,*,語基3,*,건너오다,건너와,*,*,B,VV
건지,0,0,0,Verb,自立,*,語基1,*,건지다,건지,*,*,B,VV
건지,0,0,0,Verb,自立,*,語基2,*,건지다,건지,*,*,B,VV
건져,0,0,0,Verb,自立,*,語基3,*,건지다,건져,*,*,B,VV
건지어,0,0,0,Verb,自立,*,語基3,*,건지다,건지어,*,*,B,VV
걸리,0,0,0,Verb,自立,*,語基1,*,걸리다01,걸리,*,'걸다'의 피동사,B,VV
걸리,0,0,0,Verb,自立,*,語基2,*,걸리다01,걸리,*,'걸다'의 피동사,B,VV
걸려,0,0,0,Verb,自立,*,語基3,*,걸리다01,걸려,*,'걸다'의 피동사,B,VV
걸리어,0,0,0,Verb,自立,*,語基3,*,걸리다01,걸리어,*,'걸다'의 피동사,B,VV
견디,0,0,0,Verb,自立,*,語基1,*,견디다,견디,*,*,B,VV
견디,0,0,0,Verb,自立,*,語基2,*,견디다,견디,*,*,B,VV
견뎌,0,0,0,Verb,自立,*,語基3,*,견디다,견뎌,*,*,B,VV
견디어,0,0,0,Verb,自立,*,語基3,*,견디다,견디어,*,*,B,VV
고르,0,0,0,Verb,自立,르変則,語基1,*,고르다01,고르,*,뽑다,B,VV
고르,0,0,0,Verb,自立,르変則,語基2,*,고르다01,고르,*,뽑다,B,VV
골라,0,0,0,Verb,自立,르変則,語基3,*,고르다01,골라,*,뽑다,B,VV
고치,0,0,0,Verb,自立,*,語基1,*,고치다01,고치,*,*,B,VV
고치,0,0,0,Verb,自立,*,語基2,*,고치다01,고치,*,*,B,VV
고쳐,0,0,0,Verb,自立,*,語基3,*,고치다01,고쳐,*,*,B,VV
고치어,0,0,0,Verb,自立,*,語基3,*,고치다01,고치어,*,*,B,VV
관하,0,0,0,Verb,自立,*,語基1,*,관하다02,관하,關하,*,B,VV
관하,0,0,0,Verb,自立,*,語基2,*,관하다02,관하,關하,*,B,VV
관하여,0,0,0,Verb,自立,*,語基3,*,관하다02,관하여,關하여,*,B,VV
관해,0,0,0,Verb,自立,*,語基3,*,관하다02,관해,關해,*,B,VV
구하,0,0,0,Verb,自立,*,語基1,*,구하다01,구하,求하,*,B,VV
구하,0,0,0,Verb,自立,*,語基2,*,구하다01,구하,求하,*,B,VV
구하여,0,0,0,Verb,自立,*,語基3,*,구하다01,구하여,求하여,*,B,VV
구해,0,0,0,Verb,自立,*,語基3,*,구하다01,구해,求해,*,B,VV
구하,0,0,0,Verb,自立,*,語基1,*,구하다03,구하,救하,*,B,VV
구하,0,0,0,Verb,自立,*,語基2,*,구하다03,구하,救하,*,B,VV
구하여,0,0,0,Verb,自立,*,語基3,*,구하다03,구하여,救하여,*,B,VV
구해,0,0,0,Verb,自立,*,語基3,*,구하다03,구해,救해,*,B,VV
굽,0,0,0,Verb,自立,ㅂ変則,語基1,*,굽다01,굽,*,익히다,B,VV
구우,0,0,0,Verb,自立,ㅂ変則,語基2,*,굽다01,구우,*,익히다,B,VV
구워,0,0,0,Verb,自立,ㅂ変則,語基3,*,굽다01,구워,*,익히다,B,VV
권하,0,0,0,Verb,自立,*,語基1,*,권하다,권하,勸하,*,B,VV
권하,0,0,0,Verb,自立,*,語基2,*,권하다,권하,勸하,*,B,VV
권하여,0,0,0,Verb,自立,*,語基3,*,권하다,권하여,勸하여,*,B,VV
권해,0,0,0,Verb,自立,*,語基3,*,권하다,권해,勸해,*,B,VV
그려지,0,0,0,Verb,自立,*,語基1,*,그려지다,그려지,*,*,B,VV
그려지,0,0,0,Verb,自立,*,語基2,*,그려지다,그려지,*,*,B,VV
그려져,0,0,0,Verb,自立,*,語基3,*,그려지다,그려져,*,*,B,VV
그려지어,0,0,0,Verb,自立,*,語基3,*,그려지다,그려지어,*,*,B,VV
그만두,0,0,0,Verb,自立,*,語基1,*,그만두다,그만두,*,*,B,VV
그만두,0,0,0,Verb,自立,*,語基2,*,그만두다,그만두,*,*,B,VV
그만두어,0,0,0,Verb,自立,*,語基3,*,그만두다,그만두어,*,*,B,VV
그만둬,0,0,0,Verb,自立,*,語基3,*,그만두다,그만둬,*,*,B,VV
그치,0,0,0,Verb,自立,*,語基1,*,그치다,그치,*,*,B,VV
그치,0,0,0,Verb,自立,*,語基2,*,그치다,그치,*,*,B,VV
그쳐,0,0,0,Verb,自立,*,語基3,*,그치다,그쳐,*,*,B,VV
그치어,0,0,0,Verb,自立,*,語基3,*,그치다,그치어,*,*,B,VV
기르,0,0,0,Verb,自立,르変則,語基1,*,기르다,기르,*,*,B,VV
기르,0,0,0,Verb,自立,르変則,語基2,*,기르다,기르,*,*,B,VV
길러,0,0,0,Verb,自立,르変則,語基3,*,기르다,길러,*,*,B,VV
기억나,0,0,0,Verb,自立,*,語基1,*,기억나다,기억나,記憶나,*,B,VV
기억나,0,0,0,Verb,自立,*,語基2,*,기억나다,기억나,記憶나,*,B,VV
기억나,0,0,0,Verb,自立,*,語基3,*,기억나다,기억나,記憶나,*,B,VV
깨,0,0,0,Verb,自立,*,語基1,*,깨다01,깨,*,술이 ~,B,VV
깨,0,0,0,Verb,自立,*,語基2,*,깨다01,깨,*,술이 ~,B,VV
깨,0,0,0,Verb,自立,*,語基3,*,깨다01,깨,*,술이 ~,B,VV
깨어,0,0,0,Verb,自立,*,語基3,*,깨다01,깨어,*,술이 ~,B,VV
깨,0,0,0,Verb,自立,*,語基1,*,깨다02,깨,*,그릇을 ~,B,VV
깨,0,0,0,Verb,自立,*,語基2,*,깨다02,깨,*,그릇을 ~,B,VV
깨,0,0,0,Verb,自立,*,語基3,*,깨다02,깨,*,그릇을 ~,B,VV
깨어,0,0,0,Verb,自立,*,語基3,*,깨다02,깨어,*,그릇을 ~,B,VV
깨지,0,0,0,Verb,自立,*,語基1,*,깨지다,깨지,*,깨어지다,B,VV
깨지,0,0,0,Verb,自立,*,語基2,*,깨지다,깨지,*,깨어지다,B,VV
깨져,0,0,0,Verb,自立,*,語基3,*,깨지다,깨져,*,깨어지다,B,VV
깨지어,0,0,0,Verb,自立,*,語基3,*,깨지다,깨지어,*,깨어지다,B,VV
꺼내,0,0,0,Verb,自立,*,語基1,*,꺼내다,꺼내,*,*,B,VV
꺼내,0,0,0,Verb,自立,*,語基2,*,꺼내다,꺼내,*,*,B,VV
꺼내,0,0,0,Verb,自立,*,語基3,*,꺼내다,꺼내,*,*,B,VV
꺼내어,0,0,0,Verb,自立,*,語基3,*,꺼내다,꺼내어,*,*,B,VV
꺼지,0,0,0,Verb,自立,*,語基1,*,꺼지다01,꺼지,*,불이 ~,B,VV
꺼지,0,0,0,Verb,自立,*,語基2,*,꺼지다01,꺼지,*,불이 ~,B,VV
꺼져,0,0,0,Verb,自立,*,語基3,*,꺼지다01,꺼져,*,불이 ~,B,VV
꺼지어,0,0,0,Verb,自立,*,語基3,*,꺼지다01,꺼지어,*,불이 ~,B,VV
꾸,0,0,0,Verb,自立,*,語基1,*,꾸다01,꾸,*,꿈을 ~,B,VV
꾸,0,0,0,Verb,自立,*,語基2,*,꾸다01,꾸,*,꿈을 ~,B,VV
꾸어,0,0,0,Verb,自立,*,語基3,*,꾸다01,꾸어,*,꿈을 ~,B,VV
꿔,0,0,0,Verb,自立,*,語基3,*,꾸다01,꿔,*,꿈을 ~,B,VV
꾸미,0,0,0,Verb,自立,*,語基1,*,꾸미다,꾸미,*,*,B,VV
꾸미,0,0,0,Verb,自立,*,語基2,*,꾸미다,꾸미,*,*,B,VV
꾸며,0,0,0,Verb,自立,*,語基3,*,꾸미다,꾸며,*,*,B,VV
꾸미어,0,0,0,Verb,自立,*,語基3,*,꾸미다,꾸미어,*,*,B,VV
꿈꾸,0,0,0,Verb,自立,*,語基1,*,꿈꾸다,꿈꾸,*,*,B,VV
꿈꾸,0,0,0,Verb,自立,*,語基2,*,꿈꾸다,꿈꾸,*,*,B,VV
꿈꾸어,0,0,0,Verb,自立,*,語基3,*,꿈꾸다,꿈꾸어,*,*,B,VV
꿈꿔,0,0,0,Verb,自立,*,語基3,*,꿈꾸다,꿈꿔,*,*,B,VV
끄덕이,0,0,0,Verb,自立,*,語基1,*,끄덕이다,끄덕이,*,*,B,VV
끄덕이,0,0,0,Verb,自立,*,語基2,*,끄덕이다,끄덕이,*,*,B,VV
끄덕여,0,0,0,Verb,自立,*,語基3,*,끄덕이다,끄덕여,*,*,B,VV
끄덕이어,0,0,0,Verb,自立,*,語基3,*,끄덕이다,끄덕이어,*,*,B,VV
끊,0,0,0,Verb,自立,*,語基1,*,끊다,끊,*,*,B,VV
끊으,0,0,0,Verb,自立,*,語基2,*,끊다,끊으,*,*,B,VV
끊어,0,0,0,Verb,自立,*,語基3,*,끊다,끊어,*,*,B,VV
끊어지,0,0,0,Verb,自立,*,語基1,*,끊어지다,끊어지,*,*,B,VV
끊어지,0,0,0,Verb,自立,*,語基2,*,끊어지다,끊어지,*,*,B,VV
끊어져,0,0,0,Verb,自立,*,語基3,*,끊어지다,끊어져,*,*,B,VV
끊어지어,0,0,0,Verb,自立,*,語基3,*,끊어지다,끊어지어,*,*,B,VV
끌,0,0,0,Verb,自立,ㄹ語幹,語基1,*,끌다,끌,*,*,B,VV
끄,0,0,0,Verb,自立,ㄹ語幹-脱落形,語基1,*,끌다,끄,*,*,B,VV
끌,0,0,0,Verb,自立,ㄹ語幹,語基2,*,끌다,끌,*,*,B,VV
끄,0,0,0,Verb,自立,ㄹ語幹-脱落形,語基2,*,끌다,끄,*,*,B,VV
끌어,0,0,0,Verb,自立,ㄹ語幹,語基3,*,끌다,끌어,*,*,B,VV
끓,0,0,0,Verb,自立,*,語基1,*,끓다,끓,*,*,B,VV
끓으,0,0,0,Verb,自立,*,語基2,*,끓다,끓으,*,*,B,VV
끓어,0,0,0,Verb,自立,*,語基3,*,끓다,끓어,*,*,B,VV
끓이,0,0,0,Verb,自立,*,語基1,*,끓이다01,끓이,*,*,B,VV
끓이,0,0,0,Verb,自立,*,語基2,*,끓이다01,끓이,*,*,B,VV
끓여,0,0,0,Verb,自立,*,語基3,*,끓이다01,끓여,*,*,B,VV
끓이어,0,0,0,Verb,自立,*,語基3,*,끓이다01,끓이어,*,*,B,VV
끼,0,0,0,Verb,自立,*,語基1,*,끼다02,끼,*,구름이 ~,B,VV
끼,0,0,0,Verb,自立,*,語基2,*,끼다02,끼,*,구름이 ~,B,VV
껴,0,0,0,Verb,自立,*,語基3,*,끼다02,껴,*,구름이 ~,B,VV
끼어,0,0,0,Verb,自立,*,語基3,*,끼다02,끼어,*,구름이 ~,B,VV
끼,0,0,0,Verb,自立,*,語基1,*,끼다03,끼,*,끼우다,B,VV
끼,0,0,0,Verb,自立,*,語基2,*,끼다03,끼,*,끼우다,B,VV
껴,0,0,0,Verb,自立,*,語基3,*,끼다03,껴,*,끼우다,B,VV
끼어,0,0,0,Verb,自立,*,語基3,*,끼다03,끼어,*,끼우다,B,VV
나누,0,0,0,Verb,自立,*,語基1,*,나누다,나누,*,*,B,VV
나누,0,0,0,Verb,自立,*,語基2,*,나누다,나누,*,*,B,VV
나누어,0,0,0,Verb,自立,*,語基3,*,나누다,나누어,*,*,B,VV
나눠,0,0,0,Verb,自立,*,語基3,*,나누다,나눠,*,*,B,VV
나빠지,0,0,0,Verb,自立,*,語基1,*,나빠지다,나빠지,*,*,B,VV
나빠지,0,0,0,Verb,自立,*,語基2,*,나빠지다,나빠지,*,*,B,VV
나빠져,0,0,0,Verb,自立,*,語基3,*,나빠지다,나빠져,*,*,B,VV
나빠지어,0,0,0,Verb,自立,*,語基3,*,나빠지다,나빠지어,*,*,B,VV
나서,0,0,0,Verb,自立,*,語基1,*,나서다,나서,*,*,B,VV
나서,0,0,0,Verb,自立,*,語基2,*,나서다,나서,*,*,B,VV
나서,0,0,0,Verb,自立,*,語基3,*,나서다,나서,*,*,B,VV
나타나,0,0,0,Verb,自立,*,語基1,*,나타나다,나타나,*,*,B,VV
나타나,0,0,0,Verb,自立,*,語基2,*,나타나다,나타나,*,*,B,VV
나타나,0,0,0,Verb,自立,*,語基3,*,나타나다,나타나,*,*,B,VV
나타내,0,0,0,Verb,自立,*,語基1,*,나타내다,나타내,*,*,B,VV
나타내,0,0,0,Verb,自立,*,語基2,*,나타내다,나타내,*,*,B,VV
나타내,0,0,0,Verb,自立,*,語基3,*,나타내다,나타내,*,*,B,VV
나타내어,0,0,0,Verb,自立,*,語基3,*,나타내다,나타내어,*,*,B,VV
날아가,0,0,0,Verb,自立,*,語基1,*,날아가다,날아가,*,*,B,VV
날아가,0,0,0,Verb,自立,*,語基2,*,날아가다,날아가,*,*,B,VV
날아가,0,0,0,Verb,自立,*,語基3,*,날아가다,날아가,*,*,B,VV
날아오,0,0,0,Verb,自立,*,語基1,*,날아오다,날아오,*,*,B,VV
날아오,0,0,0,Verb,自立,*,語基2,*,날아오다,날아오,*,*,B,VV
날아와,0,0,0,Verb,自立,*,語基3,*,날아오다,날아와,*,*,B,VV
남기,0,0,0,Verb,自立,*,語基1,*,남기다,남기,*,*,B,VV
남기,0,0,0,Verb,自立,*,語基2,*,남기다,남기,*,*,B,VV
남겨,0,0,0,Verb,自立,*,語基3,*,남기다,남겨,*,*,B,VV
남기어,0,0,0,Verb,自立,*,語基3,*,남기다,남기어,*,*,B,VV
남,0,0,0,Verb,自立,*,語基1,*,남다01,남,*,*,B,VV
남으,0,0,0,Verb,自立,*,語基2,*,남다01,남으,*,*,B,VV
남아,0,0,0,Verb,自立,*,語基3,*,남다01,남아,*,*,B,VV
낫,0,0,0,Verb,自立,ㅅ変則,語基1,*,낫다01,낫,*,병이 ~,B,VV
나으,0,0,0,Verb,自立,ㅅ変則,語基2,*,낫다01,나으,*,병이 ~,B,VV
나아,0,0,0,Verb,自立,ㅅ変則,語基3,*,낫다01,나아,*,병이 ~,B,VV
낳,0,0,0,Verb,自立,*,語基1,*,낳다01,낳,*,*,B,VV
낳으,0,0,0,Verb,自立,*,語基2,*,낳다01,낳으,*,*,B,VV
낳아,0,0,0,Verb,自立,*,語基3,*,낳다01,낳아,*,*,B,VV
내놓,0,0,0,Verb,自立,*,語基1,*,내놓다,내놓,*,*,B,VV
내놓으,0,0,0,Verb,自立,*,語基2,*,내놓다,내놓으,*,*,B,VV
내놓아,0,0,0,Verb,自立,*,語基3,*,내놓다,내놓아,*,*,B,VV
내놔,0,0,0,Verb,自立,*,語基3,*,내놓다,내놔,*,*,B,VV
내려놓,0,0,0,Verb,自立,*,語基1,*,내려놓다,내려놓,*,*,B,VV
내려놓으,0,0,0,Verb,自立,*,語基2,*,내려놓다,내려놓으,*,*,B,VV
내려놓아,0,0,0,Verb,自立,*,語基3,*,내려놓다,내려놓아,*,*,B,VV
내려다보,0,0,0,Verb,自立,*,語基1,*,내려다보다,내려다보,*,*,B,VV
내려다보,0,0,0,Verb,自立,*,語基2,*,내려다보다,내려다보,*,*,B,VV
내려다보아,0,0,0,Verb,自立,*,語基3,*,내려다보다,내려다보아,*,*,B,VV
내려다봐,0,0,0,Verb,自立,*,語基3,*,내려다보다,내려다봐,*,*,B,VV
내밀,0,0,0,Verb,自立,ㄹ語幹,語基1,*,내밀다,내밀,*,*,B,VV
내미,0,0,0,Verb,自立,ㄹ語幹-脱落形,語基1,*,내밀다,내미,*,*,B,VV
내밀,0,0,0,Verb,自立,ㄹ語幹,語基2,*,내밀다,내밀,*,*,B,VV
내미,0,0,0,Verb,自立,ㄹ語幹-脱落形,語基2,*,내밀다,내미,*,*,B,VV
내밀어,0,0,0,Verb,自立,ㄹ語幹,語基3,*,내밀다,내밀어,*,*,B,VV
넓어지,0,0,0,Verb,自立,*,語基1,*,넓어지다,넓어지,*,*,B,VV
넓어지,0,0,0,Verb,自立,*,語基2,*,넓어지다,넓어지,*,*,B,VV
넓어져,0,0,0,Verb,自立,*,語基3,*,넓어지다,넓어져,*,*,B,VV
넓어지어,0,0,0,Verb,自立,*,語基3,*,넓어지다,넓어지어,*,*,B,VV
넓히,0,0,0,Verb,自立,*,語基1,*,넓히다,넓히,*,*,B,VV
넓히,0,0,0,Verb,自立,*,語基2,*,넓히다,넓히,*,*,B,VV
넓혀,0,0,0,Verb,自立,*,語基3,*,넓히다,넓혀,*,*,B,VV
넓히어,0,0,0,Verb,自立,*,語基3,*,넓히다,넓히어,*,*,B,VV
넘,0,0,0,Verb,自立,*,語基1,*,넘다01,넘,*,*,B,VV
넘으,0,0,0,Verb,自立,*,語基2,*,넘다01,넘으,*,*,B,VV
넘어,0,0,0,Verb,自立,*,語基3,*,넘다01,넘어,*,*,B,VV
넘어가,0,0,0,Verb,自立,*,語基1,*,넘어가다01,넘어가,*,*,B,VV
넘어가,0,0,0,Verb,自立,*,語基2,*,넘어가다01,넘어가,*,*,B,VV
넘어가,0,0,0,Verb,自立,*,語基3,*,넘어가다01,넘어가,*,*,B,VV
넘어서,0,0,0,Verb,自立,*,語基1,*,넘어서다,넘어서,*,*,B,VV
넘어서,0,0,0,Verb,自立,*,語基2,*,넘어서다,넘어서,*,*,B,VV
넘어서,0,0,0,Verb,自立,*,語基3,*,넘어서다,넘어서,*,*,B,VV
넘어지,0,0,0,Verb,自立,*,語基1,*,넘어지다,넘어지,*,*,B,VV
넘어지,0,0,0,Verb,自立,*,語基2,*,넘어지다,넘어지,*,*,B,VV
넘어져,0,0,0,Verb,自立,*,語基3,*,넘어지다,넘어져,*,*,B,VV
넘어지어,0,0,0,Verb,自立,*,語基3,*,넘어지다,넘어지어,*,*,B,VV
넘치,0,0,0,Verb,自立,*,語基1,*,넘치다,넘치,*,*,B,VV
넘치,0,0,0,Verb,自立,*,語基2,*,넘치다,넘치,*,*,B,VV
넘쳐,0,0,0,Verb,自立,*,語基3,*,넘치다,넘쳐,*,*,B,VV
넘치어,0,0,0,Verb,自立,*,語基3,*,넘치다,넘치어,*,*,B,VV
높이,0,0,0,Verb,自立,*,語基1,*,높이다,높이,*,*,B,VV
높이,0,0,0,Verb,自立,*,語基2,*,높이다,높이,*,*,B,VV
높여,0,0,0,Verb,自立,*,語基3,*,높이다,높여,*,*,B,VV
높이어,0,0,0,Verb,自立,*,語基3,*,높이다,높이어,*,*,B,VV
놓이,0,0,0,Verb,自立,*,語基1,*,놓이다,놓이,*,*,B,VV
놓이,0,0,0,Verb,自立,*,語基2,*,놓이다,놓이,*,*,B,VV
놓여,0,0,0,Verb,自立,*,語基3,*,놓이다,놓여,*,*,B,VV
놓이어,0,0,0,Verb,自立,*,語基3,*,놓이다,놓이어,*,*,B,VV
놓치,0,0,0,Verb,自立,*,語基1,*,놓치다,놓치,*,*,B,VV
놓치,0,0,0,Verb,自立,*,語基2,*,놓치다,놓치,*,*,B,VV
놓쳐,0,0,0,Verb,自立,*,語基3,*,놓치다,놓쳐,*,*,B,VV
놓치어,0,0,0,Verb,自立,*,語基3,*,놓치다,놓치어,*,*,B,VV
누르,0,0,0,Verb,自立,르変則,語基1,*,누르다01,누르,*,힘을 가하다,B,VV
누르,0,0,0,Verb,自立,르変則,語基2,*,누르다01,누르,*,힘을 가하다,B,VV
눌러,0,0,0,Verb,自立,르変則,語基3,*,누르다01,눌러,*,힘을 가하다,B,VV
눕,0,0,0,Verb,自立,ㅂ変則,語基1,*,눕다01,눕,*,*,B,VV
누우,0,0,0,Verb,自立,ㅂ変則,語基2,*,눕다01,누우,*,*,B,VV
누워,0,0,0,Verb,自立,ㅂ変則,語基3,*,눕다01,누워,*,*,B,VV
느껴지,0,0,0,Verb,自立,*,語基1,*,느껴지다,느껴지,*,*,B,VV
느껴지,0,0,0,Verb,自立,*,語基2,*,느껴지다,느껴지,*,*,B,VV
느껴져,0,0,0,Verb,自立,*,語基3,*,느껴지다,느껴져,*,*,B,VV
느껴지어,0,0,0,Verb,自立,*,語基3,*,느껴지다,느껴지어,*,*,B,VV
느끼,0,0,0,Verb,自立,*,語基1,*,느끼다02,느끼,*,추위를 ~,B,VV
느끼,0,0,0,Verb,自立,*,語基2,*,느끼다02,느끼,*,추위를 ~,B,VV
느껴,0,0,0,Verb,自立,*,語基3,*,느끼다02,느껴,*,추위를 ~,B,VV
느끼어,0,0,0,Verb,自立,*,語基3,*,느끼다02,느끼어,*,추위를 ~,B,VV
늘,0,0,0,Verb,自立,ㄹ語幹,語基1,*,늘다01,늘,*,*,B,VV
느,0,0,0,Verb,自立,ㄹ語幹-脱落形,語基1,*,늘다01,느,*,*,B,VV
늘,0,0,0,Verb,自立,ㄹ語幹,語基2,*,늘다01,늘,*,*,B,VV
느,0,0,0,Verb,自立,ㄹ語幹-脱落形,語基2,*,늘다01,느,*,*,B,VV
늘어,0,0,0,Verb,自立,ㄹ語幹,語基3,*,늘다01,늘어,*,*,B,VV
늘리,0,0,0,Verb,自立,*,語基1,*,늘리다,늘리,*,*,B,VV
늘리,0,0,0,Verb,自立,*,語基2,*,늘리다,늘리,*,*,B,VV
늘려,0,0,0,Verb,自立,*,語基3,*,늘리다,늘려,*,*,B,VV
늘리어,0,0,0,Verb,自立,*,語基3,*,늘리다,늘리어,*,*,B,VV
늘어나,0,0,0,Verb,自立,*,語基1,*,늘어나다,늘어나,*,*,B,VV
늘어나,0,0,0,Verb,自立,*,語基2,*,늘어나다,늘어나,*,*,B,VV
늘어나,0,0,0,Verb,自立,*,語基3,*,늘어나다,늘어나,*,*,B,VV
늙,0,0,0,Verb,自立,*,語基1,*,늙다,늙,*,*,B,VV
늙으,0,0,0,Verb,自立,*,語基2,*,늙다,늙으,*,*,B,VV
늙어,0,0,0,Verb,自立,*,語基3,*,늙다,늙어,*,*,B,VV
다가가,0,0,0,Verb,自立,*,語基1,*,다가가다,다가가,*,*,B,VV
다가가,0,0,0,Verb,自立,*,語基2,*,다가가다,다가가,*,*,B,VV
다가가,0,0,0,Verb,自立,*,語基3,*,다가가다,다가가,*,*,B,VV
다가오,0,0,0,Verb,自立,*,語基1,*,다가오다,다가오,*,*,B,VV
다가오,0,0,0,Verb,自立,*,語基2,*,다가오다,다가오,*,*,B,VV
다가와,0,0,0,Verb,自立,*,語基3,*,다가오다,다가와,*,*,B,VV
다녀가,0,0,0,Verb,自立,*,語基1,*,다녀가다,다녀가,*,*,B,VV
다녀가,0,0,0,Verb,自立,*,語基2,*,다녀가다,다녀가,*,*,B,VV
다녀가,0,0,0,Verb,自立,*,語基3,*,다녀가다,다녀가,*,*,B,VV
다치,0,0,0,Verb,自立,*,語基1,*,다치다01,다치,*,*,B,VV
다치,0,0,0,Verb,自立,*,語基2,*,다치다01,다치,*,*,B,VV
다쳐,0,0,0,Verb,自立,*,語基3,*,다치다01,다쳐,*,*,B,VV
다치어,0,0,0,Verb,自立,*,語基3,*,다치다01,다치어,*,*,B,VV
다하,0,0,0,Verb,自立,*,語基1,*,다하다,다하,*,*,B,VV
다하,0,0,0,Verb,自立,*,語基2,*,다하다,다하,*,*,B,VV
다하여,0,0,0,Verb,自立,*,語基3,*,다하다,다하여,*,*,B,VV
다해,0,0,0,Verb,自立,*,語基3,*,다하다,다해,*,*,B,VV
닫히,0,0,0,Verb,自立,*,語基1,*,닫히다,닫히,*,*,B,VV
닫히,0,0,0,Verb,自立,*,語基2,*,닫히다,닫히,*,*,B,VV
닫혀,0,0,0,Verb,自立,*,語基3,*,닫히다,닫혀,*,*,B,VV
닫히어,0,0,0,Verb,自立,*,語基3,*,닫히다,닫히어,*,*,B,VV
달,0,0,0,Verb,自立,ㄹ語幹,語基1,*,달다03,달,*,단추를 ~,B,VV
다,0,0,0,Verb,自立,ㄹ語幹-脱落形,語基1,*,달다03,다,*,단추를 ~,B,VV
달,0,0,0,Verb,自立,ㄹ語幹,語基2,*,달다03,달,*,단추를 ~,B,VV
다,0,0,0,Verb,自立,ㄹ語幹-脱落形,語基2,*,달다03,다,*,단추를 ~,B,VV
달아,0,0,0,Verb,自立,ㄹ語幹,語基3,*,달다03,달아,*,단추를 ~,B,VV
달,0,0,0,Verb,自立,ㄹ語幹,語基1,*,달다05,달,*,돈을 다오,B,VV
다,0,0,0,Verb,自立,ㄹ語幹-脱落形,語基1,*,달다05,다,*,돈을 다오,B,VV
달,0,0,0,Verb,自立,ㄹ語幹,語基2,*,달다05,달,*,돈을 다오,B,VV
다,0,0,0,Verb,自立,ㄹ語幹-脱落形,語基2,*,달다05,다,*,돈을 다오,B,VV
달아,0,0,0,Verb,自立,ㄹ語幹,語基3,*,달다05,달아,*,돈을 다오,B,VV
달라지,0,0,0,Verb,自立,*,語基1,*,달라지다,달라지,*,*,B,VV
달라지,0,0,0,Verb,自立,*,語基2,*,달라지다,달라지,*,*,B,VV
달라져,0,0,0,Verb,自立,*,語基3,*,달라지다,달라져,*,*,B,VV
달라지어,0,0,0,Verb,自立,*,語基3,*,달라지다,달라지어,*,*,B,VV
달려가,0,0,0,Verb,自立,*,語基1,*,달려가다,달려가,*,*,B,VV
달려가,0,0,0,Verb,自立,*,語基2,*,달려가다,달려가,*,*,B,VV
달려가,0,0,0,Verb,自立,*,語基3,*,달려가다,달려가,*,*,B,VV
달려오,0,0,0,Verb,自立,*,語基1,*,달려오다,달려오,*,*,B,VV
달려오,0,0,0,Verb,自立,*,語基2,*,달려오다,달려오,*,*,B,VV
달려와,0,0,0,Verb,自立,*,語基3,*,달려오다,달려와,*,*,B,VV
달리,0,0,0,Verb,自立,*,語基1,*,달리다01,달리,*,문에 종이 ~,B,VV
달리,0,0,0,Verb,自立,*,語基2,*,달리다01,달리,*,문에 종이 ~,B,VV
달려,0,0,0,Verb,自立,*,語基3,*,달리다01,달려,*,문에 종이 ~,B,VV
달리어,0,0,0,Verb,自立,*,語基3,*,달리다01,달리어,*,문에 종이 ~,B,VV
달리,0,0,0,Verb,自立,*,語基1,*,달리다04,달리,*,말을 ~,B,VV
달리,0,0,0,Verb,自立,*,語基2,*,달리다04,달리,*,말을 ~,B,VV
달려,0,0,0,Verb,自立,*,語基3,*,달리다04,달려,*,말을 ~,B,VV
달리어,0,0,0,Verb,自立,*,語基3,*,달리다04,달리어,*,말을 ~,B,VV
달아나,0,0,0,Verb,自立,*,語基1,*,달아나다,달아나,*,*,B,VV
달아나,0,0,0,Verb,自立,*,語基2,*,달아나다,달아나,*,*,B,VV
달아나,0,0,0,Verb,自立,*,語基3,*,달아나다,달아나,*,*,B,VV
닮,0,0,0,Verb,自立,*,語基1,*,닮다,닮,*,*,B,VV
닮으,0,0,0,Verb,自立,*,語基2,*,닮다,닮으,*,*,B,VV
닮아,0,0,0,Verb,自立,*,語基3,*,닮다,닮아,*,*,B,VV
담그,0,0,0,Verb,自立,으語幹,語基1,*,담그다,담그,*,*,B,VV
담그,0,0,0,Verb,自立,으語幹,語基2,*,담그다,담그,*,*,B,VV
담가,0,0,0,Verb,自立,으語幹,語基3,*,담그다,담가,*,*,B,VV
담기,0,0,0,Verb,自立,*,語基1,*,담기다01,담기,*,담다,B,VV
담기,0,0,0,Verb,自立,*,語基2,*,담기다01,담기,*,담다,B,VV
담겨,0,0,0,Verb,自立,*,語基3,*,담기다01,담겨,*,담다,B,VV
담기어,0,0,0,Verb,自立,*,語基3,*,담기다01,담기어,*,담다,B,VV
담,0,0,0,Verb,自立,*,語基1,*,담다01,담,*,넣다,B,VV
담으,0,0,0,Verb,自立,*,語基2,*,담다01,담으,*,넣다,B,VV
담아,0,0,0,Verb,自立,*,語基3,*,담다01,담아,*,넣다,B,VV
당기,0,0,0,Verb,自立,*,語基1,*,당기다01,당기,*,*,B,VV
당기,0,0,0,Verb,自立,*,語基2,*,당기다01,당기,*,*,B,VV
당겨,0,0,0,Verb,自立,*,語基3,*,당기다01,당겨,*,*,B,VV
당기어,0,0,0,Verb,自立,*,語基3,*,당기다01,당기어,*,*,B,VV
닿,0,0,0,Verb,自立,*,語基1,*,닿다01,닿,*,*,B,VV
닿으,0,0,0,Verb,自立,*,語基2,*,닿다01,닿으,*,*,B,VV
닿아,0,0,0,Verb,自立,*,語基3,*,닿다01,닿아,*,*,B,VV
대하,0,0,0,Verb,自立,*,語基1,*,대하다02,대하,對하,*,B,VV
대하,0,0,0,Verb,自立,*,語基2,*,대하다02,대하,對하,*,B,VV
대하여,0,0,0,Verb,自立,*,語基3,*,대하다02,대하여,對하여,*,B,VV
대해,0,0,0,Verb,自立,*,語基3,*,대하다02,대해,對해,*,B,VV
더하,0,0,0,Verb,自立,*,語基1,*,더하다,더하,*,*,B,VV
더하,0,0,0,Verb,自立,*,語基2,*,더하다,더하,*,*,B,VV
더하여,0,0,0,Verb,自立,*,語基3,*,더하다,더하여,*,*,B,VV
더해,0,0,0,Verb,自立,*,語基3,*,더하다,더해,*,*,B,VV
던지,0,0,0,Verb,自立,*,語基1,*,던지다,던지,*,*,B,VV
던지,0,0,0,Verb,自立,*,語基2,*,던지다,던지,*,*,B,VV
던져,0,0,0,Verb,自立,*,語基3,*,던지다,던져,*,*,B,VV
던지어,0,0,0,Verb,自立,*,語基3,*,던지다,던지어,*,*,B,VV
덮,0,0,0,Verb,自立,*,語基1,*,덮다,덮,*,*,B,VV
덮으,0,0,0,Verb,自立,*,語基2,*,덮다,덮으,*,*,B,VV
덮어,0,0,0,Verb,自立,*,語基3,*,덮다,덮어,*,*,B,VV
데려가,0,0,0,Verb,自立,*,語基1,*,데려가다,데려가,*,*,B,VV
데려가,0,0,0,Verb,自立,*,語基2,*,데려가다,데려가,*,*,B,VV
데려가,0,0,0,Verb,自立,*,語基3,*,데려가다,데려가,*,*,B,VV
데려오,0,0,0,Verb,自立,*,語基1,*,데려오다,데려오,*,*,B,VV
데려오,0,0,0,Verb,自立,*,語基2,*,데려오다,데려오,*,*,B,VV
데려와,0,0,0,Verb,自立,*,語基3,*,데려오다,데려와,*,*,B,VV
데리,0,0,0,Verb,自立,*,語基1,*,데리다,데리,*,*,B,VV
데리,0,0,0,Verb,自立,*,語基2,*,데리다,데리,*,*,B,VV
데려,0,0,0,Verb,自立,*,語基3,*,데리다,데려,*,*,B,VV
데리어,0,0,0,Verb,自立,*,語基3,*,데리다,데리어,*,*,B,VV
도망가,0,0,0,Verb,自立,*,語基1,*,도망가다,도망가,逃亡가,*,B,VV
도망가,0,0,0,Verb,自立,*,語基2,*,도망가다,도망가,逃亡가,*,B,VV
도망가,0,0,0,Verb,自立,*,語基3,*,도망가다,도망가,逃亡가,*,B,VV
돌,0,0,0,Verb,自立,ㄹ語幹,語基1,*,돌다,돌,*,*,B,VV
도,0,0,0,Verb,自立,ㄹ語幹-脱落形,語基1,*,돌다,도,*,*,B,VV
돌,0,0,0,Verb,自立,ㄹ語幹,語基2,*,돌다,돌,*,*,B,VV
도,0,0,0,Verb,自立,ㄹ語幹-脱落形,語基2,*,돌다,도,*,*,B,VV
돌아,0,0,0,Verb,自立,ㄹ語幹,語基3,*,돌다,돌아,*,*,B,VV
돌려주,0,0,0,Verb,自立,*,語基1,*,돌려주다,돌려주,*,*,B,VV
돌려주,0,0,0,Verb,自立,*,語基2,*,돌려주다,돌려주,*,*,B,VV
돌려주어,0,0,0,Verb,自立,*,語基3,*,돌려주다,돌려주어,*,*,B,VV
돌려줘,0,0,0,Verb,自立,*,語基3,*,돌려주다,돌려줘,*,*,B,VV
돌리,0,0,0,Verb,自立,*,語基1,*,돌리다04,돌리,*,팽이를 ~,B,VV
돌리,0,0,0,Verb,自立,*,語基2,*,돌리다04,돌리,*,팽이를 ~,B,VV
돌려,0,0,0,Verb,自立,*,語基3,*,돌리다04,돌려,*,팽이를 ~,B,VV
돌리어,0,0,0,Verb,自立,*,語基3,*,돌리다04,돌리어,*,팽이를 ~,B,VV
돌보,0,0,0,Verb,自立,*,語基1,*,돌보다,돌보,*,*,B,VV
돌보,0,0,0,Verb,自立,*,語基2,*,돌보다,돌보,*,*,B,VV
돌보아,0,0,0,Verb,自立,*,語基3,*,돌보다,돌보아,*,*,B,VV
돌봐,0,0,0,Verb,自立,*,語基3,*,돌보다,돌봐,*,*,B,VV
돌아보,0,0,0,Verb,自立,*,語基1,*,돌아보다,돌아보,*,*,B,VV
돌아보,0,0,0,Verb,自立,*,語基2,*,돌아보다,돌아보,*,*,B,VV
돌아보아,0,0,0,Verb,自立,*,語基3,*,돌아보다,돌아보아,*,*,B,VV
돌아봐,0,0,0,Verb,自立,*,語基3,*,돌아보다,돌아봐,*,*,B,VV
돌아서,0,0,0,Verb,自立,*,語基1,*,돌아서다,돌아서,*,*,B,VV
돌아서,0,0,0,Verb,自立,*,語基2,*,돌아서다,돌아서,*,*,B,VV
돌아서,0,0,0,Verb,自立,*,語基3,*,돌아서다,돌아서,*,*,B,VV
두,0,0,0,Verb,自立,*,語基1,*,두다01,두,*,*,B,VV
두,0,0,0,Verb,自立,*,語基2,*,두다01,두,*,*,B,VV
두어,0,0,0,Verb,自立,*,語基3,*,두다01,두어,*,*,B,VV
둬,0,0,0,Verb,自立,*,語基3,*,두다01,둬,*,*,B,VV
두드리,0,0,0,Verb,自立,*,語基1,*,두드리다,두드리,*,*,B,VV
두드리,0,0,0,Verb,自立,*,語基2,*,두드리다,두드리,*,*,B,VV
두드려,0,0,0,Verb,自立,*,語基3,*,두드리다,두드려,*,*,B,VV
두드리어,0,0,0,Verb,自立,*,語基3,*,두드리다,두드리어,*,*,B,VV
둘러보,0,0,0,Verb,自立,*,語基1,*,둘러보다,둘러보,*,*,B,VV
둘러보,0,0,0,Verb,自立,*,語基2,*,둘러보다,둘러보,*,*,B,VV
둘러보아,0,0,0,Verb,自立,*,語基3,*,둘러보다,둘러보아,*,*,B,VV
둘러봐,0,0,0,Verb,自立,*,語基3,*,둘러보다,둘러봐,*,*,B,VV
뒤집,0,0,0,Verb,自立,*,語基1,*,뒤집다,뒤집,*,*,B,VV
뒤집으,0,0,0,Verb,自立,*,語基2,*,뒤집다,뒤집으,*,*,B,VV
뒤집어,0,0,0,Verb,自立,*,語基3,*,뒤집다,뒤집어,*,*,B,VV
들려오,0,0,0,Verb,自立,*,語基1,*,들려오다,들려오,*,*,B,VV
들려오,0,0,0,Verb,自立,*,語基2,*,들려오다,들려오,*,*,B,VV
들려와,0,0,0,Verb,自立,*,語基3,*,들려오다,들려와,*,*,B,VV
들려주,0,0,0,Verb,自立,*,語基1,*,들려주다,들려주,*,*,B,VV
들려주,0,0,0,Verb,自立,*,語基2,*,들려주다,들려주,*,*,B,VV
들려주어,0,0,0,Verb,自立,*,語基3,*,들려주다,들려주어,*,*,B,VV
들려줘,0,0,0,Verb,自立,*,語基3,*,들려주다,들려줘,*,*,B,VV
들르,0,0,0,Verb,自立,으語幹,語基1,*,들르다,들르,*,*,B,VV
들르,0,0,0,Verb,自立,으語幹,語基2,*,들르다,들르,*,*,B,VV
들러,0,0,0,Verb,自立,으語幹,語基3,*,들르다,들러,*,*,B,VV
들리,0,0,0,Verb,自立,*,語基1,*,들리다03,들리,*,소리가 ~,B,VV
들리,0,0,0,Verb,自立,*,語基2,*,들리다03,들리,*,소리가 ~,B,VV
들려,0,0,0,Verb,自立,*,語基3,*,들리다03,들려,*,소리가 ~,B,VV
들리어,0,0,0,Verb,自立,*,語基3,*,들리다03,들리어,*,소리가 ~,B,VV
들어서,0,0,0,Verb,自立,*,語基1,*,들어서다,들어서,*,*,B,VV
들어서,0,0,0,Verb,自立,*,語基2,*,들어서다,들어서,*,*,B,VV
들어서,0,0,0,Verb,自立,*,語基3,*,들어서다,들어서,*,*,B,VV
들여다보,0,0,0,Verb,自立,*,語基1,*,들여다보다,들여다보,*,*,B,VV
들여다보,0,0,0,Verb,自立,*,語基2,*,들여다보다,들여다보,*,*,B,VV
들여다보아,0,0,0,Verb,自立,*,語基3,*,들여다보다,들여다보아,*,*,B,VV
들여다봐,0,0,0,Verb,自立,*,語基3,*,들여다보다,들여다봐,*,*,B,VV
따,0,0,0,Verb,自立,*,語基1,*,따다01,따,*,떼다,B,VV
따,0,0,0,Verb,自立,*,語基2,*,따다01,따,*,떼다,B,VV
따,0,0,0,Verb,自立,*,語基3,*,따다01,따,*,떼다,B,VV
따라가,0,0,0,Verb,自立,*,語基1,*,따라가다,따라가,*,*,B,VV
따라가,0,0,0,Verb,自立,*,語基2,*,따라가다,따라가,*,*,B,VV
따라가,0,0,0,Verb,自立,*,語基3,*,따라가다,따라가,*,*,B,VV
따라오,0,0,0,Verb,自立,*,語基1,*,따라오다,따라오,*,*,B,VV
따라오,0,0,0,Verb,自立,*,語基2,*,따라오다,따라오,*,*,B,VV
따라와,0,0,0,Verb,自立,*,語基3,*,따라오다,따라와,*,*,B,VV
따르,0,0,0,Verb,自立,으語幹,語基1,*,따르다01,따르,*,뒤를 ~,B,VV
따르,0,0,0,Verb,自立,으語幹,語基2,*,따르다01,따르,*,뒤를 ~,B,VV
따라,0,0,0,Verb,自立,으語幹,語基3,*,따르다01,따라,*,뒤를 ~,B,VV
따르,0,0,0,Verb,自立,으語幹,語基1,*,따르다02,따르,*,물을 ~,B,VV
따르,0,0,0,Verb,自立,으語幹,語基2,*,따르다02,따르,*,물을 ~,B,VV
따라,0,0,0,Verb,自立,으語幹,語基3,*,따르다02,따라,*,물을 ~,B,VV
떠들,0,0,0,Verb,自立,ㄹ語幹,語基1,*,떠들다01,떠들,*,말하다,B,VV
떠드,0,0,0,Verb,自立,ㄹ語幹-脱落形,語基1,*,떠들다01,떠드,*,말하다,B,VV
떠들,0,0,0,Verb,自立,ㄹ語幹,語基2,*,떠들다01,떠들,*,말하다,B,VV
떠드,0,0,0,Verb,自立,ㄹ語幹-脱落形,語基2,*,떠들다01,떠드,*,말하다,B,VV
떠들어,0,0,0,Verb,自立,ㄹ語幹,語基3,*,떠들다01,떠들어,*,말하다,B,VV
떠오르,0,0,0,Verb,自立,르変則,語基1,*,떠오르다,떠오르,*,*,B,VV
떠오르,0,0,0,Verb,自立,르変則,語基2,*,떠오르다,떠오르,*,*,B,VV
떠올라,0,0,0,Verb,自立,르変則,語基3,*,떠오르다,떠올라,*,*,B,VV
떠올리,0,0,0,Verb,自立,*,語基1,*,떠올리다,떠올리,*,*,B,VV
떠올리,0,0,0,Verb,自立,*,語基2,*,떠올리다,떠올리,*,*,B,VV
떠올려,0,0,0,Verb,自立,*,語基3,*,떠올리다,떠올려,*,*,B,VV
떠올리어,0,0,0,Verb,自立,*,語基3,*,떠올리다,떠올리어,*,*,B,VV
떨,0,0,0,Verb,自立,ㄹ語幹,語基1,*,떨다01,떨,*,*,B,VV
떠,0,0,0,Verb,自立,ㄹ語幹-脱落形,語基1,*,떨다01,떠,*,*,B,VV
떨,0,0,0,Verb,自立,ㄹ語幹,語基2,*,떨다01,떨,*,*,B,VV
떠,0,0,0,Verb,自立,ㄹ語幹-脱落形,語基2,*,떨다01,떠,*,*,B,VV
떨어,0,0,0,Verb,自立,ㄹ語幹,語基3,*,떨다01,떨어,*,*,B,VV
떨리,0,0,0,Verb,自立,*,語基1,*,떨리다01,떨리,*,흔들리다,B,VV
떨리,0,0,0,Verb,自立,*,語基2,*,떨리다01,떨리,*,흔들리다,B,VV
떨려,0,0,0,Verb,自立,*,語基3,*,떨리다01,떨려,*,흔들리다,B,VV
떨리어,0,0,0,Verb,自立,*,語基3,*,떨리다01,떨리어,*,흔들리다,B,VV
떨어뜨리,0,0,0,Verb,自立,*,語基1,*,떨어뜨리다,떨어뜨리,*,*,B,VV
떨어뜨리,0,0,0,Verb,自立,*,語基2,*,떨어뜨리다,떨어뜨리,*,*,B,VV
떨어뜨려,0,0,0,Verb,自立,*,語基3,*,떨어뜨리다,떨어뜨려,*,*,B,VV
떨어뜨리어,0,0,0,Verb,自立,*,語基3,*,떨어뜨리다,떨어뜨리어,*,*,B,VV
떨어지,0,0,0,Verb,自立,*,語基1,*,떨어지다,떨어지,*,*,B,VV
떨어지,0,0,0,Verb,自立,*,語基2,*,떨어지다,떨어지,*,*,B,VV
떨어져,0,0,0,Verb,自立,*,語基3,*,떨어지다,떨어져,*,*,B,VV
떨어지어,0,0,0,Verb,自立,*,語基3,*,떨어지다,떨어지어,*,*,B,VV
떼,0,0,0,Verb,自立,*,語基1,*,떼다01,떼,*,*,B,VV
떼,0,0,0,Verb,自立,*,語基2,*,떼다01,떼,*,*,B,VV
떼,0,0,0,Verb,自立,*,語基3,*,떼다01,떼,*,*,B,VV
떼어,0,0,0,Verb,自立,*,語基3,*,떼다01,떼어,*,*,B,VV
뛰어나가,0,0,0,Verb,自立,*,語基1,*,뛰어나가다,뛰어나가,*,*,B,VV
뛰어나가,0,0,0,Verb,自立,*,語基2,*,뛰어나가다,뛰어나가,*,*,B,VV
뛰어나가,0,0,0,Verb,自立,*,語基3,*,뛰어나가다,뛰어나가,*,*,B,VV
뛰어다니,0,0,0,Verb,自立,*,語基1,*,뛰어다니다,뛰어다니,*,*,B,VV
뛰어다니,0,0,0,Verb,自立,*,語基2,*,뛰어다니다,뛰어다니,*,*,B,VV
뛰어다녀,0,0,0,Verb,自立,*,語基3,*,뛰어다니다,뛰어다녀,*,*,B,VV
뛰어다니어,0,0,0,Verb,自立,*,語基3,*,뛰어다니다,뛰어다니어,*,*,B,VV
뛰어들,0,0,0,Verb,自立,ㄹ語幹,語基1,*,뛰어들다,뛰어들,*,*,B,VV
뛰어드,0,0,0,Verb,自立,ㄹ語幹-脱落形,語基1,*,뛰어들다,뛰어드,*,*,B,VV
뛰어들,0,0,0,Verb,自立,ㄹ語幹,語基2,*,뛰어들다,뛰어들,*,*,B,VV
뛰어드,0,0,0,Verb,自立,ㄹ語幹-脱落形,語基2,*,뛰어들다,뛰어드,*,*,B,VV
뛰어들어,0,0,0,Verb,自立,ㄹ語幹,語基3,*,뛰어들다,뛰어들어,*,*,B,VV
뛰어오,0,0,0,Verb,自立,*,語基1,*,뛰어오다,뛰어오,*,*,B,VV
뛰어오,0,0,0,Verb,自立,*,語基2,*,뛰어오다,뛰어오,*,*,B,VV
뛰어와,0,0,0,Verb,自立,*,語基3,*,뛰어오다,뛰어와,*,*,B,VV
뜨,0,0,0,Verb,自立,으語幹,語基1,*,뜨다01,뜨,*,솟아오르다,B,VV
뜨,0,0,0,Verb,自立,으語幹,語基2,*,뜨다01,뜨,*,솟아오르다,B,VV
떠,0,0,0,Verb,自立,으語幹,語基3,*,뜨다01,떠,*,솟아오르다,B,VV
뜨,0,0,0,Verb,自立,으語幹,語基1,*,뜨다05,뜨,*,눈을 ~,B,VV
뜨,0,0,0,Verb,自立,으語幹,語基2,*,뜨다05,뜨,*,눈을 ~,B,VV
떠,0,0,0,Verb,自立,으語幹,語基3,*,뜨다05,떠,*,눈을 ~,B,VV
마르,0,0,0,Verb,自立,르変則,語基1,*,마르다01,마르,*,*,B,VV
마르,0,0,0,Verb,自立,르変則,語基2,*,마르다01,마르,*,*,B,VV
말라,0,0,0,Verb,自立,르変則,語基3,*,마르다01,말라,*,*,B,VV
마치,0,0,0,Verb,自立,*,語基1,*,마치다02,마치,*,*,B,VV
마치,0,0,0,Verb,自立,*,語基2,*,마치다02,마치,*,*,B,VV
마쳐,0,0,0,Verb,自立,*,語基3,*,마치다02,마쳐,*,*,B,VV
마치어,0,0,0,Verb,自立,*,語基3,*,마치다02,마치어,*,*,B,VV
막,0,0,0,Verb,自立,*,語基1,*,막다01,막,*,*,B,VV
막으,0,0,0,Verb,自立,*,語基2,*,막다01,막으,*,*,B,VV
막아,0,0,0,Verb,自立,*,語基3,*,막다01,막아,*,*,B,VV
막히,0,0,0,Verb,自立,*,語基1,*,막히다,막히,*,*,B,VV
막히,0,0,0,Verb,自立,*,語基2,*,막히다,막히,*,*,B,VV
막혀,0,0,0,Verb,自立,*,語基3,*,막히다,막혀,*,*,B,VV
막히어,0,0,0,Verb,自立,*,語基3,*,막히다,막히어,*,*,B,VV
만들어지,0,0,0,Verb,自立,*,語基1,*,만들어지다,만들어지,*,*,B,VV
만들어지,0,0,0,Verb,自立,*,語基2,*,만들어지다,만들어지,*,*,B,VV
만들어져,0,0,0,Verb,自立,*,語基3,*,만들어지다,만들어져,*,*,B,VV
만들어지어,0,0,0,Verb,自立,*,語基3,*,만들어지다,만들어지어,*,*,B,VV
만지,0,0,0,Verb,自立,*,語基1,*,만지다,만지,*,*,B,VV
만지,0,0,0,Verb,自立,*,語基2,*,만지다,만지,*,*,B,VV
만져,0,0,0,Verb,自立,*,語基3,*,만지다,만져,*,*,B,VV
만지어,0,0,0,Verb,自立,*,語基3,*,만지다,만지어,*,*,B,VV
많아지,0,0,0,Verb,自立,*,語基1,*,많아지다,많아지,*,*,B,VV
많아지,0,0,0,Verb,自立,*,語基2,*,많아지다,많아지,*,*,B,VV
많아져,0,0,0,Verb,自立,*,語基3,*,많아지다,많아져,*,*,B,VV
많아지어,0,0,0,Verb,自立,*,語基3,*,많아지다,많아지어,*,*,B,VV
맞,0,0,0,Verb,自立,*,語基1,*,맞다01,맞,*,답이 ~,B,VV
맞으,0,0,0,Verb,自立,*,語基2,*,맞다01,맞으,*,답이 ~,B,VV
맞아,0,0,0,Verb,自立,*,語基3,*,맞다01,맞아,*,답이 ~,B,VV
맞,0,0,0,Verb,自立,*,語基1,*,맞다02,맞,*,손님을 ~,B,VV
맞으,0,0,0,Verb,自立,*,語基2,*,맞다02,맞으,*,손님을 ~,B,VV
맞아,0,0,0,Verb,自立,*,語基3,*,맞다02,맞아,*,손님을 ~,B,VV
맞,0,0,0,Verb,自立,*,語基1,*,맞다03,맞,*,매를 ~,B,VV
맞으,0,0,0,Verb,自立,*,語基2,*,맞다03,맞으,*,매를 ~,B,VV
맞아,0,0,0,Verb,自立,*,語基3,*,맞다03,맞아,*,매를 ~,B,VV
맞서,0,0,0,Verb,自立,*,語基1,*,맞서다,맞서,*,*,B,VV
맞서,0,0,0,Verb,自立,*,語基2,*,맞서다,맞서,*,*,B,VV
맞서,0,0,0,Verb,自立,*,語基3,*,맞서다,맞서,*,*,B,VV
맞추,0,0,0,Verb,自立,*,語基1,*,맞추다01,맞추,*,*,B,VV
맞추,0,0,0,Verb,自立,*,語基2,*,맞추다01,맞추,*,*,B,VV
맞추어,0,0,0,Verb,自立,*,語基3,*,맞추다01,맞추어,*,*,B,VV
맞춰,0,0,0,Verb,自立,*,語基3,*,맞추다01,맞춰,*,*,B,VV
맡기,0,0,0,Verb,自立,*,語基1,*,맡기다,맡기,*,*,B,VV
맡기,0,0,0,Verb,自立,*,語基2,*,맡기다,맡기,*,*,B,VV
맡겨,0,0,0,Verb,自立,*,語基3,*,맡기다,맡겨,*,*,B,VV
맡기어,0,0,0,Verb,自立,*,語基3,*,맡기다,맡기어,*,*,B,VV
맡,0,0,0,Verb,自立,*,語基1,*,맡다01,맡,*,담임을 ~,B,VV
맡으,0,0,0,Verb,自立,*,語基2,*,맡다01,맡으,*,담임을 ~,B,VV
맡아,0,0,0,Verb,自立,*,語基3,*,맡다01,맡아,*,담임을 ~,B,VV
매,0,0,0,Verb,自立,*,語基1,*,매다01,매,*,끈을 ~,B,VV
매,0,0,0,Verb,自立,*,語基2,*,매다01,매,*,끈을 ~,B,VV
매,0,0,0,Verb,自立,*,語基3,*,매다01,매,*,끈을 ~,B,VV
매어,0,0,0,Verb,自立,*,語基3,*,매다01,매어,*,끈을 ~,B,VV
머무르,0,0,0,Verb,自立,르変則,語基1,*,머무르다,머무르,*,*,B,VV
머무르,0,0,0,Verb,自立,르変則,語基2,*,머무르다,머무르,*,*,B,VV
머물러,0,0,0,Verb,自立,르変則,語基3,*,머무르다,머물러,*,*,B,VV
먹이,0,0,0,Verb,自立,*,語基1,*,먹이다,먹이,*,*,B,VV
먹이,0,0,0,Verb,自立,*,語基2,*,먹이다,먹이,*,*,B,VV
먹여,0,0,0,Verb,自立,*,語基3,*,먹이다,먹여,*,*,B,VV
먹이어,0,0,0,Verb,自立,*,語基3,*,먹이다,먹이어,*,*,B,VV
먹히,0,0,0,Verb,自立,*,語基1,*,먹히다,먹히,*,*,B,VV
먹히,0,0,0,Verb,自立,*,語基2,*,먹히다,먹히,*,*,B,VV
먹혀,0,0,0,Verb,自立,*,語基3,*,먹히다,먹혀,*,*,B,VV
먹히어,0,0,0,Verb,自立,*,語基3,*,먹히다,먹히어,*,*,B,VV
멀어지,0,0,0,Verb,自立,*,語基1,*,멀어지다,멀어지,*,*,B,VV
멀어지,0,0,0,Verb,自立,*,語基2,*,멀어지다,멀어지,*,*,B,VV
멀어져,0,0,0,Verb,自立,*,語基3,*,멀어지다,멀어져,*,*,B,VV
멀어지어,0,0,0,Verb,自立,*,語基3,*,멀어지다,멀어지어,*,*,B,VV
멈추,0,0,0,Verb,自立,*,語基1,*,멈추다,멈추,*,*,B,VV
멈추,0,0,0,Verb,自立,*,語基2,*,멈추다,멈추,*,*,B,VV
멈추어,0,0,0,Verb,自立,*,語基3,*,멈추다,멈추어,*,*,B,VV
멈춰,0,0,0,Verb,自立,*,語基3,*,멈추다,멈춰,*,*,B,VV
메,0,0,0,Verb,自立,*,語基1,*,메다02,메,*,총을 ~,B,VV
메,0,0,0,Verb,自立,*,語基2,*,메다02,메,*,총을 ~,B,VV
메,0,0,0,Verb,自立,*,語基3,*,메다02,메,*,총을 ~,B,VV
메어,0,0,0,Verb,自立,*,語基3,*,메다02,메어,*,총을 ~,B,VV
모시,0,0,0,Verb,自立,*,語基1,*,모시다,모시,*,*,B,VV
모시,0,0,0,Verb,自立,*,語基2,*,모시다,모시,*,*,B,VV
모셔,0,0,0,Verb,自立,*,語基3,*,모시다,모셔,*,*,B,VV
모시어,0,0,0,Verb,自立,*,語基3,*,모시다,모시어,*,*,B,VV
모으,0,0,0,Verb,自立,으語幹,語基1,*,모으다,모으,*,*,B,VV
모으,0,0,0,Verb,自立,으語幹,語基2,*,모으다,모으,*,*,B,VV
모아,0,0,0,Verb,自立,으語幹,語基3,*,모으다,모아,*,*,B,VV
모이,0,0,0,Verb,自立,*,語基1,*,모이다01,모이,*,*,B,VV
모이,0,0,0,Verb,自立,*,語基2,*,모이다01,모이,*,*,B,VV
모여,0,0,0,Verb,自立,*,語基3,*,모이다01,모여,*,*,B,VV
모이어,0,0,0,Verb,自立,*,語基3,*,모이다01,모이어,*,*,B,VV
모자라,0,0,0,Verb,自立,*,語基1,*,모자라다,모자라,*,*,B,VV
모자라,0,0,0,Verb,自立,*,語基2,*,모자라다,모자라,*,*,B,VV
모자라,0,0,0,Verb,自立,*,語基3,*,모자라다,모자라,*,*,B,VV
몰,0,0,0,Verb,自立,ㄹ語幹,語基1,*,몰다01,몰,*,*,B,VV
모,0,0,0,Verb,自立,ㄹ語幹-脱落形,語基1,*,몰다01,모,*,*,B,VV
몰,0,0,0,Verb,自立,ㄹ語幹,語基2,*,몰다01,몰,*,*,B,VV
모,0,0,0,Verb,自立,ㄹ語幹-脱落形,語基2,*,몰다01,모,*,*,B,VV
몰아,0,0,0,Verb,自立,ㄹ語幹,語基3,*,몰다01,몰아,*,*,B,VV
묶,0,0,0,Verb,自立,*,語基1,*,묶다,묶,*,*,B,VV
묶으,0,0,0,Verb,自立,*,語基2,*,묶다,묶으,*,*,B,VV
묶어,0,0,0,Verb,自立,*,語基3,*,묶다,묶어,*,*,B,VV
묻,0,0,0,Verb,自立,*,語基1,*,묻다01,묻,*,옷에 흙이 ~,B,VV
묻으,0,0,0,Verb,自立,*,語基2,*,묻다01,묻으,*,옷에 흙이 ~,B,VV
묻어,0,0,0,Verb,自立,*,語基3,*,묻다01,묻어,*,옷에 흙이 ~,B,VV
물,0,0,0,Verb,自立,ㄹ語幹,語基1,*,물다02,물,*,담배를 ~,B,VV
무,0,0,0,Verb,自立,ㄹ語幹-脱落形,語基1,*,물다02,무,*,담배를 ~,B,VV
물,0,0,0,Verb,自立,ㄹ語幹,語基2,*,물다02,물,*,담배를 ~,B,VV
무,0,0,0,Verb,自立,ㄹ語幹-脱落形,語基2,*,물다02,무,*,담배를 ~,B,VV
물어,0,0,0,Verb,自立,ㄹ語幹,語基3,*,물다02,물어,*,담배를 ~,B,VV
미치,0,0,0,Verb,自立,*,語基1,*,미치다01,미치,*,정신에 이상이 생기다,B,VV
미치,0,0,0,Verb,自立,*,語基2,*,미치다01,미치,*,정신에 이상이 생기다,B,VV
미쳐,0,0,0,Verb,自立,*,語基3,*,미치다01,미쳐,*,정신에 이상이 생기다,B,VV
미치어,0,0,0,Verb,自立,*,語基3,*,미치다01,미치어,*,정신에 이상이 생기다,B,VV
미치,0,0,0,Verb,自立,*,語基1,*,미치다02,미치,*,닿다,B,VV
미치,0,0,0,Verb,自立,*,語基2,*,미치다02,미치,*,닿다,B,VV
미쳐,0,0,0,Verb,自立,*,語基3,*,미치다02,미쳐,*,닿다,B,VV
미치어,0,0,0,Verb,自立,*,語基3,*,미치다02,미치어,*,닿다,B,VV
믿,0,0,0,Verb,自立,*,語基1,*,믿다,믿,*,*,B,VV
믿으,0,0,0,Verb,自立,*,語基2,*,믿다,믿으,*,*,B,VV
믿어,0,0,0,Verb,自立,*,語基3,*,믿다,믿어,*,*,B,VV
밀,0,0,0,Verb,自立,ㄹ語幹,語基1,*,밀다01,밀,*,*,B,VV
미,0,0,0,Verb,自立,ㄹ語幹-脱落形,語基1,*,밀다01,미,*,*,B,VV
밀,0,0,0,Verb,自立,ㄹ語幹,語基2,*,밀다01,밀,*,*,B,VV
미,0,0,0,Verb,自立,ㄹ語幹-脱落形,語基2,*,밀다01,미,*,*,B,VV
밀어,0,0,0,Verb,自立,ㄹ語幹,語基3,*,밀다01,밀어,*,*,B,VV
바뀌,0,0,0,Verb,自立,*,語基1,*,바뀌다,바뀌,*,*,B,VV
바뀌,0,0,0,Verb,自立,*,語基2,*,바뀌다,바뀌,*,*,B,VV
바뀌어,0,0,0,Verb,自立,*,語基3,*,바뀌다,바뀌어,*,*,B,VV
바라,0,0,0,Verb,自立,*,語基1,*,바라다01,바라,*,*,B,VV
바라,0,0,0,Verb,自立,*,語基2,*,바라다01,바라,*,*,B,VV
바라,0,0,0,Verb,自立,*,語基3,*,바라다01,바라,*,*,B,VV
바라보,0,0,0,Verb,自立,*,語基1,*,바라보다,바라보,*,*,B,VV
바라보,0,0,0,Verb,自立,*,語基2,*,바라보다,바라보,*,*,B,VV
바라보아,0,0,0,Verb,自立,*,語基3,*,바라보다,바라보아,*,*,B,VV
바라봐,0,0,0,Verb,自立,*,語基3,*,바라보다,바라봐,*,*,B,VV
바르,0,0,0,Verb,自立,르変則,語基1,*,바르다01,바르,*,벽지를 ~,B,VV
바르,0,0,0,Verb,自立,르変則,語基2,*,바르다01,바르,*,벽지를 ~,B,VV
발라,0,0,0,Verb,自立,르変則,語基3,*,바르다01,발라,*,벽지를 ~,B,VV
반하,0,0,0,Verb,自立,*,語基1,*,반하다03,반하,反하,*,B,VV
반하,0,0,0,Verb,自立,*,語基2,*,반하다03,반하,反하,*,B,VV
반하여,0,0,0,Verb,自立,*,語基3,*,반하다03,반하여,反하여,*,B,VV
반해,0,0,0,Verb,自立,*,語基3,*,반하다03,반해,反해,*,B,VV
받아들이,0,0,0,Verb,自立,*,語基1,*,받아들이다,받아들이,*,*,B,VV
받아들이,0,0,0,Verb,自立,*,語基2,*,받아들이다,받아들이,*,*,B,VV
받아들여,0,0,0,Verb,自立,*,語基3,*,받아들이다,받아들여,*,*,B,VV
받아들이어,0,0,0,Verb,自立,*,語基3,*,받아들이다,받아들이어,*,*,B,VV
밝,0,0,0,Verb,自立,*,語基1,*,밝다,밝,*,*,B,VV
밝으,0,0,0,Verb,自立,*,語基2,*,밝다,밝으,*,*,B,VV
밝아,0,0,0,Verb,自立,*,語基3,*,밝다,밝아,*,*,B,VV
밝히,0,0,0,Verb,自立,*,語基1,*,밝히다,밝히,*,*,B,VV
밝히,0,0,0,Verb,自立,*,語基2,*,밝히다,밝히,*,*,B,VV
밝혀,0,0,0,Verb,自立,*,語基3,*,밝히다,밝혀,*,*,B,VV
밝히어,0,0,0,Verb,自立,*,語基3,*,밝히다,밝히어,*,*,B,VV
밟,0,0,0,Verb,自立,*,語基1,*,밟다,밟,*,*,B,VV
밟으,0,0,0,Verb,自立,*,語基2,*,밟다,밟으,*,*,B,VV
밟아,0,0,0,Verb,自立,*,語基3,*,밟다,밟아,*,*,B,VV
밤새,0,0,0,Verb,自立,*,語基1,*,밤새다,밤새,*,*,B,VV
밤새,0,0,0,Verb,自立,*,語基2,*,밤새다,밤새,*,*,B,VV
밤새,0,0,0,Verb,自立,*,語基3,*,밤새다,밤새,*,*,B,VV
밤새어,0,0,0,Verb,自立,*,語基3,*,밤새다,밤새어,*,*,B,VV
버리,0,0,0,Verb,自立,*,語基1,*,버리다01,버리,*,*,B,VV
버리,0,0,0,Verb,自立,*,語基2,*,버리다01,버리,*,*,B,VV
버려,0,0,0,Verb,自立,*,語基3,*,버리다01,버려,*,*,B,VV
버리어,0,0,0,Verb,自立,*,語基3,*,버리다01,버리어,*,*,B,VV
벌,0,0,0,Verb,自立,ㄹ語幹,語基1,*,벌다02,벌,*,돈을 ~,B,VV
버,0,0,0,Verb,自立,ㄹ語幹-脱落形,語基1,*,벌다02,버,*,돈을 ~,B,VV
벌,0,0,0,Verb,自立,ㄹ語幹,語基2,*,벌다02,벌,*,돈을 ~,B,VV
버,0,0,0,Verb,自立,ㄹ語幹-脱落形,語基2,*,벌다02,버,*,돈을 ~,B,VV
벌어,0,0,0,Verb,自立,ㄹ語幹,語基3,*,벌다02,벌어,*,돈을 ~,B,VV
벌리,0,0,0,Verb,自立,*,語基1,*,벌리다01,벌리,*,입을 ~,B,VV
벌리,0,0,0,Verb,自立,*,語基2,*,벌리다01,벌리,*,입을 ~,B,VV
벌려,0,0,0,Verb,自立,*,語基3,*,벌리다01,벌려,*,입을 ~,B,VV
벌리어,0,0,0,Verb,自立,*,語基3,*,벌리다01,벌리어,*,입을 ~,B,VV
벌어지,0,0,0,Verb,自立,*,語基1,*,벌어지다02,벌어지,*,싸움이 ~,B,VV
벌어지,0,0,0,Verb,自立,*,語基2,*,벌어지다02,벌어지,*,싸움이 ~,B,VV
벌어져,0,0,0,Verb,自立,*,語基3,*,벌어지다02,벌어져,*,싸움이 ~,B,VV
벌어지어,0,0,0,Verb,自立,*,語基3,*,벌어지다02,벌어지어,*,싸움이 ~,B,VV
벌이,0,0,0,Verb,自立,*,語基1,*,벌이다,벌이,*,*,B,VV
벌이,0,0,0,Verb,自立,*,語基2,*,벌이다,벌이,*,*,B,VV
벌여,0,0,0,Verb,自立,*,語基3,*,벌이다,벌여,*,*,B,VV
벌이어,0,0,0,Verb,自立,*,語基3,*,벌이다,벌이어,*,*,B,VV
벗기,0,0,0,Verb,自立,*,語基1,*,벗기다02,벗기,*,*,B,VV
벗기,0,0,0,Verb,自立,*,語基2,*,벗기다02,벗기,*,*,B,VV
벗겨,0,0,0,Verb,自立,*,語基3,*,벗기다02,벗겨,*,*,B,VV
벗기어,0,0,0,Verb,自立,*,語基3,*,벗기다02,벗기어,*,*,B,VV
변하,0,0,0,Verb,自立,*,語基1,*,변하다,변하,變하,*,B,VV
변하,0,0,0,Verb,自立,*,語基2,*,변하다,변하,變하,*,B,VV
변하여,0,0,0,Verb,自立,*,語基3,*,변하다,변하여,變하여,*,B,VV
변해,0,0,0,Verb,自立,*,語基3,*,변하다,변해,變해,*,B,VV
병들,0,0,0,Verb,自立,ㄹ語幹,語基1,*,병들다,병들,病들,*,B,VV
병드,0,0,0,Verb,自立,ㄹ語幹-脱落形,語基1,*,병들다,병드,病드,*,B,VV
병들,0,0,0,Verb,自立,ㄹ語幹,語基2,*,병들다,병들,病들,*,B,VV
병드,0,0,0,Verb,自立,ㄹ語幹-脱落形,語基2,*,병들다,병드,病드,*,B,VV
병들어,0,0,0,Verb,自立,ㄹ語幹,語基3,*,병들다,병들어,病들어,*,B,VV
보이,0,0,0,Verb,自立,*,語基1,*,보이다01,보이,*,'보다'의 피동사,B,VV
보이,0,0,0,Verb,自立,*,語基2,*,보이다01,보이,*,'보다'의 피동사,B,VV
보여,0,0,0,Verb,自立,*,語基3,*,보이다01,보여,*,'보다'의 피동사,B,VV
보이어,0,0,0,Verb,自立,*,語基3,*,보이다01,보이어,*,'보다'의 피동사,B,VV
보이,0,0,0,Verb,自立,*,語基1,*,보이다02,보이,*,'보다'의 사동사,B,VV
보이,0,0,0,Verb,自立,*,語基2,*,보이다02,보이,*,'보다'의 사동사,B,VV
보여,0,0,0,Verb,自立,*,語基3,*,보이다02,보여,*,'보다'의 사동사,B,VV
보이어,0,0,0,Verb,自立,*,語基3,*,보이다02,보이어,*,'보다'의 사동사,B,VV
볶,0,0,0,Verb,自立,*,語基1,*,볶다,볶,*,*,B,VV
볶으,0,0,0,Verb,自立,*,語基2,*,볶다,볶으,*,*,B,VV
볶아,0,0,0,Verb,自立,*,語基3,*,볶다,볶아,*,*,B,VV
뵈,0,0,0,Verb,自立,*,語基1,*,뵈다01,뵈,*,보이다,B,VV
뵈,0,0,0,Verb,自立,*,語基2,*,뵈다01,뵈,*,보이다,B,VV
봬,0,0,0,Verb,自立,*,語基3,*,뵈다01,봬,*,보이다,B,VV
뵈어,0,0,0,Verb,自立,*,語基3,*,뵈다01,뵈어,*,보이다,B,VV
뵈,0,0,0,Verb,自立,*,語基1,*,뵈다02,뵈,*,웃어른을 보다,B,VV
뵈,0,0,0,Verb,自立,*,語基2,*,뵈다02,뵈,*,웃어른을 보다,B,VV
봬,0,0,0,Verb,自立,*,語基3,*,뵈다02,봬,*,웃어른을 보다,B,VV
뵈어,0,0,0,Verb,自立,*,語基3,*,뵈다02,뵈어,*,웃어른을 보다,B,VV
뵙,0,0,0,Verb,自立,ㅂ変則,語基1,*,뵙다,뵙,*,*,B,VV
뵈,0,0,0,Verb,自立,ㅂ変則,語基2,*,뵙다,뵈,*,*,B,VV
뵈어,0,0,0,Verb,自立,ㅂ変則,語基3,*,뵙다,뵈어,*,*,B,VV
부딪치,0,0,0,Verb,自立,*,語基1,*,부딪치다,부딪치,*,*,B,VV
부딪치,0,0,0,Verb,自立,*,語基2,*,부딪치다,부딪치,*,*,B,VV
부딪쳐,0,0,0,Verb,自立,*,語基3,*,부딪치다,부딪쳐,*,*,B,VV
부딪치어,0,0,0,Verb,自立,*,語基3,*,부딪치다,부딪치어,*,*,B,VV
부치,0,0,0,Verb,自立,*,語基1,*,부치다02,부치,*,편지를 ~,B,VV
부치,0,0,0,Verb,自立,*,語基2,*,부치다02,부치,*,편지를 ~,B,VV
부쳐,0,0,0,Verb,自立,*,語基3,*,부치다02,부쳐,*,편지를 ~,B,VV
부치어,0,0,0,Verb,自立,*,語基3,*,부치다02,부치어,*,편지를 ~,B,VV
불리,0,0,0,Verb,自立,*,語基1,*,불리다04,불리,*,'부르다'의 피동사,B,VV
불리,0,0,0,Verb,自立,*,語基2,*,불리다04,불리,*,'부르다'의 피동사,B,VV
불려,0,0,0,Verb,自立,*,語基3,*,불리다04,불려,*,'부르다'의 피동사,B,VV
불리어,0,0,0,Verb,自立,*,語基3,*,불리다04,불리어,*,'부르다'의 피동사,B,VV
붓,0,0,0,Verb,自立,ㅅ変則,語基1,*,붓다02,붓,*,물을 ~,B,VV
부으,0,0,0,Verb,自立,ㅅ変則,語基2,*,붓다02,부으,*,물을 ~,B,VV
부어,0,0,0,Verb,自立,ㅅ変則,語基3,*,붓다02,부어,*,물을 ~,B,VV
붙,0,0,0,Verb,自立,*,語基1,*,붙다,붙,*,*,B,VV
붙으,0,0,0,Verb,自立,*,語基2,*,붙다,붙으,*,*,B,VV
붙어,0,0,0,Verb,自立,*,語基3,*,붙다,붙어,*,*,B,VV
붙이,0,0,0,Verb,自立,*,語基1,*,붙이다,붙이,*,*,B,VV
붙이,0,0,0,Verb,自立,*,語基2,*,붙이다,붙이,*,*,B,VV
붙여,0,0,0,Verb,自立,*,語基3,*,붙이다,붙여,*,*,B,VV
붙이어,0,0,0,Verb,自立,*,語基3,*,붙이다,붙이어,*,*,B,VV
비키,0,0,0,Verb,自立,*,語基1,*,비키다,비키,*,*,B,VV
비키,0,0,0,Verb,自立,*,語基2,*,비키다,비키,*,*,B,VV
비켜,0,0,0,Verb,自立,*,語基3,*,비키다,비켜,*,*,B,VV
비키어,0,0,0,Verb,自立,*,語基3,*,비키다,비키어,*,*,B,VV
빌,0,0,0,Verb,自立,ㄹ語幹,語基1,*,빌다01,빌,*,소원을 ~,B,VV
비,0,0,0,Verb,自立,ㄹ語幹-脱落形,語基1,*,빌다01,비,*,소원을 ~,B,VV
빌,0,0,0,Verb,自立,ㄹ語幹,語基2,*,빌다01,빌,*,소원을 ~,B,VV
비,0,0,0,Verb,自立,ㄹ語幹-脱落形,語基2,*,빌다01,비,*,소원을 ~,B,VV
빌어,0,0,0,Verb,自立,ㄹ語幹,語基3,*,빌다01,빌어,*,소원을 ~,B,VV
빌리,0,0,0,Verb,自立,*,語基1,*,빌리다,빌리,*,*,B,VV
빌리,0,0,0,Verb,自立,*,語基2,*,빌리다,빌리,*,*,B,VV
빌려,0,0,0,Verb,自立,*,語基3,*,빌리다,빌려,*,*,B,VV
빌리어,0,0,0,Verb,自立,*,語基3,*,빌리다,빌리어,*,*,B,VV
빠지,0,0,0,Verb,自立,*,語基1,*,빠지다01,빠지,*,머리가 ~,B,VV
빠지,0,0,0,Verb,自立,*,語基2,*,빠지다01,빠지,*,머리가 ~,B,VV
빠져,0,0,0,Verb,自立,*,語基3,*,빠지다01,빠져,*,머리가 ~,B,VV
빠지어,0,0,0,Verb,自立,*,語基3,*,빠지다01,빠지어,*,머리가 ~,B,VV
빠지,0,0,0,Verb,自立,*,語基1,*,빠지다02,빠지,*,물에 ~,B,VV
빠지,0,0,0,Verb,自立,*,語基2,*,빠지다02,빠지,*,물에 ~,B,VV
빠져,0,0,0,Verb,自立,*,語基3,*,빠지다02,빠져,*,물에 ~,B,VV
빠지어,0,0,0,Verb,自立,*,語基3,*,빠지다02,빠지어,*,물에 ~,B,VV
빨,0,0,0,Verb,自立,ㄹ語幹,語基1,*,빨다02,빨,*,옷을 ~,B,VV
빠,0,0,0,Verb,自立,ㄹ語幹-脱落形,語基1,*,빨다02,빠,*,옷을 ~,B,VV
빨,0,0,0,Verb,自立,ㄹ語幹,語基2,*,빨다02,빨,*,옷을 ~,B,VV
빠,0,0,0,Verb,自立,ㄹ語幹-脱落形,語基2,*,빨다02,빠,*,옷을 ~,B,VV
빨아,0,0,0,Verb,自立,ㄹ語幹,語基3,*,빨다02,빨아,*,옷을 ~,B,VV
빼,0,0,0,Verb,自立,*,語基1,*,빼다01,빼,*,가시를 ~,B,VV
빼,0,0,0,Verb,自立,*,語基2,*,빼다01,빼,*,가시를 ~,B,VV
빼,0,0,0,Verb,自立,*,語基3,*,빼다01,빼,*,가시를 ~,B,VV
빼어,0,0,0,Verb,自立,*,語基3,*,빼다01,빼어,*,가시를 ~,B,VV
뻗,0,0,0,Verb,自立,*,語基1,*,뻗다,뻗,*,*,B,VV
뻗으,0,0,0,Verb,自立,*,語基2,*,뻗다,뻗으,*,*,B,VV
뻗어,0,0,0,Verb,自立,*,語基3,*,뻗다,뻗어,*,*,B,VV
뽑,0,0,0,Verb,自立,*,語基1,*,뽑다,뽑,*,*,B,VV
뽑으,0,0,0,Verb,自立,*,語基2,*,뽑다,뽑으,*,*,B,VV
뽑아,0,0,0,Verb,自立,*,語基3,*,뽑다,뽑아,*,*,B,VV
뿌리,0,0,0,Verb,自立,*,語基1,*,뿌리다,뿌리,*,*,B,VV
뿌리,0,0,0,Verb,自立,*,語基2,*,뿌리다,뿌리,*,*,B,VV
뿌려,0,0,0,Verb,自立,*,語基3,*,뿌리다,뿌려,*,*,B,VV
뿌리어,0,0,0,Verb,自立,*,語基3,*,뿌리다,뿌리어,*,*,B,VV
사라지,0,0,0,Verb,自立,*,語基1,*,사라지다,사라지,*,*,B,VV
사라지,0,0,0,Verb,自立,*,語基2,*,사라지다,사라지,*,*,B,VV
사라져,0,0,0,Verb,自立,*,語基3,*,사라지다,사라져,*,*,B,VV
사라지어,0,0,0,Verb,自立,*,語基3,*,사라지다,사라지어,*,*,B,VV
살리,0,0,0,Verb,自立,*,語基1,*,살리다,살리,*,*,B,VV
살리,0,0,0,Verb,自立,*,語基2,*,살리다,살리,*,*,B,VV
살려,0,0,0,Verb,自立,*,語基3,*,살리다,살려,*,*,B,VV
살리어,0,0,0,Verb,自立,*,語基3,*,살리다,살리어,*,*,B,VV
살펴보,0,0,0,Verb,自立,*,語基1,*,살펴보다,살펴보,*,*,B,VV
살펴보,0,0,0,Verb,自立,*,語基2,*,살펴보다,살펴보,*,*,B,VV
살펴보아,0,0,0,Verb,自立,*,語基3,*,살펴보다,살펴보아,*,*,B,VV
살펴봐,0,0,0,Verb,自立,*,語基3,*,살펴보다,살펴봐,*,*,B,VV
삶,0,0,0,Verb,自立,*,語基1,*,삶다,삶,*,*,B,VV
삶으,0,0,0,Verb,自立,*,語基2,*,삶다,삶으,*,*,B,VV
삶아,0,0,0,Verb,自立,*,語基3,*,삶다,삶아,*,*,B,VV
상하,0,0,0,Verb,自立,*,語基1,*,상하다02,상하,傷하,*,B,VV
상하,0,0,0,Verb,自立,*,語基2,*,상하다02,상하,傷하,*,B,VV
상하여,0,0,0,Verb,自立,*,語基3,*,상하다02,상하여,傷하여,*,B,VV
상해,0,0,0,Verb,自立,*,語基3,*,상하다02,상해,傷해,*,B,VV
생각나,0,0,0,Verb,自立,*,語基1,*,생각나다,생각나,*,*,B,VV
생각나,0,0,0,Verb,自立,*,語基2,*,생각나다,생각나,*,*,B,VV
생각나,0,0,0,Verb,自立,*,語基3,*,생각나다,생각나,*,*,B,VV
생겨나,0,0,0,Verb,自立,*,語基1,*,생겨나다,생겨나,*,*,B,VV
생겨나,0,0,0,Verb,自立,*,語基2,*,생겨나다,생겨나,*,*,B,VV
생겨나,0,0,0,Verb,自立,*,語基3,*,생겨나다,생겨나,*,*,B,VV
서두르,0,0,0,Verb,自立,르変則,語基1,*,서두르다,서두르,*,*,B,VV
서두르,0,0,0,Verb,自立,르変則,語基2,*,서두르다,서두르,*,*,B,VV
서둘러,0,0,0,Verb,自立,르変則,語基3,*,서두르다,서둘러,*,*,B,VV
섞,0,0,0,Verb,自立,*,語基1,*,섞다,섞,*,*,B,VV
섞으,0,0,0,Verb,自立,*,語基2,*,섞다,섞으,*,*,B,VV
섞어,0,0,0,Verb,自立,*,語基3,*,섞다,섞어,*,*,B,VV
섞이,0,0,0,Verb,自立,*,語基1,*,섞이다,섞이,*,*,B,VV
섞이,0,0,0,Verb,自立,*,語基2,*,섞이다,섞이,*,*,B,VV
섞여,0,0,0,Verb,自立,*,語基3,*,섞이다,섞여,*,*,B,VV
섞이어,0,0,0,Verb,自立,*,語基3,*,섞이다,섞이어,*,*,B,VV
세우,0,0,0,Verb,自立,*,語基1,*,세우다01,세우,*,*,B,VV
세우,0,0,0,Verb,自立,*,語基2,*,세우다01,세우,*,*,B,VV
세워,0,0,0,Verb,自立,*,語基3,*,세우다01,세워,*,*,B,VV
소리치,0,0,0,Verb,自立,*,語基1,*,소리치다,소리치,*,*,B,VV
소리치,0,0,0,Verb,自立,*,語基2,*,소리치다,소리치,*,*,B,VV
소리쳐,0,0,0,Verb,自立,*,語基3,*,소리치다,소리쳐,*,*,B,VV
소리치어,0,0,0,Verb,自立,*,語基3,*,소리치다,소리치어,*,*,B,VV
소문나,0,0,0,Verb,自立,*,語基1,*,소문나다,소문나,所聞나,*,B,VV
소문나,0,0,0,Verb,自立,*,語基2,*,소문나다,소문나,所聞나,*,B,VV
소문나,0,0,0,Verb,自立,*,語基3,*,소문나다,소문나,所聞나,*,B,VV
속하,0,0,0,Verb,自立,*,語基1,*,속하다02,속하,屬하,*,B,VV
속하,0,0,0,Verb,自立,*,語基2,*,속하다02,속하,屬하,*,B,VV
속하여,0,0,0,Verb,自立,*,語基3,*,속하다02,속하여,屬하여,*,B,VV
속해,0,0,0,Verb,自立,*,語基3,*,속하다02,속해,屬해,*,B,VV
숙이,0,0,0,Verb,自立,*,語基1,*,숙이다,숙이,*,*,B,VV
숙이,0,0,0,Verb,自立,*,語基2,*,숙이다,숙이,*,*,B,VV
숙여,0,0,0,Verb,自立,*,語基3,*,숙이다,숙여,*,*,B,VV
숙이어,0,0,0,Verb,自立,*,語基3,*,숙이다,숙이어,*,*,B,VV
숨,0,0,0,Verb,自立,*,語基1,*,숨다01,숨,*,*,B,VV
숨으,0,0,0,Verb,自立,*,語基2,*,숨다01,숨으,*,*,B,VV
숨어,0,0,0,Verb,自立,*,語基3,*,숨다01,숨어,*,*,B,VV
쉬,0,0,0,Verb,自立,*,語基1,*,쉬다04,쉬,*,숨을 ~,B,VV
쉬,0,0,0,Verb,自立,*,語基2,*,쉬다04,쉬,*,숨을 ~,B,VV
쉬어,0,0,0,Verb,自立,*,語基3,*,쉬다04,쉬어,*,숨을 ~,B,VV
시키,0,0,0,Verb,自立,*,語基1,*,시키다01,시키,*,*,B,VV
시키,0,0,0,Verb,自立,*,語基2,*,시키다01,시키,*,*,B,VV
시켜,0,0,0,Verb,自立,*,語基3,*,시키다01,시켜,*,*,B,VV
시키어,0,0,0,Verb,自立,*,語基3,*,시키다01,시키어,*,*,B,VV
식,0,0,0,Verb,自立,*,語基1,*,식다01,식,*,*,B,VV
식으,0,0,0,Verb,自立,*,語基2,*,식다01,식으,*,*,B,VV
식어,0,0,0,Verb,自立,*,語基3,*,식다01,식어,*,*,B,VV
싣,0,0,0,Verb,自立,ㄷ変則,語基1,*,싣다01,싣,*,*,B,VV
실으,0,0,0,Verb,自立,ㄷ変則,語基2,*,싣다01,실으,*,*,B,VV
실어,0,0,0,Verb,自立,ㄷ変則,語基3,*,싣다01,실어,*,*,B,VV
싫어지,0,0,0,Verb,自立,*,語基1,*,싫어지다,싫어지,*,*,B,VV
싫어지,0,0,0,Verb,自立,*,語基2,*,싫어지다,싫어지,*,*,B,VV
싫어져,0,0,0,Verb,自立,*,語基3,*,싫어지다,싫어져,*,*,B,VV
싫어지어,0,0,0,Verb,自立,*,語基3,*,싫어지다,싫어지어,*,*,B,VV
심,0,0,0,Verb,自立,*,語基1,*,심다01,심,*,*,B,VV
심으,0,0,0,Verb,自立,*,語基2,*,심다01,심으,*,*,B,VV
심어,0,0,0,Verb,自立,*,語基3,*,심다01,심어,*,*,B,VV
심해지,0,0,0,Verb,自立,*,語基1,*,심해지다,심해지,甚해지,*,B,VV
심해지,0,0,0,Verb,自立,*,語基2,*,심해지다,심해지,甚해지,*,B,VV
심해져,0,0,0,Verb,自立,*,語基3,*,심해지다,심해져,甚해져,*,B,VV
심해지어,0,0,0,Verb,自立,*,語基3,*,심해지다,심해지어,甚해지어,*,B,VV
싸,0,0,0,Verb,自立,*,語基1,*,싸다01,싸,*,보자기에 ~,B,VV
싸,0,0,0,Verb,自立,*,語基2,*,싸다01,싸,*,보자기에 ~,B,VV
싸,0,0,0,Verb,自立,*,語基3,*,싸다01,싸,*,보자기에 ~,B,VV
쌓,0,0,0,Verb,自立,*,語基1,*,쌓다,쌓,*,*,B,VV
쌓으,0,0,0,Verb,自立,*,語基2,*,쌓다,쌓으,*,*,B,VV
쌓아,0,0,0,Verb,自立,*,語基3,*,쌓다,쌓아,*,*,B,VV
쌓이,0,0,0,Verb,自立,*,語基1,*,쌓이다,쌓이,*,*,B,VV
쌓이,0,0,0,Verb,自立,*,語基2,*,쌓이다,쌓이,*,*,B,VV
쌓여,0,0,0,Verb,自立,*,語基3,*,쌓이다,쌓여,*,*,B,VV
쌓이어,0,0,0,Verb,自立,*,語基3,*,쌓이다,쌓이어,*,*,B,VV
썩,0,0,0,Verb,自立,*,語基1,*,썩다,썩,*,*,B,VV
썩으,0,0,0,Verb,自立,*,語基2,*,썩다,썩으,*,*,B,VV
썩어,0,0,0,Verb,自立,*,語基3,*,썩다,썩어,*,*,B,VV
썰,0,0,0,Verb,自立,ㄹ語幹,語基1,*,썰다01,썰,*,*,B,VV
써,0,0,0,Verb,自立,ㄹ語幹-脱落形,語基1,*,썰다01,써,*,*,B,VV
썰,0,0,0,Verb,自立,ㄹ語幹,語基2,*,썰다01,썰,*,*,B,VV
써,0,0,0,Verb,自立,ㄹ語幹-脱落形,語基2,*,썰다01,써,*,*,B,VV
썰어,0,0,0,Verb,自立,ㄹ語幹,語基3,*,썰다01,썰어,*,*,B,VV
쏘,0,0,0,Verb,自立,*,語基1,*,쏘다01,쏘,*,*,B,VV
쏘,0,0,0,Verb,自立,*,語基2,*,쏘다01,쏘,*,*,B,VV
쏘아,0,0,0,Verb,自立,*,語基3,*,쏘다01,쏘아,*,*,B,VV
쏴,0,0,0,Verb,自立,*,語基3,*,쏘다01,쏴,*,*,B,VV
쏟,0,0,0,Verb,自立,*,語基1,*,쏟다,쏟,*,*,B,VV
쏟으,0,0,0,Verb,自立,*,語基2,*,쏟다,쏟으,*,*,B,VV
쏟아,0,0,0,Verb,自立,*,語基3,*,쏟다,쏟아,*,*,B,VV
쏟아지,0,0,0,Verb,自立,*,語基1,*,쏟아지다,쏟아지,*,*,B,VV
쏟아지,0,0,0,Verb,自立,*,語基2,*,쏟아지다,쏟아지,*,*,B,VV
쏟아져,0,0,0,Verb,自立,*,語基3,*,쏟아지다,쏟아져,*,*,B,VV
쏟아지어,0,0,0,Verb,自立,*,語基3,*,쏟아지다,쏟아지어,*,*,B,VV
쓰이,0,0,0,Verb,自立,*,語基1,*,쓰이다01,쓰이,*,글이 ~,B,VV
쓰이,0,0,0,Verb,自立,*,語基2,*,쓰이다01,쓰이,*,글이 ~,B,VV
쓰여,0,0,0,Verb,自立,*,語基3,*,쓰이다01,쓰여,*,글이 ~,B,VV
쓰이어,0,0,0,Verb,自立,*,語基3,*,쓰이다01,쓰이어,*,글이 ~,B,VV
씹,0,0,0,Verb,自立,*,語基1,*,씹다01,씹,*,*,B,VV
씹으,0,0,0,Verb,自立,*,語基2,*,씹다01,씹으,*,*,B,VV
씹어,0,0,0,Verb,自立,*,語基3,*,씹다01,씹어,*,*,B,VV
알려지,0,0,0,Verb,自立,*,語基1,*,알려지다,알려지,*,*,B,VV
알려지,0,0,0,Verb,自立,*,語基2,*,알려지다,알려지,*,*,B,VV
알려져,0,0,0,Verb,自立,*,語基3,*,알려지다,알려져,*,*,B,VV
알려지어,0,0,0,Verb,自立,*,語基3,*,알려지다,알려지어,*,*,B,VV
알리,0,0,0,Verb,自立,*,語基1,*,알리다,알리,*,*,B,VV
알리,0,0,0,Verb,自立,*,語基2,*,알리다,알리,*,*,B,VV
알려,0,0,0,Verb,自立,*,語基3,*,알리다,알려,*,*,B,VV
알리어,0,0,0,Verb,自立,*,語基3,*,알리다,알리어,*,*,B,VV
알아듣,0,0,0,Verb,自立,ㄷ変則,語基1,*,알아듣다,알아듣,*,*,B,VV
알아들으,0,0,0,Verb,自立,ㄷ変則,語基2,*,알아듣다,알아들으,*,*,B,VV
알아들어,0,0,0,Verb,自立,ㄷ変則,語基3,*,알아듣다,알아들어,*,*,B,VV
앓,0,0,0,Verb,自立,*,語基1,*,앓다,앓,*,*,B,VV
앓으,0,0,0,Verb,自立,*,語基2,*,앓다,앓으,*,*,B,VV
앓아,0,0,0,Verb,自立,*,語基3,*,앓다,앓아,*,*,B,VV
앞서,0,0,0,Verb,自立,*,語基1,*,앞서다,앞서,*,*,B,VV
앞서,0,0,0,Verb,自立,*,語基2,*,앞서다,앞서,*,*,B,VV
앞서,0,0,0,Verb,自立,*,語基3,*,앞서다,앞서,*,*,B,VV
어두워지,0,0,0,Verb,自立,*,語基1,*,어두워지다,어두워지,*,*,B,VV
어두워지,0,0,0,Verb,自立,*,語基2,*,어두워지다,어두워지,*,*,B,VV
어두워져,0,0,0,Verb,自立,*,語基3,*,어두워지다,어두워져,*,*,B,VV
어두워지어,0,0,0,Verb,自立,*,語基3,*,어두워지다,어두워지어,*,*,B,VV
어리,0,0,0,Verb,自立,*,語基1,*,어리다01,어리,*,눈물이 ~,B,VV
어리,0,0,0,Verb,自立,*,語基2,*,어리다01,어리,*,눈물이 ~,B,VV
어려,0,0,0,Verb,自立,*,語基3,*,어리다01,어려,*,눈물이 ~,B,VV
어리어,0,0,0,Verb,自立,*,語基3,*,어리다01,어리어,*,눈물이 ~,B,VV
어울리,0,0,0,Verb,自立,*,語基1,*,어울리다,어울리,*,*,B,VV
어울리,0,0,0,Verb,自立,*,語基2,*,어울리다,어울리,*,*,B,VV
어울려,0,0,0,Verb,自立,*,語基3,*,어울리다,어울려,*,*,B,VV
어울리어,0,0,0,Verb,自立,*,語基3,*,어울리다,어울리어,*,*,B,VV
어쩌,0,0,0,Verb,自立,어変則,語基1,*,어쩌다01,어쩌,*,*,B,VV
어쩌,0,0,0,Verb,自立,어変則,語基2,*,어쩌다01,어쩌,*,*,B,VV
어째,0,0,0,Verb,自立,어変則,語基3,*,어쩌다01,어째,*,*,B,VV
얹,0,0,0,Verb,自立,*,語基1,*,얹다,얹,*,*,B,VV
얹으,0,0,0,Verb,自立,*,語基2,*,얹다,얹으,*,*,B,VV
얹어,0,0,0,Verb,自立,*,語基3,*,얹다,얹어,*,*,B,VV
얻,0,0,0,Verb,自立,*,語基1,*,얻다01,얻,*,*,B,VV
얻으,0,0,0,Verb,自立,*,語基2,*,얻다01,얻으,*,*,B,VV
얻어,0,0,0,Verb,自立,*,語基3,*,얻다01,얻어,*,*,B,VV
얼,0,0,0,Verb,自立,ㄹ語幹,語基1,*,얼다01,얼,*,*,B,VV
어,0,0,0,Verb,自立,ㄹ語幹-脱落形,語基1,*,얼다01,어,*,*,B,VV
얼,0,0,0,Verb,自立,ㄹ語幹,語基2,*,얼다01,얼,*,*,B,VV
어,0,0,0,Verb,自立,ㄹ語幹-脱落形,語基2,*,얼다01,어,*,*,B,VV
얼어,0,0,0,Verb,自立,ㄹ語幹,語基3,*,얼다01,얼어,*,*,B,VV
없애,0,0,0,Verb,自立,*,語基1,*,없애다,없애,*,*,B,VV
없애,0,0,0,Verb,自立,*,語基2,*,없애다,없애,*,*,B,VV
없애,0,0,0,Verb,自立,*,語基3,*,없애다,없애,*,*,B,VV
없애어,0,0,0,Verb,自立,*,語基3,*,없애다,없애어,*,*,B,VV
없어지,0,0,0,Verb,自立,*,語基1,*,없어지다,없어지,*,*,B,VV
없어지,0,0,0,Verb,自立,*,語基2,*,없어지다,없어지,*,*,B,VV
없어져,0,0,0,Verb,自立,*,語基3,*,없어지다,없어져,*,*,B,VV
없어지어,0,0,0,Verb,自立,*,語基3,*,없어지다,없어지어,*,*,B,VV
여쭈,0,0,0,Verb,自立,*,語基1,*,여쭈다,여쭈,*,*,B,VV
여쭈,0,0,0,Verb,自立,*,語基2,*,여쭈다,여쭈,*,*,B,VV
여쭈어,0,0,0,Verb,自立,*,語基3,*,여쭈다,여쭈어,*,*,B,VV
여쭤,0,0,0,Verb,自立,*,語基3,*,여쭈다,여쭤,*,*,B,VV
열리,0,0,0,Verb,自立,*,語基1,*,열리다02,열리,*,문이 ~,B,VV
열리,0,0,0,Verb,自立,*,語基2,*,열리다02,열리,*,문이 ~,B,VV
열려,0,0,0,Verb,自立,*,語基3,*,열리다02,열려,*,문이 ~,B,VV
열리어,0,0,0,Verb,自立,*,語基3,*,열리다02,열리어,*,문이 ~,B,VV
열리,0,0,0,Verb,自立,*,語基1,*,열리다01,열리,*,열매가 ~,B,VV
열리,0,0,0,Verb,自立,*,語基2,*,열리다01,열리,*,열매가 ~,B,VV
열려,0,0,0,Verb,自立,*,語基3,*,열리다01,열려,*,열매가 ~,B,VV
열리어,0,0,0,Verb,自立,*,語基3,*,열리다01,열리어,*,열매가 ~,B,VV
오가,0,0,0,Verb,自立,*,語基1,*,오가다,오가,*,*,B,VV
오가,0,0,0,Verb,自立,*,語基2,*,오가다,오가,*,*,B,VV
오가,0,0,0,Verb,自立,*,語基3,*,오가다,오가,*,*,B,VV
올라오,0,0,0,Verb,自立,*,語基1,*,올라오다,올라오,*,*,B,VV
올라오,0,0,0,Verb,自立,*,語基2,*,올라오다,올라오,*,*,B,VV
올라와,0,0,0,Verb,自立,*,語基3,*,올라오다,올라와,*,*,B,VV
올려놓,0,0,0,Verb,自立,*,語基1,*,올려놓다,올려놓,*,*,B,VV
올려놓으,0,0,0,Verb,自立,*,語基2,*,올려놓다,올려놓으,*,*,B,VV
올려놓아,0,0,0,Verb,自立,*,語基3,*,올려놓다,올려놓아,*,*,B,VV
옮기,0,0,0,Verb,自立,*,語基1,*,옮기다,옮기,*,*,B,VV
옮기,0,0,0,Verb,自立,*,語基2,*,옮기다,옮기,*,*,B,VV
옮겨,0,0,0,Verb,自立,*,語基3,*,옮기다,옮겨,*,*,B,VV
옮기어,0,0,0,Verb,自立,*,語基3,*,옮기다,옮기어,*,*,B,VV
외우,0,0,0,Verb,自立,*,語基1,*,외우다01,외우,*,*,B,VV
외우,0,0,0,Verb,自立,*,語基2,*,외우다01,외우,*,*,B,VV
외워,0,0,0,Verb,自立,*,語基3,*,외우다01,외워,*,*,B,VV
울리,0,0,0,Verb,自立,*,語基1,*,울리다01,울리,*,종이 ~,B,VV
울리,0,0,0,Verb,自立,*,語基2,*,울리다01,울리,*,종이 ~,B,VV
울려,0,0,0,Verb,自立,*,語基3,*,울리다01,울려,*,종이 ~,B,VV
울리어,0,0,0,Verb,自立,*,語基3,*,울리다01,울리어,*,종이 ~,B,VV
움직이,0,0,0,Verb,自立,*,語基1,*,움직이다,움직이,*,*,B,VV
움직이,0,0,0,Verb,自立,*,語基2,*,움직이다,움직이,*,*,B,VV
움직여,0,0,0,Verb,自立,*,語基3,*,움직이다,움직여,*,*,B,VV
움직이어,0,0,0,Verb,自立,*,語基3,*,움직이다,움직이어,*,*,B,VV
웃기,0,0,0,Verb,自立,*,語基1,*,웃기다,웃기,*,*,B,VV
웃기,0,0,0,Verb,自立,*,語基2,*,웃기다,웃기,*,*,B,VV
웃겨,0,0,0,Verb,自立,*,語基3,*,웃기다,웃겨,*,*,B,VV
웃기어,0,0,0,Verb,自立,*,語基3,*,웃기다,웃기어,*,*,B,VV
원하,0,0,0,Verb,自立,*,語基1,*,원하다02,원하,願하,*,B,VV
원하,0,0,0,Verb,自立,*,語基2,*,원하다02,원하,願하,*,B,VV
원하여,0,0,0,Verb,自立,*,語基3,*,원하다02,원하여,願하여,*,B,VV
원해,0,0,0,Verb,自立,*,語基3,*,원하다02,원해,願해,*,B,VV
위하,0,0,0,Verb,自立,*,語基1,*,위하다01,위하,爲하,*,B,VV
위하,0,0,0,Verb,自立,*,語基2,*,위하다01,위하,爲하,*,B,VV
위하여,0,0,0,Verb,自立,*,語基3,*,위하다01,위하여,爲하여,*,B,VV
위해,0,0,0,Verb,自立,*,語基3,*,위하다01,위해,爲해,*,B,VV
의하,0,0,0,Verb,自立,*,語基1,*,의하다01,의하,依하,*,B,VV
의하,0,0,0,Verb,自立,*,語基2,*,의하다01,의하,依하,*,B,VV
의하여,0,0,0,Verb,自立,*,語基3,*,의하다01,의하여,依하여,*,B,VV
의해,0,0,0,Verb,自立,*,語基3,*,의하다01,의해,依해,*,B,VV
이기,0,0,0,Verb,自立,*,語基1,*,이기다01,이기,*,적에게 ~,B,VV
이기,0,0,0,Verb,自立,*,語基2,*,이기다01,이기,*,적에게 ~,B,VV
이겨,0,0,0,Verb,自立,*,語基3,*,이기다01,이겨,*,적에게 ~,B,VV
이기어,0,0,0,Verb,自立,*,語基3,*,이기다01,이기어,*,적에게 ~,B,VV
이루,0,0,0,Verb,自立,*,語基1,*,이루다01,이루,*,*,B,VV
이루,0,0,0,Verb,自立,*,語基2,*,이루다01,이루,*,*,B,VV
이루어,0,0,0,Verb,自立,*,語基3,*,이루다01,이루어,*,*,B,VV
이뤄,0,0,0,Verb,自立,*,語基3,*,이루다01,이뤄,*,*,B,VV
이루어지,0,0,0,Verb,自立,*,語基1,*,이루어지다,이루어지,*,*,B,VV
이루어지,0,0,0,Verb,自立,*,語基2,*,이루어지다,이루어지,*,*,B,VV
이루어져,0,0,0,Verb,自立,*,語基3,*,이루어지다,이루어져,*,*,B,VV
이루어지어,0,0,0,Verb,自立,*,語基3,*,이루어지다,이루어지어,*,*,B,VV
이뤄지,0,0,0,Verb,自立,*,語基1,*,이뤄지다,이뤄지,*,*,B,VV
이뤄지,0,0,0,Verb,自立,*,語基2,*,이뤄지다,이뤄지,*,*,B,VV
이뤄져,0,0,0,Verb,自立,*,語基3,*,이뤄지다,이뤄져,*,*,B,VV
이뤄지어,0,0,0,Verb,自立,*,語基3,*,이뤄지다,이뤄지어,*,*,B,VV
이르,0,0,0,Verb,自立,러変則,語基1,*,이르다01,이르,*,도착하다,B,VV
이르,0,0,0,Verb,自立,러変則,語基2,*,이르다01,이르,*,도착하다,B,VV
이르러,0,0,0,Verb,自立,러変則,語基3,*,이르다01,이르러,*,도착하다,B,VV
익,0,0,0,Verb,自立,*,語基1,*,익다01,익,*,감이 ~,B,VV
익으,0,0,0,Verb,自立,*,語基2,*,익다01,익으,*,감이 ~,B,VV
익어,0,0,0,Verb,自立,*,語基3,*,익다01,익어,*,감이 ~,B,VV
익숙해지,0,0,0,Verb,自立,*,語基1,*,익숙해지다,익숙해지,*,*,B,VV
익숙해지,0,0,0,Verb,自立,*,語基2,*,익숙해지다,익숙해지,*,*,B,VV
익숙해져,0,0,0,Verb,自立,*,語基3,*,익숙해지다,익숙해져,*,*,B,VV
익숙해지어,0,0,0,Verb,自立,*,語基3,*,익숙해지다,익숙해지어,*,*,B,VV
일으키,0,0,0,Verb,自立,*,語基1,*,일으키다,일으키,*,*,B,VV
일으키,0,0,0,Verb,自立,*,語基2,*,일으키다,일으키,*,*,B,VV
일으켜,0,0,0,Verb,自立,*,語基3,*,일으키다,일으켜,*,*,B,VV
일으키어,0,0,0,Verb,自立,*,語基3,*,일으키다,일으키어,*,*,B,VV
읽히,0,0,0,Verb,自立,*,語基1,*,읽히다01,읽히,*,'읽다'의 피동사,B,VV
읽히,0,0,0,Verb,自立,*,語基2,*,읽히다01,읽히,*,'읽다'의 피동사,B,VV
읽혀,0,0,0,Verb,自立,*,語基3,*,읽히다01,읽혀,*,'읽다'의 피동사,B,VV
읽히어,0,0,0,Verb,自立,*,語基3,*,읽히다01,읽히어,*,'읽다'의 피동사,B,VV
자라나,0,0,0,Verb,自立,*,語基1,*,자라나다,자라나,*,*,B,VV
자라나,0,0,0,Verb,自立,*,語基2,*,자라나다,자라나,*,*,B,VV
자라나,0,0,0,Verb,自立,*,語基3,*,자라나다,자라나,*,*,B,VV
자라,0,0,0,Verb,自立,*,語基1,*,자라다01,자라,*,커지다,B,VV
자라,0,0,0,Verb,自立,*,語基2,*,자라다01,자라,*,커지다,B,VV
자라,0,0,0,Verb,自立,*,語基3,*,자라다01,자라,*,커지다,B,VV
자르,0,0,0,Verb,自立,르変則,語基1,*,자르다01,자르,*,*,B,VV
자르,0,0,0,Verb,自立,르変則,語基2,*,자르다01,자르,*,*,B,VV
잘라,0,0,0,Verb,自立,르変則,語基3,*,자르다01,잘라,*,*,B,VV
작아지,0,0,0,Verb,自立,*,語基1,*,작아지다,작아지,*,*,B,VV
작아지,0,0,0,Verb,自立,*,語基2,*,작아지다,작아지,*,*,B,VV
작아져,0,0,0,Verb,自立,*,語基3,*,작아지다,작아져,*,*,B,VV
작아지어,0,0,0,Verb,自立,*,語基3,*,작아지다,작아지어,*,*,B,VV
잘되,0,0,0,Verb,自立,*,語基1,*,잘되다,잘되,*,*,B,VV
잘되,0,0,0,Verb,自立,*,語基2,*,잘되다,잘되,*,*,B,VV
잘돼,0,0,0,Verb,自立,*,語基3,*,잘되다,잘돼,*,*,B,VV
잘되어,0,0,0,Verb,自立,*,語基3,*,잘되다,잘되어,*,*,B,VV
잘살,0,0,0,Verb,自立,ㄹ語幹,語基1,*,잘살다,잘살,*,*,B,VV
잘사,0,0,0,Verb,自立,ㄹ語幹-脱落形,語基1,*,잘살다,잘사,*,*,B,VV
잘살,0,0,0,Verb,自立,ㄹ語幹,語基2,*,잘살다,잘살,*,*,B,VV
잘사,0,0,0,Verb,自立,ㄹ語幹-脱落形,語基2,*,잘살다,잘사,*,*,B,VV
잘살아,0,0,0,Verb,自立,ㄹ語幹,語基3,*,잘살다,잘살아,*,*,B,VV
잠들,0,0,0,Verb,自立,ㄹ語幹,語基1,*,잠들다,잠들,*,*,B,VV
잠드,0,0,0,Verb,自立,ㄹ語幹-脱落形,語基1,*,잠들다,잠드,*,*,B,VV
잠들,0,0,0,Verb,自立,ㄹ語幹,語基2,*,잠들다,잠들,*,*,B,VV
잠드,0,0,0,Verb,自立,ㄹ語幹-脱落形,語基2,*,잠들다,잠드,*,*,B,VV
잠들어,0,0,0,Verb,自立,ㄹ語幹,語基3,*,잠들다,잠들어,*,*,B,VV
잡히,0,0,0,Verb,自立,*,語基1,*,잡히다02,잡히,*,'잡다'의 피동사,B,VV
잡히,0,0,0,Verb,自立,*,語基2,*,잡히다02,잡히,*,'잡다'의 피동사,B,VV
잡혀,0,0,0,Verb,自立,*,語基3,*,잡히다02,잡혀,*,'잡다'의 피동사,B,VV
잡히어,0,0,0,Verb,自立,*,語基3,*,잡히다02,잡히어,*,'잡다'의 피동사,B,VV
적어지,0,0,0,Verb,自立,*,語基1,*,적어지다,적어지,*,*,B,VV
적어지,0,0,0,Verb,自立,*,語基2,*,적어지다,적어지,*,*,B,VV
적어져,0,0,0,Verb,自立,*,語基3,*,적어지다,적어져,*,*,B,VV
적어지어,0,0,0,Verb,自立,*,語基3,*,적어지다,적어지어,*,*,B,VV
전하,0,0,0,Verb,自立,*,語基1,*,전하다,전하,傳하,*,B,VV
전하,0,0,0,Verb,自立,*,語基2,*,전하다,전하,傳하,*,B,VV
전하여,0,0,0,Verb,自立,*,語基3,*,전하다,전하여,傳하여,*,B,VV
전해,0,0,0,Verb,自立,*,語基3,*,전하다,전해,傳해,*,B,VV
전해지,0,0,0,Verb,自立,*,語基1,*,전해지다,전해지,傳해지,*,B,VV
전해지,0,0,0,Verb,自立,*,語基2,*,전해지다,전해지,傳해지,*,B,VV
전해져,0,0,0,Verb,自立,*,語基3,*,전해지다,전해져,傳해져,*,B,VV
전해지어,0,0,0,Verb,自立,*,語基3,*,전해지다,전해지어,傳해지어,*,B,VV
젓,0,0,0,Verb,自立,ㅅ変則,語基1,*,젓다01,젓,*,*,B,VV
저으,0,0,0,Verb,自立,ㅅ変則,語基2,*,젓다01,저으,*,*,B,VV
저어,0,0,0,Verb,自立,ㅅ変則,語基3,*,젓다01,저어,*,*,B,VV
정하,0,0,0,Verb,自立,*,語基1,*,정하다03,정하,定하,*,B,VV
정하,0,0,0,Verb,自立,*,語基2,*,정하다03,정하,定하,*,B,VV
정하여,0,0,0,Verb,自立,*,語基3,*,정하다03,정하여,定하여,*,B,VV
정해,0,0,0,Verb,自立,*,語基3,*,정하다03,정해,定해,*,B,VV
정해지,0,0,0,Verb,自立,*,語基1,*,정해지다,정해지,定해지,*,B,VV
정해지,0,0,0,Verb,自立,*,語基2,*,정해지다,정해지,定해지,*,B,VV
정해져,0,0,0,Verb,自立,*,語基3,*,정해지다,정해져,定해져,*,B,VV
정해지어,0,0,0,Verb,自立,*,語基3,*,정해지다,정해지어,定해지어,*,B,VV
젖,0,0,0,Verb,自立,*,語基1,*,젖다01,젖,*,*,B,VV
젖으,0,0,0,Verb,自立,*,語基2,*,젖다01,젖으,*,*,B,VV
젖어,0,0,0,Verb,自立,*,語基3,*,젖다01,젖어,*,*,B,VV
졸,0,0,0,Verb,自立,ㄹ語幹,語基1,*,졸다01,졸,*,*,B,VV
조,0,0,0,Verb,自立,ㄹ語幹-脱落形,語基1,*,졸다01,조,*,*,B,VV
졸,0,0,0,Verb,自立,ㄹ語幹,語基2,*,졸다01,졸,*,*,B,VV
조,0,0,0,Verb,自立,ㄹ語幹-脱落形,語基2,*,졸다01,조,*,*,B,VV
졸아,0,0,0,Verb,自立,ㄹ語幹,語基3,*,졸다01,졸아,*,*,B,VV
좋아지,0,0,0,Verb,自立,*,語基1,*,좋아지다,좋아지,*,*,B,VV
좋아지,0,0,0,Verb,自立,*,語基2,*,좋아지다,좋아지,*,*,B,VV
좋아져,0,0,0,Verb,自立,*,語基3,*,좋아지다,좋아져,*,*,B,VV
좋아지어,0,0,0,Verb,自立,*,語基3,*,좋아지다,좋아지어,*,*,B,VV
주무시,0,0,0,Verb,自立,*,語基1,*,주무시다,주무시,*,*,B,VV
주무시,0,0,0,Verb,自立,*,語基2,*,주무시다,주무시,*,*,B,VV
주무셔,0,0,0,Verb,自立,*,語基3,*,주무시다,주무셔,*,*,B,VV
주무시어,0,0,0,Verb,自立,*,語基3,*,주무시다,주무시어,*,*,B,VV
주무세,0,0,0,Verb,自立,*,語基3,*,주무시다,주무세,*,*,B,VV
죽이,0,0,0,Verb,自立,*,語基1,*,죽이다01,죽이,*,굶겨 ~,B,VV
죽이,0,0,0,Verb,自立,*,語基2,*,죽이다01,죽이,*,굶겨 ~,B,VV
죽여,0,0,0,Verb,自立,*,語基3,*,죽이다01,죽여,*,굶겨 ~,B,VV
죽이어,0,0,0,Verb,自立,*,語基3,*,죽이다01,죽이어,*,굶겨 ~,B,VV
줄,0,0,0,Verb,自立,ㄹ語幹,語基1,*,줄다,줄,*,*,B,VV
주,0,0,0,Verb,自立,ㄹ語幹-脱落形,語基1,*,줄다,주,*,*,B,VV
줄,0,0,0,Verb,自立,ㄹ語幹,語基2,*,줄다,줄,*,*,B,VV
주,0,0,0,Verb,自立,ㄹ語幹-脱落形,語基2,*,줄다,주,*,*,B,VV
줄어,0,0,0,Verb,自立,ㄹ語幹,語基3,*,줄다,줄어,*,*,B,VV
줄이,0,0,0,Verb,自立,*,語基1,*,줄이다,줄이,*,*,B,VV
줄이,0,0,0,Verb,自立,*,語基2,*,줄이다,줄이,*,*,B,VV
줄여,0,0,0,Verb,自立,*,語基3,*,줄이다,줄여,*,*,B,VV
줄이어,0,0,0,Verb,自立,*,語基3,*,줄이다,줄이어,*,*,B,VV
줍,0,0,0,Verb,自立,ㅂ変則,語基1,*,줍다01,줍,*,*,B,VV
주우,0,0,0,Verb,自立,ㅂ変則,語基2,*,줍다01,주우,*,*,B,VV
주워,0,0,0,Verb,自立,ㅂ変則,語基3,*,줍다01,주워,*,*,B,VV
쥐,0,0,0,Verb,自立,*,語基1,*,쥐다01,쥐,*,주먹을 ~,B,VV
쥐,0,0,0,Verb,自立,*,語基2,*,쥐다01,쥐,*,주먹을 ~,B,VV
쥐어,0,0,0,Verb,自立,*,語基3,*,쥐다01,쥐어,*,주먹을 ~,B,VV
즐기,0,0,0,Verb,自立,*,語基1,*,즐기다01,즐기,*,*,B,VV
즐기,0,0,0,Verb,自立,*,語基2,*,즐기다01,즐기,*,*,B,VV
즐겨,0,0,0,Verb,自立,*,語基3,*,즐기다01,즐겨,*,*,B,VV
즐기어,0,0,0,Verb,自立,*,語基3,*,즐기다01,즐기어,*,*,B,VV
지나가,0,0,0,Verb,自立,*,語基1,*,지나가다,지나가,*,*,B,VV
지나가,0,0,0,Verb,自立,*,語基2,*,지나가다,지나가,*,*,B,VV
지나가,0,0,0,Verb,自立,*,語基3,*,지나가다,지나가,*,*,B,VV
지나,0,0,0,Verb,自立,*,語基1,*,지나다,지나,*,*,B,VV
지나,0,0,0,Verb,自立,*,語基2,*,지나다,지나,*,*,B,VV
지나,0,0,0,Verb,自立,*,語基3,*,지나다,지나,*,*,B,VV
지,0,0,0,Verb,自立,*,語基1,*,지다02,지,*,해가 ~,B,VV
지,0,0,0,Verb,自立,*,語基2,*,지다02,지,*,해가 ~,B,VV
져,0,0,0,Verb,自立,*,語基3,*,지다02,져,*,해가 ~,B,VV
지어,0,0,0,Verb,自立,*,語基3,*,지다02,지어,*,해가 ~,B,VV
지,0,0,0,Verb,自立,*,語基1,*,지다03,지,*,전쟁에 ~,B,VV
지,0,0,0,Verb,自立,*,語基2,*,지다03,지,*,전쟁에 ~,B,VV
져,0,0,0,Verb,自立,*,語基3,*,지다03,져,*,전쟁에 ~,B,VV
지어,0,0,0,Verb,自立,*,語基3,*,지다03,지어,*,전쟁에 ~,B,VV
지,0,0,0,Verb,自立,*,語基1,*,지다05,지,*,등에 ~,B,VV
지,0,0,0,Verb,自立,*,語基2,*,지다05,지,*,등에 ~,B,VV
져,0,0,0,Verb,自立,*,語基3,*,지다05,져,*,등에 ~,B,VV
지어,0,0,0,Verb,自立,*,語基3,*,지다05,지어,*,등에 ~,B,VV
지르,0,0,0,Verb,自立,르変則,語基1,*,지르다03,지르,*,소리를 ~,B,VV
지르,0,0,0,Verb,自立,르変則,語基2,*,지르다03,지르,*,소리를 ~,B,VV
질러,0,0,0,Verb,自立,르変則,語基3,*,지르다03,질러,*,소리를 ~,B,VV
지치,0,0,0,Verb,自立,*,語基1,*,지치다01,지치,*,일에 ~,B,VV
지치,0,0,0,Verb,自立,*,語基2,*,지치다01,지치,*,일에 ~,B,VV
지쳐,0,0,0,Verb,自立,*,語基3,*,지치다01,지쳐,*,일에 ~,B,VV
지치어,0,0,0,Verb,自立,*,語基3,*,지치다01,지치어,*,일에 ~,B,VV
지키,0,0,0,Verb,自立,*,語基1,*,지키다01,지키,*,*,B,VV
지키,0,0,0,Verb,自立,*,語基2,*,지키다01,지키,*,*,B,VV
지켜,0,0,0,Verb,自立,*,語基3,*,지키다01,지켜,*,*,B,VV
지키어,0,0,0,Verb,自立,*,語基3,*,지키다01,지키어,*,*,B,VV
집,0,0,0,Verb,自立,*,語基1,*,집다01,집,*,*,B,VV
집으,0,0,0,Verb,自立,*,語基2,*,집다01,집으,*,*,B,VV
집어,0,0,0,Verb,自立,*,語基3,*,집다01,집어,*,*,B,VV
짓,0,0,0,Verb,自立,ㅅ変則,語基1,*,짓다01,짓,*,*,B,VV
지으,0,0,0,Verb,自立,ㅅ変則,語基2,*,짓다01,지으,*,*,B,VV
지어,0,0,0,Verb,自立,ㅅ変則,語基3,*,짓다01,지어,*,*,B,VV
짧아지,0,0,0,Verb,自立,*,語基1,*,짧아지다,짧아지,*,*,B,VV
짧아지,0,0,0,Verb,自立,*,語基2,*,짧아지다,짧아지,*,*,B,VV
짧아져,0,0,0,Verb,自立,*,語基3,*,짧아지다,짧아져,*,*,B,VV
짧아지어,0,0,0,Verb,自立,*,語基3,*,짧아지다,짧아지어,*,*,B,VV
찌,0,0,0,Verb,自立,*,語基1,*,찌다01,찌,*,살이 ~,B,VV
찌,0,0,0,Verb,自立,*,語基2,*,찌다01,찌,*,살이 ~,B,VV
쪄,0,0,0,Verb,自立,*,語基3,*,찌다01,쪄,*,살이 ~,B,VV
찌어,0,0,0,Verb,自立,*,語基3,*,찌다01,찌어,*,살이 ~,B,VV
찌르,0,0,0,Verb,自立,르変則,語基1,*,찌르다,찌르,*,*,B,VV
찌르,0,0,0,Verb,自立,르変則,語基2,*,찌르다,찌르,*,*,B,VV
찔러,0,0,0,Verb,自立,르変則,語基3,*,찌르다,찔러,*,*,B,VV
차,0,0,0,Verb,自立,*,語基1,*,차다02,차,*,공을 ~,B,VV
차,0,0,0,Verb,自立,*,語基2,*,차다02,차,*,공을 ~,B,VV
차,0,0,0,Verb,自立,*,語基3,*,차다02,차,*,공을 ~,B,VV
차리,0,0,0,Verb,自立,*,語基1,*,차리다,차리,*,*,B,VV
차리,0,0,0,Verb,自立,*,語基2,*,차리다,차리,*,*,B,VV
차려,0,0,0,Verb,自立,*,語基3,*,차리다,차려,*,*,B,VV
차리어,0,0,0,Verb,自立,*,語基3,*,차리다,차리어,*,*,B,VV
참,0,0,0,Verb,自立,*,語基1,*,참다,참,*,*,B,VV
참으,0,0,0,Verb,自立,*,語基2,*,참다,참으,*,*,B,VV
참아,0,0,0,Verb,自立,*,語基3,*,참다,참아,*,*,B,VV
찾아가,0,0,0,Verb,自立,*,語基1,*,찾아가다,찾아가,*,*,B,VV
찾아가,0,0,0,Verb,自立,*,語基2,*,찾아가다,찾아가,*,*,B,VV
찾아가,0,0,0,Verb,自立,*,語基3,*,찾아가다,찾아가,*,*,B,VV
찾아내,0,0,0,Verb,自立,*,語基1,*,찾아내다,찾아내,*,*,B,VV
찾아내,0,0,0,Verb,自立,*,語基2,*,찾아내다,찾아내,*,*,B,VV
찾아내,0,0,0,Verb,自立,*,語基3,*,찾아내다,찾아내,*,*,B,VV
찾아내어,0,0,0,Verb,自立,*,語基3,*,찾아내다,찾아내어,*,*,B,VV
찾아보,0,0,0,Verb,自立,*,語基1,*,찾아보다,찾아보,*,*,B,VV
찾아보,0,0,0,Verb,自立,*,語基2,*,찾아보다,찾아보,*,*,B,VV
찾아보아,0,0,0,Verb,自立,*,語基3,*,찾아보다,찾아보아,*,*,B,VV
찾아봐,0,0,0,Verb,自立,*,語基3,*,찾아보다,찾아봐,*,*,B,VV
찾아오,0,0,0,Verb,自立,*,語基1,*,찾아오다,찾아오,*,*,B,VV
찾아오,0,0,0,Verb,自立,*,語基2,*,찾아오다,찾아오,*,*,B,VV
찾아와,0,0,0,Verb,自立,*,語基3,*,찾아오다,찾아와,*,*,B,VV
채우,0,0,0,Verb,自立,*,語基1,*,채우다03,채우,*,자리를 ~,B,VV
채우,0,0,0,Verb,自立,*,語基2,*,채우다03,채우,*,자리를 ~,B,VV
채워,0,0,0,Verb,自立,*,語基3,*,채우다03,채워,*,자리를 ~,B,VV
챙기,0,0,0,Verb,自立,*,語基1,*,챙기다,챙기,*,*,B,VV
챙기,0,0,0,Verb,自立,*,語基2,*,챙기다,챙기,*,*,B,VV
챙겨,0,0,0,Verb,自立,*,語基3,*,챙기다,챙겨,*,*,B,VV
챙기어,0,0,0,Verb,自立,*,語基3,*,챙기다,챙기어,*,*,B,VV
쳐다보,0,0,0,Verb,自立,*,語基1,*,쳐다보다,쳐다보,*,*,B,VV
쳐다보,0,0,0,Verb,自立,*,語基2,*,쳐다보다,쳐다보,*,*,B,VV
쳐다보아,0,0,0,Verb,自立,*,語基3,*,쳐다보다,쳐다보아,*,*,B,VV
쳐다봐,0,0,0,Verb,自立,*,語基3,*,쳐다보다,쳐다봐,*,*,B,VV
취하,0,0,0,Verb,自立,*,語基1,*,취하다01,취하,取하,*,B,VV
취하,0,0,0,Verb,自立,*,語基2,*,취하다01,취하,取하,*,B,VV
취하여,0,0,0,Verb,自立,*,語基3,*,취하다01,취하여,取하여,*,B,VV
취해,0,0,0,Verb,自立,*,語基3,*,취하다01,취해,取해,*,B,VV
취하,0,0,0,Verb,自立,*,語基1,*,취하다03,취하,醉하,*,B,VV
취하,0,0,0,Verb,自立,*,語基2,*,취하다03,취하,醉하,*,B,VV
취하여,0,0,0,Verb,自立,*,語基3,*,취하다03,취하여,醉하여,*,B,VV
취해,0,0,0,Verb,自立,*,語基3,*,취하다03,취해,醉해,*,B,VV
치우,0,0,0,Verb,自立,*,語基1,*,치우다01,치우,*,*,B,VV
치우,0,0,0,Verb,自立,*,語基2,*,치우다01,치우,*,*,B,VV
치워,0,0,0,Verb,自立,*,語基3,*,치우다01,치워,*,*,B,VV
커지,0,0,0,Verb,自立,*,語基1,*,커지다,커지,*,*,B,VV
커지,0,0,0,Verb,自立,*,語基2,*,커지다,커지,*,*,B,VV
커져,0,0,0,Verb,自立,*,語基3,*,커지다,커져,*,*,B,VV
커지어,0,0,0,Verb,自立,*,語基3,*,커지다,커지어,*,*,B,VV
켜지,0,0,0,Verb,自立,*,語基1,*,켜지다,켜지,*,*,B,VV
켜지,0,0,0,Verb,自立,*,語基2,*,켜지다,켜지,*,*,B,VV
켜져,0,0,0,Verb,自立,*,語基3,*,켜지다,켜져,*,*,B,VV
켜지어,0,0,0,Verb,自立,*,語基3,*,켜지다,켜지어,*,*,B,VV
키우,0,0,0,Verb,自立,*,語基1,*,키우다,키우,*,*,B,VV
키우,0,0,0,Verb,自立,*,語基2,*,키우다,키우,*,*,B,VV
키워,0,0,0,Verb,自立,*,語基3,*,키우다,키워,*,*,B,VV
태우,0,0,0,Verb,自立,*,語基1,*,태우다01,태우,*,쓰레기를 ~,B,VV
태우,0,0,0,Verb,自立,*,語基2,*,태우다01,태우,*,쓰레기를 ~,B,VV
태워,0,0,0,Verb,自立,*,語基3,*,태우다01,태워,*,쓰레기를 ~,B,VV
태우,0,0,0,Verb,自立,*,語基1,*,태우다02,태우,*,차에 ~,B,VV
태우,0,0,0,Verb,自立,*,語基2,*,태우다02,태우,*,차에 ~,B,VV
태워,0,0,0,Verb,自立,*,語基3,*,태우다02,태워,*,차에 ~,B,VV
터뜨리,0,0,0,Verb,自立,*,語基1,*,터뜨리다,터뜨리,*,*,B,VV
터뜨리,0,0,0,Verb,自立,*,語基2,*,터뜨리다,터드리,*,*,B,VV
터뜨려,0,0,0,Verb,自立,*,語基3,*,터뜨리다,터뜨려,*,*,B,VV
터뜨리어,0,0,0,Verb,自立,*,語基3,*,터뜨리다,터뜨리어,*,*,B,VV
털,0,0,0,Verb,自立,ㄹ語幹,語基1,*,털다,털,*,*,B,VV
터,0,0,0,Verb,自立,ㄹ語幹-脱落形,語基1,*,털다,터,*,*,B,VV
털,0,0,0,Verb,自立,ㄹ語幹,語基2,*,털다,털,*,*,B,VV
터,0,0,0,Verb,自立,ㄹ語幹-脱落形,語基2,*,털다,터,*,*,B,VV
털어,0,0,0,Verb,自立,ㄹ語幹,語基3,*,털다,털어,*,*,B,VV
통하,0,0,0,Verb,自立,*,語基1,*,통하다,통하,通하,*,B,VV
통하,0,0,0,Verb,自立,*,語基2,*,통하다,통하,通하,*,B,VV
통하여,0,0,0,Verb,自立,*,語基3,*,통하다,통하여,通하여,*,B,VV
통해,0,0,0,Verb,自立,*,語基3,*,통하다,통해,通해,*,B,VV
틀,0,0,0,Verb,自立,ㄹ語幹,語基1,*,틀다,틀,*,*,B,VV
트,0,0,0,Verb,自立,ㄹ語幹-脱落形,語基1,*,틀다,트,*,*,B,VV
틀,0,0,0,Verb,自立,ㄹ語幹,語基2,*,틀다,틀,*,*,B,VV
트,0,0,0,Verb,自立,ㄹ語幹-脱落形,語基2,*,틀다,트,*,*,B,VV
틀어,0,0,0,Verb,自立,ㄹ語幹,語基3,*,틀다,틀어,*,*,B,VV
틀리,0,0,0,Verb,自立,*,語基1,*,틀리다01,틀리,*,답이 ~,B,VV
틀리,0,0,0,Verb,自立,*,語基2,*,틀리다01,틀리,*,답이 ~,B,VV
틀려,0,0,0,Verb,自立,*,語基3,*,틀리다01,틀려,*,답이 ~,B,VV
틀리어,0,0,0,Verb,自立,*,語基3,*,틀리다01,틀리어,*,답이 ~,B,VV
팔리,0,0,0,Verb,自立,*,語基1,*,팔리다,팔리,*,*,B,VV
팔리,0,0,0,Verb,自立,*,語基2,*,팔리다,팔리,*,*,B,VV
팔려,0,0,0,Verb,自立,*,語基3,*,팔리다,팔려,*,*,B,VV
팔리어,0,0,0,Verb,自立,*,語基3,*,팔리다,팔리어,*,*,B,VV
펴,0,0,0,Verb,自立,*,語基1,*,펴다,펴,*,*,B,VV
펴,0,0,0,Verb,自立,*,語基2,*,펴다,펴,*,*,B,VV
펴,0,0,0,Verb,自立,*,語基3,*,펴다,펴,*,*,B,VV
펼쳐지,0,0,0,Verb,自立,*,語基1,*,펼쳐지다,펼쳐지,*,*,B,VV
펼쳐지,0,0,0,Verb,自立,*,語基2,*,펼쳐지다,펼쳐지,*,*,B,VV
펼쳐져,0,0,0,Verb,自立,*,語基3,*,펼쳐지다,펼쳐져,*,*,B,VV
펼쳐지어,0,0,0,Verb,自立,*,語基3,*,펼쳐지다,펼쳐지어,*,*,B,VV
풀,0,0,0,Verb,自立,ㄹ語幹,語基1,*,풀다,풀,*,*,B,VV
푸,0,0,0,Verb,自立,ㄹ語幹-脱落形,語基1,*,풀다,푸,*,*,B,VV
풀,0,0,0,Verb,自立,ㄹ語幹,語基2,*,풀다,풀,*,*,B,VV
푸,0,0,0,Verb,自立,ㄹ語幹-脱落形,語基2,*,풀다,푸,*,*,B,VV
풀어,0,0,0,Verb,自立,ㄹ語幹,語基3,*,풀다,풀어,*,*,B,VV
풀리,0,0,0,Verb,自立,*,語基1,*,풀리다,풀리,*,*,B,VV
풀리,0,0,0,Verb,自立,*,語基2,*,풀리다,풀리,*,*,B,VV
풀려,0,0,0,Verb,自立,*,語基3,*,풀리다,풀려,*,*,B,VV
풀리어,0,0,0,Verb,自立,*,語基3,*,풀리다,풀리어,*,*,B,VV
피,0,0,0,Verb,自立,*,語基1,*,피다01,피,*,꽃이 ~,B,VV
피,0,0,0,Verb,自立,*,語基2,*,피다01,피,*,꽃이 ~,B,VV
펴,0,0,0,Verb,自立,*,語基3,*,피다01,펴,*,꽃이 ~,B,VV
피어,0,0,0,Verb,自立,*,語基3,*,피다01,피어,*,꽃이 ~,B,VV
합치,0,0,0,Verb,自立,*,語基1,*,합치다,합치,合치,*,B,VV
합치,0,0,0,Verb,自立,*,語基2,*,합치다,합치,合치,*,B,VV
합쳐,0,0,0,Verb,自立,*,語基3,*,합치다,합쳐,合쳐,*,B,VV
합치어,0,0,0,Verb,自立,*,語基3,*,합치다,합치어,合치어,*,B,VV
향하,0,0,0,Verb,自立,*,語基1,*,향하다,향하,向하,*,B,VV
향하,0,0,0,Verb,自立,*,語基2,*,향하다,향하,向하,*,B,VV
향하여,0,0,0,Verb,自立,*,語基3,*,향하다,향하여,向하여,*,B,VV
향해,0,0,0,Verb,自立,*,語基3,*,향하다,향해,向해,*,B,VV
헤어지,0,0,0,Verb,自立,*,語基1,*,헤어지다,헤어지,*,*,B,VV
헤어지,0,0,0,Verb,自立,*,語基2,*,헤어지다,헤어지,*,*,B,VV
헤어져,0,0,0,Verb,自立,*,語基3,*,헤어지다,헤어져,*,*,B,VV
헤어지어,0,0,0,Verb,自立,*,語基3,*,헤어지다,헤어지어,*,*,B,VV
화나,0,0,0,Verb,自立,*,語基1,*,화나다,화나,火나,*,B,VV
화나,0,0,0,Verb,自立,*,語基2,*,화나다,화나,火나,*,B,VV
화나,0,0,0,Verb,自立,*,語基3,*,화나다,화나,火나,*,B,VV
흐르,0,0,0,Verb,自立,르変則,語基1,*,흐르다01,흐르,*,*,B,VV
흐르,0,0,0,Verb,自立,르変則,語基2,*,흐르다01,흐르,*,*,B,VV
흘러,0,0,0,Verb,自立,르変則,語基3,*,흐르다01,흘러,*,*,B,VV
흔들,0,0,0,Verb,自立,ㄹ語幹,語基1,*,흔들다,흔들,*,*,B,VV
흔드,0,0,0,Verb,自立,ㄹ語幹-脱落形,語基1,*,흔들다,흔드,*,*,B,VV
흔들,0,0,0,Verb,自立,ㄹ語幹,語基2,*,흔들다,흔들,*,*,B,VV
흔드,0,0,0,Verb,自立,ㄹ語幹-脱落形,語基2,*,흔들다,흔드,*,*,B,VV
흔들어,0,0,0,Verb,自立,ㄹ語幹,語基3,*,흔들다,흔들어,*,*,B,VV
흘러가,0,0,0,Verb,自立,*,語基1,*,흘러가다,흘러가,*,*,B,VV
흘러가,0,0,0,Verb,自立,*,語基2,*,흘러가다,흘러가,*,*,B,VV
흘러가,0,0,0,Verb,自立,*,語基3,*,흘러가다,흘러가,*,*,B,VV
흘러나오,0,0,0,Verb,自立,*,語基1,*,흘러나오다,흘러나오,*,*,B,VV
흘러나오,0,0,0,Verb,自立,*,語基2,*,흘러나오다,흘러나오,*,*,B,VV
흘러나와,0,0,0,Verb,自立,*,語基3,*,흘러나오다,흘러나와,*,*,B,VV
흘리,0,0,0,Verb,自立,*,語基1,*,흘리다,흘리,*,*,B,VV
흘리,0,0,0,Verb,自立,*,語基2,*,흘리다,흘리,*,*,B,VV
흘려,0,0,0,Verb,自立,*,語基3,*,흘리다,흘려,*,*,B,VV
흘리어,0,0,0,Verb,自立,*,語基3,*,흘리다,흘리어,*,*,B,VV
